ISO-10303-21;
HEADER;
FILE_DESCRIPTION(('FreeCAD Model'),'2;1');
FILE_NAME('Open CASCADE Shape Model','2026-08-20T21:05:52',(''),(''),
  'Open CASCADE STEP processor 7.9','FreeCAD','Unknown');
FILE_SCHEMA(('AUTOMOTIVE_DESIGN { 1 0 10303 214 1 1 1 1 }'));
ENDSEC;
DATA;
#1 = APPLICATION_PROTOCOL_DEFINITION('international standard',
  'automotive_design',2000,#2);
#2 = APPLICATION_CONTEXT(
  'core data for automotive mechanical design processes');
#3 = SHAPE_DEFINITION_REPRESENTATION(#4,#10);
#4 = PRODUCT_DEFINITION_SHAPE('','',#5);
#5 = PRODUCT_DEFINITION('design','',#6,#9);
#6 = PRODUCT_DEFINITION_FORMATION('','',#7);
#7 = PRODUCT('Body','Body','',(#8));
#8 = PRODUCT_CONTEXT('',#2,'mechanical');
#9 = PRODUCT_DEFINITION_CONTEXT('part definition',#2,'design');
#10 = ADVANCED_BREP_SHAPE_REPRESENTATION('',(#11,#15),#3660);
#11 = AXIS2_PLACEMENT_3D('',#12,#13,#14);
#12 = CARTESIAN_POINT('',(0.,0.,0.));
#13 = DIRECTION('',(0.,0.,1.));
#14 = DIRECTION('',(1.,0.,-0.));
#15 = MANIFOLD_SOLID_BREP('',#16);
#16 = CLOSED_SHELL('',(#17,#912,#943,#968,#992,#1016,#1040,#1064,#1088,
    #1112,#1136,#1160,#1184,#1208,#1232,#1256,#1280,#1304,#1328,#1352,
    #1376,#1400,#1424,#1448,#1473,#1497,#1521,#1545,#1569,#1593,#1617,
    #1641,#1665,#1689,#1713,#1737,#1761,#1786,#1810,#1834,#1858,#1882,
    #1906,#1930,#1954,#1978,#2002,#2019,#2050,#2074,#2098,#2122,#2146,
    #2170,#2194,#2211,#2242,#2266,#2290,#2314,#2338,#2362,#2386,#2410,
    #2434,#2458,#2482,#2499,#2530,#2554,#2578,#2602,#2626,#2650,#2674,
    #2698,#2722,#2746,#2770,#2787,#2818,#2842,#2866,#2890,#2914,#2938,
    #2955,#2986,#3010,#3034,#3058,#3082,#3106,#3130,#3154,#3178,#3202,
    #3226,#3243,#3274,#3298,#3322,#3346,#3370,#3394,#3418,#3442,#3466,
    #3490,#3514,#3531));
#17 = ADVANCED_FACE('',(#18,#391,#457,#555,#653,#711,#809),#907,.T.);
#18 = FACE_BOUND('',#19,.T.);
#19 = EDGE_LOOP('',(#20,#30,#38,#46,#54,#62,#70,#78,#86,#94,#102,#110,
    #119,#127,#135,#143,#151,#159,#167,#175,#183,#191,#199,#207,#215,
    #223,#231,#239,#247,#256,#264,#272,#280,#288,#296,#304,#312,#320,
    #328,#336,#344,#352,#360,#368,#376,#384));
#20 = ORIENTED_EDGE('',*,*,#21,.F.);
#21 = EDGE_CURVE('',#22,#24,#26,.T.);
#22 = VERTEX_POINT('',#23);
#23 = CARTESIAN_POINT('',(40.,-1.043386809536E-38,-4.698996446628E-23));
#24 = VERTEX_POINT('',#25);
#25 = CARTESIAN_POINT('',(40.,5.438419371119E-15,24.492463453257));
#26 = LINE('',#27,#28);
#27 = CARTESIAN_POINT('',(40.,-1.043386809536E-38,-4.698996446628E-23));
#28 = VECTOR('',#29,1.);
#29 = DIRECTION('',(0.,2.22044604925E-16,1.));
#30 = ORIENTED_EDGE('',*,*,#31,.F.);
#31 = EDGE_CURVE('',#32,#22,#34,.T.);
#32 = VERTEX_POINT('',#33);
#33 = CARTESIAN_POINT('',(22.5,-4.556396341245E-39,-2.052018486458E-23)
  );
#34 = LINE('',#35,#36);
#35 = CARTESIAN_POINT('',(22.5,-1.043386809536E-38,-4.698996446628E-23)
  );
#36 = VECTOR('',#37,1.);
#37 = DIRECTION('',(1.,0.,0.));
#38 = ORIENTED_EDGE('',*,*,#39,.F.);
#39 = EDGE_CURVE('',#40,#32,#42,.T.);
#40 = VERTEX_POINT('',#41);
#41 = CARTESIAN_POINT('',(22.5,1.554312234475E-15,7.));
#42 = LINE('',#43,#44);
#43 = CARTESIAN_POINT('',(22.5,1.554312234475E-15,7.));
#44 = VECTOR('',#45,1.);
#45 = DIRECTION('',(0.,-2.22044604925E-16,-1.));
#46 = ORIENTED_EDGE('',*,*,#47,.F.);
#47 = EDGE_CURVE('',#48,#40,#50,.T.);
#48 = VERTEX_POINT('',#49);
#49 = CARTESIAN_POINT('',(30.,1.554312234475E-15,7.));
#50 = LINE('',#51,#52);
#51 = CARTESIAN_POINT('',(30.,1.554312234475E-15,7.));
#52 = VECTOR('',#53,1.);
#53 = DIRECTION('',(-1.,0.,0.));
#54 = ORIENTED_EDGE('',*,*,#55,.F.);
#55 = EDGE_CURVE('',#56,#48,#58,.T.);
#56 = VERTEX_POINT('',#57);
#57 = CARTESIAN_POINT('',(30.,3.330669073875E-15,15.));
#58 = LINE('',#59,#60);
#59 = CARTESIAN_POINT('',(30.,3.330669073875E-15,15.));
#60 = VECTOR('',#61,1.);
#61 = DIRECTION('',(0.,-2.22044604925E-16,-1.));
#62 = ORIENTED_EDGE('',*,*,#63,.F.);
#63 = EDGE_CURVE('',#64,#56,#66,.T.);
#64 = VERTEX_POINT('',#65);
#65 = CARTESIAN_POINT('',(-30.,3.330669073875E-15,15.));
#66 = LINE('',#67,#68);
#67 = CARTESIAN_POINT('',(-30.,3.330669073875E-15,15.));
#68 = VECTOR('',#69,1.);
#69 = DIRECTION('',(1.,0.,0.));
#70 = ORIENTED_EDGE('',*,*,#71,.F.);
#71 = EDGE_CURVE('',#72,#64,#74,.T.);
#72 = VERTEX_POINT('',#73);
#73 = CARTESIAN_POINT('',(-30.,1.554312234475E-15,7.));
#74 = LINE('',#75,#76);
#75 = CARTESIAN_POINT('',(-30.,1.554312234475E-15,7.));
#76 = VECTOR('',#77,1.);
#77 = DIRECTION('',(0.,2.22044604925E-16,1.));
#78 = ORIENTED_EDGE('',*,*,#79,.F.);
#79 = EDGE_CURVE('',#80,#72,#82,.T.);
#80 = VERTEX_POINT('',#81);
#81 = CARTESIAN_POINT('',(-22.5,1.554312234475E-15,7.));
#82 = LINE('',#83,#84);
#83 = CARTESIAN_POINT('',(-22.5,1.554312234475E-15,7.));
#84 = VECTOR('',#85,1.);
#85 = DIRECTION('',(-1.,0.,0.));
#86 = ORIENTED_EDGE('',*,*,#87,.F.);
#87 = EDGE_CURVE('',#88,#80,#90,.T.);
#88 = VERTEX_POINT('',#89);
#89 = CARTESIAN_POINT('',(-22.5,0.,0.));
#90 = LINE('',#91,#92);
#91 = CARTESIAN_POINT('',(-22.5,0.,0.));
#92 = VECTOR('',#93,1.);
#93 = DIRECTION('',(0.,2.22044604925E-16,1.));
#94 = ORIENTED_EDGE('',*,*,#95,.F.);
#95 = EDGE_CURVE('',#96,#88,#98,.T.);
#96 = VERTEX_POINT('',#97);
#97 = CARTESIAN_POINT('',(-40.,0.,0.));
#98 = LINE('',#99,#100);
#99 = CARTESIAN_POINT('',(-40.,0.,0.));
#100 = VECTOR('',#101,1.);
#101 = DIRECTION('',(1.,0.,0.));
#102 = ORIENTED_EDGE('',*,*,#103,.F.);
#103 = EDGE_CURVE('',#104,#96,#106,.T.);
#104 = VERTEX_POINT('',#105);
#105 = CARTESIAN_POINT('',(-40.,5.438419371119E-15,24.492463453257));
#106 = LINE('',#107,#108);
#107 = CARTESIAN_POINT('',(-40.,5.551115123126E-15,25.));
#108 = VECTOR('',#109,1.);
#109 = DIRECTION('',(0.,-2.22044604925E-16,-1.));
#110 = ORIENTED_EDGE('',*,*,#111,.F.);
#111 = EDGE_CURVE('',#112,#104,#114,.T.);
#112 = VERTEX_POINT('',#113);
#113 = CARTESIAN_POINT('',(-39.8980135032,5.661512186142E-15,
    25.497184171864));
#114 = CIRCLE('',#115,5.);
#115 = AXIS2_PLACEMENT_3D('',#116,#117,#118);
#116 = CARTESIAN_POINT('',(-35.,5.438419371119E-15,24.492463453257));
#117 = DIRECTION('',(0.,-1.,2.22044604925E-16));
#118 = DIRECTION('',(0.,-2.22044604925E-16,-1.));
#119 = ORIENTED_EDGE('',*,*,#120,.T.);
#120 = EDGE_CURVE('',#112,#121,#123,.T.);
#121 = VERTEX_POINT('',#122);
#122 = CARTESIAN_POINT('',(-34.93894384588,1.102954366757E-14,
    49.672648751336));
#123 = LINE('',#124,#125);
#124 = CARTESIAN_POINT('',(-40.,5.551115123126E-15,25.));
#125 = VECTOR('',#126,1.);
#126 = DIRECTION('',(0.200944143721,2.175154946474E-16,0.979602700641));
#127 = ORIENTED_EDGE('',*,*,#128,.F.);
#128 = EDGE_CURVE('',#129,#121,#131,.T.);
#129 = VERTEX_POINT('',#130);
#130 = CARTESIAN_POINT('',(-32.93030544327,1.15463194561E-14,52.));
#131 = LINE('',#132,#133);
#132 = CARTESIAN_POINT('',(-32.93030544327,1.15463194561E-14,52.));
#133 = VECTOR('',#134,1.);
#134 = DIRECTION('',(-0.653368913008,-1.680965746667E-16,-0.757039671031
    ));
#135 = ORIENTED_EDGE('',*,*,#136,.F.);
#136 = EDGE_CURVE('',#137,#129,#139,.T.);
#137 = VERTEX_POINT('',#138);
#138 = CARTESIAN_POINT('',(-34.15384615384,1.187938636349E-14,53.5));
#139 = LINE('',#140,#141);
#140 = CARTESIAN_POINT('',(-34.15384615384,1.187938636349E-14,53.5));
#141 = VECTOR('',#142,1.);
#142 = DIRECTION('',(0.632082216282,-1.720626597653E-16,-0.774901330403)
  );
#143 = ORIENTED_EDGE('',*,*,#144,.T.);
#144 = EDGE_CURVE('',#137,#145,#147,.T.);
#145 = VERTEX_POINT('',#146);
#146 = CARTESIAN_POINT('',(-29.40048230741,1.702474800055E-14,
    76.672648751335));
#147 = LINE('',#148,#149);
#148 = CARTESIAN_POINT('',(-34.15384615384,1.187938636349E-14,53.5));
#149 = VECTOR('',#150,1.);
#150 = DIRECTION('',(0.200944143721,2.175154946474E-16,0.979602700641));
#151 = ORIENTED_EDGE('',*,*,#152,.F.);
#152 = EDGE_CURVE('',#153,#145,#155,.T.);
#153 = VERTEX_POINT('',#154);
#154 = CARTESIAN_POINT('',(-27.39184390481,1.754152378908E-14,79.));
#155 = LINE('',#156,#157);
#156 = CARTESIAN_POINT('',(-27.39184390481,1.754152378908E-14,79.));
#157 = VECTOR('',#158,1.);
#158 = DIRECTION('',(-0.653368913008,-1.680965746667E-16,-0.757039671031
    ));
#159 = ORIENTED_EDGE('',*,*,#160,.F.);
#160 = EDGE_CURVE('',#161,#153,#163,.T.);
#161 = VERTEX_POINT('',#162);
#162 = CARTESIAN_POINT('',(-28.61538461538,1.787459069647E-14,80.5));
#163 = LINE('',#164,#165);
#164 = CARTESIAN_POINT('',(-28.61538461538,1.787459069647E-14,80.5));
#165 = VECTOR('',#166,1.);
#166 = DIRECTION('',(0.632082216282,-1.720626597653E-16,-0.774901330403)
  );
#167 = ORIENTED_EDGE('',*,*,#168,.T.);
#168 = EDGE_CURVE('',#161,#169,#171,.T.);
#169 = VERTEX_POINT('',#170);
#170 = CARTESIAN_POINT('',(-23.86202076895,2.301995233352E-14,
    103.67264875133));
#171 = LINE('',#172,#173);
#172 = CARTESIAN_POINT('',(-28.61538461538,1.787459069647E-14,80.5));
#173 = VECTOR('',#174,1.);
#174 = DIRECTION('',(0.200944143721,2.175154946474E-16,0.979602700641));
#175 = ORIENTED_EDGE('',*,*,#176,.F.);
#176 = EDGE_CURVE('',#177,#169,#179,.T.);
#177 = VERTEX_POINT('',#178);
#178 = CARTESIAN_POINT('',(-21.85338236635,2.353672812205E-14,106.));
#179 = LINE('',#180,#181);
#180 = CARTESIAN_POINT('',(-21.85338236635,2.353672812205E-14,106.));
#181 = VECTOR('',#182,1.);
#182 = DIRECTION('',(-0.653368913008,-1.680965746667E-16,-0.757039671031
    ));
#183 = ORIENTED_EDGE('',*,*,#184,.F.);
#184 = EDGE_CURVE('',#185,#177,#187,.T.);
#185 = VERTEX_POINT('',#186);
#186 = CARTESIAN_POINT('',(-23.07692307692,2.386979502944E-14,107.5));
#187 = LINE('',#188,#189);
#188 = CARTESIAN_POINT('',(-23.07692307692,2.386979502944E-14,107.5));
#189 = VECTOR('',#190,1.);
#190 = DIRECTION('',(0.632082216282,-1.720626597653E-16,-0.774901330403)
  );
#191 = ORIENTED_EDGE('',*,*,#192,.T.);
#192 = EDGE_CURVE('',#185,#193,#195,.T.);
#193 = VERTEX_POINT('',#194);
#194 = CARTESIAN_POINT('',(-18.32355923049,2.90151566665E-14,
    130.67264875133));
#195 = LINE('',#196,#197);
#196 = CARTESIAN_POINT('',(-23.07692307692,2.386979502944E-14,107.5));
#197 = VECTOR('',#198,1.);
#198 = DIRECTION('',(0.200944143721,2.175154946474E-16,0.979602700641));
#199 = ORIENTED_EDGE('',*,*,#200,.F.);
#200 = EDGE_CURVE('',#201,#193,#203,.T.);
#201 = VERTEX_POINT('',#202);
#202 = CARTESIAN_POINT('',(-16.31492082789,2.953193245503E-14,133.));
#203 = LINE('',#204,#205);
#204 = CARTESIAN_POINT('',(-16.31492082789,2.953193245503E-14,133.));
#205 = VECTOR('',#206,1.);
#206 = DIRECTION('',(-0.653368913008,-1.680965746667E-16,-0.757039671031
    ));
#207 = ORIENTED_EDGE('',*,*,#208,.F.);
#208 = EDGE_CURVE('',#209,#201,#211,.T.);
#209 = VERTEX_POINT('',#210);
#210 = CARTESIAN_POINT('',(-17.53846153846,2.986499936242E-14,134.5));
#211 = LINE('',#212,#213);
#212 = CARTESIAN_POINT('',(-17.53846153846,2.986499936242E-14,134.5));
#213 = VECTOR('',#214,1.);
#214 = DIRECTION('',(0.632082216282,-1.720626597653E-16,-0.774901330403)
  );
#215 = ORIENTED_EDGE('',*,*,#216,.T.);
#216 = EDGE_CURVE('',#209,#217,#219,.T.);
#217 = VERTEX_POINT('',#218);
#218 = CARTESIAN_POINT('',(-12.78509769203,3.501036099947E-14,
    157.67264875133));
#219 = LINE('',#220,#221);
#220 = CARTESIAN_POINT('',(-17.53846153846,2.986499936242E-14,134.5));
#221 = VECTOR('',#222,1.);
#222 = DIRECTION('',(0.200944143721,2.175154946474E-16,0.979602700641));
#223 = ORIENTED_EDGE('',*,*,#224,.T.);
#224 = EDGE_CURVE('',#217,#225,#227,.T.);
#225 = VERTEX_POINT('',#226);
#226 = CARTESIAN_POINT('',(-10.77645928943,3.552713678801E-14,160.));
#227 = LINE('',#228,#229);
#228 = CARTESIAN_POINT('',(-12.78509769203,3.501036099947E-14,
    157.67264875133));
#229 = VECTOR('',#230,1.);
#230 = DIRECTION('',(0.653368913008,1.680965746667E-16,0.757039671031));
#231 = ORIENTED_EDGE('',*,*,#232,.T.);
#232 = EDGE_CURVE('',#225,#233,#235,.T.);
#233 = VERTEX_POINT('',#234);
#234 = CARTESIAN_POINT('',(-12.,3.586020369539E-14,161.5));
#235 = LINE('',#236,#237);
#236 = CARTESIAN_POINT('',(-10.77645928943,3.552713678801E-14,160.));
#237 = VECTOR('',#238,1.);
#238 = DIRECTION('',(-0.632082216282,1.720626597653E-16,0.774901330403)
  );
#239 = ORIENTED_EDGE('',*,*,#240,.T.);
#240 = EDGE_CURVE('',#233,#241,#243,.T.);
#241 = VERTEX_POINT('',#242);
#242 = CARTESIAN_POINT('',(-0.979602700641,4.77894250471E-14,
    215.22443683437));
#243 = LINE('',#244,#245);
#244 = CARTESIAN_POINT('',(-12.,3.586020369539E-14,161.5));
#245 = VECTOR('',#246,1.);
#246 = DIRECTION('',(0.200944143721,2.175154946474E-16,0.979602700641));
#247 = ORIENTED_EDGE('',*,*,#248,.F.);
#248 = EDGE_CURVE('',#249,#241,#251,.T.);
#249 = VERTEX_POINT('',#250);
#250 = CARTESIAN_POINT('',(0.979602700641,4.77894250471E-14,
    215.22443683437));
#251 = CIRCLE('',#252,1.);
#252 = AXIS2_PLACEMENT_3D('',#253,#254,#255);
#253 = CARTESIAN_POINT('',(-5.329070518201E-15,4.77448064841E-14,
    215.02349269065));
#254 = DIRECTION('',(0.,-1.,2.22044604925E-16));
#255 = DIRECTION('',(0.,-2.22044604925E-16,-1.));
#256 = ORIENTED_EDGE('',*,*,#257,.T.);
#257 = EDGE_CURVE('',#249,#258,#260,.T.);
#258 = VERTEX_POINT('',#259);
#259 = CARTESIAN_POINT('',(12.,3.586020369539E-14,161.5));
#260 = LINE('',#261,#262);
#261 = CARTESIAN_POINT('',(0.,4.884981308351E-14,220.));
#262 = VECTOR('',#263,1.);
#263 = DIRECTION('',(0.200944143721,-2.175154946474E-16,-0.979602700641)
  );
#264 = ORIENTED_EDGE('',*,*,#265,.T.);
#265 = EDGE_CURVE('',#258,#266,#268,.T.);
#266 = VERTEX_POINT('',#267);
#267 = CARTESIAN_POINT('',(10.776459289431,3.552713678801E-14,160.));
#268 = LINE('',#269,#270);
#269 = CARTESIAN_POINT('',(12.,3.586020369539E-14,161.5));
#270 = VECTOR('',#271,1.);
#271 = DIRECTION('',(-0.632082216282,-1.720626597653E-16,-0.774901330403
    ));
#272 = ORIENTED_EDGE('',*,*,#273,.T.);
#273 = EDGE_CURVE('',#266,#274,#276,.T.);
#274 = VERTEX_POINT('',#275);
#275 = CARTESIAN_POINT('',(12.785097692034,3.501036099947E-14,
    157.67264875133));
#276 = LINE('',#277,#278);
#277 = CARTESIAN_POINT('',(10.776459289431,3.552713678801E-14,160.));
#278 = VECTOR('',#279,1.);
#279 = DIRECTION('',(0.653368913008,-1.680965746667E-16,-0.757039671031)
  );
#280 = ORIENTED_EDGE('',*,*,#281,.T.);
#281 = EDGE_CURVE('',#274,#282,#284,.T.);
#282 = VERTEX_POINT('',#283);
#283 = CARTESIAN_POINT('',(17.538461538462,2.986499936242E-14,134.5));
#284 = LINE('',#285,#286);
#285 = CARTESIAN_POINT('',(12.785097692034,3.501036099947E-14,
    157.67264875133));
#286 = VECTOR('',#287,1.);
#287 = DIRECTION('',(0.200944143721,-2.175154946474E-16,-0.979602700641)
  );
#288 = ORIENTED_EDGE('',*,*,#289,.T.);
#289 = EDGE_CURVE('',#282,#290,#292,.T.);
#290 = VERTEX_POINT('',#291);
#291 = CARTESIAN_POINT('',(16.314920827893,2.953193245503E-14,133.));
#292 = LINE('',#293,#294);
#293 = CARTESIAN_POINT('',(17.538461538462,2.986499936242E-14,134.5));
#294 = VECTOR('',#295,1.);
#295 = DIRECTION('',(-0.632082216282,-1.720626597653E-16,-0.774901330403
    ));
#296 = ORIENTED_EDGE('',*,*,#297,.T.);
#297 = EDGE_CURVE('',#290,#298,#300,.T.);
#298 = VERTEX_POINT('',#299);
#299 = CARTESIAN_POINT('',(18.323559230495,2.90151566665E-14,
    130.67264875133));
#300 = LINE('',#301,#302);
#301 = CARTESIAN_POINT('',(16.314920827893,2.953193245503E-14,133.));
#302 = VECTOR('',#303,1.);
#303 = DIRECTION('',(0.653368913008,-1.680965746667E-16,-0.757039671031)
  );
#304 = ORIENTED_EDGE('',*,*,#305,.T.);
#305 = EDGE_CURVE('',#298,#306,#308,.T.);
#306 = VERTEX_POINT('',#307);
#307 = CARTESIAN_POINT('',(23.076923076923,2.386979502944E-14,107.5));
#308 = LINE('',#309,#310);
#309 = CARTESIAN_POINT('',(18.323559230495,2.90151566665E-14,
    130.67264875133));
#310 = VECTOR('',#311,1.);
#311 = DIRECTION('',(0.200944143721,-2.175154946474E-16,-0.979602700641)
  );
#312 = ORIENTED_EDGE('',*,*,#313,.T.);
#313 = EDGE_CURVE('',#306,#314,#316,.T.);
#314 = VERTEX_POINT('',#315);
#315 = CARTESIAN_POINT('',(21.853382366354,2.353672812205E-14,106.));
#316 = LINE('',#317,#318);
#317 = CARTESIAN_POINT('',(23.076923076923,2.386979502944E-14,107.5));
#318 = VECTOR('',#319,1.);
#319 = DIRECTION('',(-0.632082216282,-1.720626597653E-16,-0.774901330403
    ));
#320 = ORIENTED_EDGE('',*,*,#321,.T.);
#321 = EDGE_CURVE('',#314,#322,#324,.T.);
#322 = VERTEX_POINT('',#323);
#323 = CARTESIAN_POINT('',(23.862020768957,2.301995233352E-14,
    103.67264875133));
#324 = LINE('',#325,#326);
#325 = CARTESIAN_POINT('',(21.853382366354,2.353672812205E-14,106.));
#326 = VECTOR('',#327,1.);
#327 = DIRECTION('',(0.653368913008,-1.680965746667E-16,-0.757039671031)
  );
#328 = ORIENTED_EDGE('',*,*,#329,.T.);
#329 = EDGE_CURVE('',#322,#330,#332,.T.);
#330 = VERTEX_POINT('',#331);
#331 = CARTESIAN_POINT('',(28.615384615385,1.787459069647E-14,80.5));
#332 = LINE('',#333,#334);
#333 = CARTESIAN_POINT('',(23.862020768957,2.301995233352E-14,
    103.67264875133));
#334 = VECTOR('',#335,1.);
#335 = DIRECTION('',(0.200944143721,-2.175154946474E-16,-0.979602700641)
  );
#336 = ORIENTED_EDGE('',*,*,#337,.T.);
#337 = EDGE_CURVE('',#330,#338,#340,.T.);
#338 = VERTEX_POINT('',#339);
#339 = CARTESIAN_POINT('',(27.391843904816,1.754152378908E-14,79.));
#340 = LINE('',#341,#342);
#341 = CARTESIAN_POINT('',(28.615384615385,1.787459069647E-14,80.5));
#342 = VECTOR('',#343,1.);
#343 = DIRECTION('',(-0.632082216282,-1.720626597653E-16,-0.774901330403
    ));
#344 = ORIENTED_EDGE('',*,*,#345,.T.);
#345 = EDGE_CURVE('',#338,#346,#348,.T.);
#346 = VERTEX_POINT('',#347);
#347 = CARTESIAN_POINT('',(29.400482307419,1.702474800055E-14,
    76.672648751335));
#348 = LINE('',#349,#350);
#349 = CARTESIAN_POINT('',(27.391843904816,1.754152378908E-14,79.));
#350 = VECTOR('',#351,1.);
#351 = DIRECTION('',(0.653368913008,-1.680965746667E-16,-0.757039671031)
  );
#352 = ORIENTED_EDGE('',*,*,#353,.T.);
#353 = EDGE_CURVE('',#346,#354,#356,.T.);
#354 = VERTEX_POINT('',#355);
#355 = CARTESIAN_POINT('',(34.153846153846,1.187938636349E-14,53.5));
#356 = LINE('',#357,#358);
#357 = CARTESIAN_POINT('',(29.400482307419,1.702474800055E-14,
    76.672648751335));
#358 = VECTOR('',#359,1.);
#359 = DIRECTION('',(0.200944143721,-2.175154946474E-16,-0.979602700641)
  );
#360 = ORIENTED_EDGE('',*,*,#361,.T.);
#361 = EDGE_CURVE('',#354,#362,#364,.T.);
#362 = VERTEX_POINT('',#363);
#363 = CARTESIAN_POINT('',(32.930305443277,1.15463194561E-14,52.));
#364 = LINE('',#365,#366);
#365 = CARTESIAN_POINT('',(34.153846153846,1.187938636349E-14,53.5));
#366 = VECTOR('',#367,1.);
#367 = DIRECTION('',(-0.632082216282,-1.720626597653E-16,-0.774901330403
    ));
#368 = ORIENTED_EDGE('',*,*,#369,.T.);
#369 = EDGE_CURVE('',#362,#370,#372,.T.);
#370 = VERTEX_POINT('',#371);
#371 = CARTESIAN_POINT('',(34.93894384588,1.102954366757E-14,
    49.672648751336));
#372 = LINE('',#373,#374);
#373 = CARTESIAN_POINT('',(32.930305443277,1.15463194561E-14,52.));
#374 = VECTOR('',#375,1.);
#375 = DIRECTION('',(0.653368913008,-1.680965746667E-16,-0.757039671031)
  );
#376 = ORIENTED_EDGE('',*,*,#377,.T.);
#377 = EDGE_CURVE('',#370,#378,#380,.T.);
#378 = VERTEX_POINT('',#379);
#379 = CARTESIAN_POINT('',(39.898013503207,5.661512186142E-15,
    25.497184171864));
#380 = LINE('',#381,#382);
#381 = CARTESIAN_POINT('',(34.93894384588,1.102954366757E-14,
    49.672648751336));
#382 = VECTOR('',#383,1.);
#383 = DIRECTION('',(0.200944143721,-2.175154946474E-16,-0.979602700641)
  );
#384 = ORIENTED_EDGE('',*,*,#385,.F.);
#385 = EDGE_CURVE('',#24,#378,#386,.T.);
#386 = CIRCLE('',#387,5.);
#387 = AXIS2_PLACEMENT_3D('',#388,#389,#390);
#388 = CARTESIAN_POINT('',(35.,5.438419371119E-15,24.492463453257));
#389 = DIRECTION('',(0.,-1.,2.22044604925E-16));
#390 = DIRECTION('',(0.,-2.22044604925E-16,-1.));
#391 = FACE_BOUND('',#392,.T.);
#392 = EDGE_LOOP('',(#393,#403,#411,#419,#427,#435,#443,#451));
#393 = ORIENTED_EDGE('',*,*,#394,.T.);
#394 = EDGE_CURVE('',#395,#397,#399,.T.);
#395 = VERTEX_POINT('',#396);
#396 = CARTESIAN_POINT('',(36.937489045896,5.55116221477E-15,
    25.000212081912));
#397 = VERTEX_POINT('',#398);
#398 = CARTESIAN_POINT('',(31.706765093192,1.121325254871E-14,50.5));
#399 = LINE('',#400,#401);
#400 = CARTESIAN_POINT('',(36.937489045896,5.55116221477E-15,
    25.000212081912));
#401 = VECTOR('',#402,1.);
#402 = DIRECTION('',(-0.20094407832,2.175154976263E-16,0.979602714057));
#403 = ORIENTED_EDGE('',*,*,#404,.F.);
#404 = EDGE_CURVE('',#405,#397,#407,.T.);
#405 = VERTEX_POINT('',#406);
#406 = CARTESIAN_POINT('',(24.863341711109,1.121325254871E-14,50.5));
#407 = LINE('',#408,#409);
#408 = CARTESIAN_POINT('',(24.863341711109,1.121325254871E-14,50.5));
#409 = VECTOR('',#410,1.);
#410 = DIRECTION('',(1.,0.,0.));
#411 = ORIENTED_EDGE('',*,*,#412,.F.);
#412 = EDGE_CURVE('',#413,#405,#415,.T.);
#413 = VERTEX_POINT('',#414);
#414 = CARTESIAN_POINT('',(25.409297062508,1.088018564133E-14,49.));
#415 = LINE('',#416,#417);
#416 = CARTESIAN_POINT('',(25.409297062508,1.088018564133E-14,49.));
#417 = VECTOR('',#418,1.);
#418 = DIRECTION('',(-0.342020143326,2.086536767334E-16,0.939692620786)
  );
#419 = ORIENTED_EDGE('',*,*,#420,.F.);
#420 = EDGE_CURVE('',#421,#413,#423,.T.);
#421 = VERTEX_POINT('',#422);
#422 = CARTESIAN_POINT('',(-25.4092970625,1.088018564133E-14,49.));
#423 = LINE('',#424,#425);
#424 = CARTESIAN_POINT('',(-25.4092970625,1.088018564133E-14,49.));
#425 = VECTOR('',#426,1.);
#426 = DIRECTION('',(1.,0.,0.));
#427 = ORIENTED_EDGE('',*,*,#428,.F.);
#428 = EDGE_CURVE('',#429,#421,#431,.T.);
#429 = VERTEX_POINT('',#430);
#430 = CARTESIAN_POINT('',(-24.8633417111,1.121325254871E-14,50.5));
#431 = LINE('',#432,#433);
#432 = CARTESIAN_POINT('',(-24.8633417111,1.121325254871E-14,50.5));
#433 = VECTOR('',#434,1.);
#434 = DIRECTION('',(-0.342020143326,-2.086536767334E-16,-0.939692620786
    ));
#435 = ORIENTED_EDGE('',*,*,#436,.F.);
#436 = EDGE_CURVE('',#437,#429,#439,.T.);
#437 = VERTEX_POINT('',#438);
#438 = CARTESIAN_POINT('',(-31.7067633191,1.121325254871E-14,50.5));
#439 = LINE('',#440,#441);
#440 = CARTESIAN_POINT('',(-31.7067633191,1.121325254871E-14,50.5));
#441 = VECTOR('',#442,1.);
#442 = DIRECTION('',(1.,0.,0.));
#443 = ORIENTED_EDGE('',*,*,#444,.T.);
#444 = EDGE_CURVE('',#437,#445,#447,.T.);
#445 = VERTEX_POINT('',#446);
#446 = CARTESIAN_POINT('',(-36.93748904589,5.55116221477E-15,
    25.000212081912));
#447 = LINE('',#448,#449);
#448 = CARTESIAN_POINT('',(-31.7067633191,1.121325254871E-14,50.5));
#449 = VECTOR('',#450,1.);
#450 = DIRECTION('',(-0.200944143721,-2.175154946474E-16,-0.979602700641
    ));
#451 = ORIENTED_EDGE('',*,*,#452,.F.);
#452 = EDGE_CURVE('',#395,#445,#453,.T.);
#453 = LINE('',#454,#455);
#454 = CARTESIAN_POINT('',(36.937489045896,5.55116221477E-15,
    25.000212081912));
#455 = VECTOR('',#456,1.);
#456 = DIRECTION('',(-1.,0.,0.));
#457 = FACE_BOUND('',#458,.F.);
#458 = EDGE_LOOP('',(#459,#469,#477,#485,#493,#501,#509,#517,#525,#533,
    #541,#549));
#459 = ORIENTED_EDGE('',*,*,#460,.T.);
#460 = EDGE_CURVE('',#461,#463,#465,.T.);
#461 = VERTEX_POINT('',#462);
#462 = CARTESIAN_POINT('',(30.994098215782,1.187938636349E-14,53.5));
#463 = VERTEX_POINT('',#464);
#464 = CARTESIAN_POINT('',(24.863341711109,1.187938636349E-14,53.5));
#465 = LINE('',#466,#467);
#466 = CARTESIAN_POINT('',(30.994098215782,1.187938636349E-14,53.5));
#467 = VECTOR('',#468,1.);
#468 = DIRECTION('',(-1.,0.,0.));
#469 = ORIENTED_EDGE('',*,*,#470,.T.);
#470 = EDGE_CURVE('',#463,#471,#473,.T.);
#471 = VERTEX_POINT('',#472);
#472 = CARTESIAN_POINT('',(25.409297062508,1.221245327088E-14,55.));
#473 = LINE('',#474,#475);
#474 = CARTESIAN_POINT('',(24.863341711109,1.187938636349E-14,53.5));
#475 = VECTOR('',#476,1.);
#476 = DIRECTION('',(0.342020143326,2.086536767334E-16,0.939692620786));
#477 = ORIENTED_EDGE('',*,*,#478,.T.);
#478 = EDGE_CURVE('',#471,#479,#481,.T.);
#479 = VERTEX_POINT('',#480);
#480 = CARTESIAN_POINT('',(-25.4092970625,1.221245327088E-14,55.));
#481 = LINE('',#482,#483);
#482 = CARTESIAN_POINT('',(25.409297062508,1.221245327088E-14,55.));
#483 = VECTOR('',#484,1.);
#484 = DIRECTION('',(-1.,0.,0.));
#485 = ORIENTED_EDGE('',*,*,#486,.T.);
#486 = EDGE_CURVE('',#479,#487,#489,.T.);
#487 = VERTEX_POINT('',#488);
#488 = CARTESIAN_POINT('',(-24.8633417111,1.187938636349E-14,53.5));
#489 = LINE('',#490,#491);
#490 = CARTESIAN_POINT('',(-25.4092970625,1.221245327088E-14,55.));
#491 = VECTOR('',#492,1.);
#492 = DIRECTION('',(0.342020143326,-2.086536767334E-16,-0.939692620786)
  );
#493 = ORIENTED_EDGE('',*,*,#494,.T.);
#494 = EDGE_CURVE('',#487,#495,#497,.T.);
#495 = VERTEX_POINT('',#496);
#496 = CARTESIAN_POINT('',(-31.09137870372,1.187938636349E-14,53.5));
#497 = LINE('',#498,#499);
#498 = CARTESIAN_POINT('',(-24.8633417111,1.187938636349E-14,53.5));
#499 = VECTOR('',#500,1.);
#500 = DIRECTION('',(-1.,0.,0.));
#501 = ORIENTED_EDGE('',*,*,#502,.F.);
#502 = EDGE_CURVE('',#503,#495,#505,.T.);
#503 = VERTEX_POINT('',#504);
#504 = CARTESIAN_POINT('',(-26.16830178064,1.720845688169E-14,77.5));
#505 = LINE('',#506,#507);
#506 = CARTESIAN_POINT('',(-26.16830178064,1.720845688169E-14,77.5));
#507 = VECTOR('',#508,1.);
#508 = DIRECTION('',(-0.200944143721,-2.175154946474E-16,-0.979602700641
    ));
#509 = ORIENTED_EDGE('',*,*,#510,.T.);
#510 = EDGE_CURVE('',#503,#511,#513,.T.);
#511 = VERTEX_POINT('',#512);
#512 = CARTESIAN_POINT('',(-18.96368819075,1.720845688169E-14,77.5));
#513 = LINE('',#514,#515);
#514 = CARTESIAN_POINT('',(-26.16830178064,1.720845688169E-14,77.5));
#515 = VECTOR('',#516,1.);
#516 = DIRECTION('',(1.,0.,0.));
#517 = ORIENTED_EDGE('',*,*,#518,.T.);
#518 = EDGE_CURVE('',#511,#519,#521,.T.);
#519 = VERTEX_POINT('',#520);
#520 = CARTESIAN_POINT('',(-19.50964354215,1.68753899743E-14,76.));
#521 = LINE('',#522,#523);
#522 = CARTESIAN_POINT('',(-18.96368819075,1.720845688169E-14,77.5));
#523 = VECTOR('',#524,1.);
#524 = DIRECTION('',(-0.342020143326,-2.086536767334E-16,-0.939692620786
    ));
#525 = ORIENTED_EDGE('',*,*,#526,.T.);
#526 = EDGE_CURVE('',#519,#527,#529,.T.);
#527 = VERTEX_POINT('',#528);
#528 = CARTESIAN_POINT('',(19.509643542158,1.68753899743E-14,76.));
#529 = LINE('',#530,#531);
#530 = CARTESIAN_POINT('',(-19.50964354215,1.68753899743E-14,76.));
#531 = VECTOR('',#532,1.);
#532 = DIRECTION('',(1.,0.,0.));
#533 = ORIENTED_EDGE('',*,*,#534,.T.);
#534 = EDGE_CURVE('',#527,#535,#537,.T.);
#535 = VERTEX_POINT('',#536);
#536 = CARTESIAN_POINT('',(18.963688190759,1.720845688169E-14,77.5));
#537 = LINE('',#538,#539);
#538 = CARTESIAN_POINT('',(19.509643542158,1.68753899743E-14,76.));
#539 = VECTOR('',#540,1.);
#540 = DIRECTION('',(-0.342020143326,2.086536767334E-16,0.939692620786)
  );
#541 = ORIENTED_EDGE('',*,*,#542,.T.);
#542 = EDGE_CURVE('',#535,#543,#545,.T.);
#543 = VERTEX_POINT('',#544);
#544 = CARTESIAN_POINT('',(26.168303554731,1.720845688169E-14,77.5));
#545 = LINE('',#546,#547);
#546 = CARTESIAN_POINT('',(18.963688190759,1.720845688169E-14,77.5));
#547 = VECTOR('',#548,1.);
#548 = DIRECTION('',(1.,0.,0.));
#549 = ORIENTED_EDGE('',*,*,#550,.F.);
#550 = EDGE_CURVE('',#461,#543,#551,.T.);
#551 = LINE('',#552,#553);
#552 = CARTESIAN_POINT('',(30.994098215782,1.187938636349E-14,53.5));
#553 = VECTOR('',#554,1.);
#554 = DIRECTION('',(-0.197129191747,2.176875391103E-16,0.98037752002));
#555 = FACE_BOUND('',#556,.F.);
#556 = EDGE_LOOP('',(#557,#567,#575,#583,#591,#599,#607,#615,#623,#631,
    #639,#647));
#557 = ORIENTED_EDGE('',*,*,#558,.T.);
#558 = EDGE_CURVE('',#559,#561,#563,.T.);
#559 = VERTEX_POINT('',#560);
#560 = CARTESIAN_POINT('',(25.552918939346,1.787459069647E-14,80.5));
#561 = VERTEX_POINT('',#562);
#562 = CARTESIAN_POINT('',(18.963688190759,1.787459069647E-14,80.5));
#563 = LINE('',#564,#565);
#564 = CARTESIAN_POINT('',(25.552918939346,1.787459069647E-14,80.5));
#565 = VECTOR('',#566,1.);
#566 = DIRECTION('',(-1.,0.,0.));
#567 = ORIENTED_EDGE('',*,*,#568,.T.);
#568 = EDGE_CURVE('',#561,#569,#571,.T.);
#569 = VERTEX_POINT('',#570);
#570 = CARTESIAN_POINT('',(19.509643542158,1.820765760385E-14,82.));
#571 = LINE('',#572,#573);
#572 = CARTESIAN_POINT('',(18.963688190759,1.787459069647E-14,80.5));
#573 = VECTOR('',#574,1.);
#574 = DIRECTION('',(0.342020143326,2.086536767334E-16,0.939692620786));
#575 = ORIENTED_EDGE('',*,*,#576,.T.);
#576 = EDGE_CURVE('',#569,#577,#579,.T.);
#577 = VERTEX_POINT('',#578);
#578 = CARTESIAN_POINT('',(-19.50964354215,1.820765760385E-14,82.));
#579 = LINE('',#580,#581);
#580 = CARTESIAN_POINT('',(19.509643542158,1.820765760385E-14,82.));
#581 = VECTOR('',#582,1.);
#582 = DIRECTION('',(-1.,0.,0.));
#583 = ORIENTED_EDGE('',*,*,#584,.T.);
#584 = EDGE_CURVE('',#577,#585,#587,.T.);
#585 = VERTEX_POINT('',#586);
#586 = CARTESIAN_POINT('',(-18.96368819075,1.787459069647E-14,80.5));
#587 = LINE('',#588,#589);
#588 = CARTESIAN_POINT('',(-19.50964354215,1.820765760385E-14,82.));
#589 = VECTOR('',#590,1.);
#590 = DIRECTION('',(0.342020143326,-2.086536767334E-16,-0.939692620786)
  );
#591 = ORIENTED_EDGE('',*,*,#592,.T.);
#592 = EDGE_CURVE('',#585,#593,#595,.T.);
#593 = VERTEX_POINT('',#594);
#594 = CARTESIAN_POINT('',(-25.55291716526,1.787459069647E-14,80.5));
#595 = LINE('',#596,#597);
#596 = CARTESIAN_POINT('',(-18.96368819075,1.787459069647E-14,80.5));
#597 = VECTOR('',#598,1.);
#598 = DIRECTION('',(-1.,0.,0.));
#599 = ORIENTED_EDGE('',*,*,#600,.F.);
#600 = EDGE_CURVE('',#601,#593,#603,.T.);
#601 = VERTEX_POINT('',#602);
#602 = CARTESIAN_POINT('',(-20.62984024218,2.320366121467E-14,104.5));
#603 = LINE('',#604,#605);
#604 = CARTESIAN_POINT('',(-20.62984024218,2.320366121467E-14,104.5));
#605 = VECTOR('',#606,1.);
#606 = DIRECTION('',(-0.200944143721,-2.175154946474E-16,-0.979602700641
    ));
#607 = ORIENTED_EDGE('',*,*,#608,.F.);
#608 = EDGE_CURVE('',#609,#601,#611,.T.);
#609 = VERTEX_POINT('',#610);
#610 = CARTESIAN_POINT('',(-13.59562014215,2.320366121467E-14,104.5));
#611 = LINE('',#612,#613);
#612 = CARTESIAN_POINT('',(-13.59562014215,2.320366121467E-14,104.5));
#613 = VECTOR('',#614,1.);
#614 = DIRECTION('',(-1.,0.,0.));
#615 = ORIENTED_EDGE('',*,*,#616,.F.);
#616 = EDGE_CURVE('',#617,#609,#619,.T.);
#617 = VERTEX_POINT('',#618);
#618 = CARTESIAN_POINT('',(-14.14157549355,2.287059430728E-14,103.));
#619 = LINE('',#620,#621);
#620 = CARTESIAN_POINT('',(-14.14157549355,2.287059430728E-14,103.));
#621 = VECTOR('',#622,1.);
#622 = DIRECTION('',(0.342020143326,2.086536767334E-16,0.939692620786));
#623 = ORIENTED_EDGE('',*,*,#624,.F.);
#624 = EDGE_CURVE('',#625,#617,#627,.T.);
#625 = VERTEX_POINT('',#626);
#626 = CARTESIAN_POINT('',(14.141575493558,2.287059430728E-14,103.));
#627 = LINE('',#628,#629);
#628 = CARTESIAN_POINT('',(14.141575493558,2.287059430728E-14,103.));
#629 = VECTOR('',#630,1.);
#630 = DIRECTION('',(-1.,0.,0.));
#631 = ORIENTED_EDGE('',*,*,#632,.F.);
#632 = EDGE_CURVE('',#633,#625,#635,.T.);
#633 = VERTEX_POINT('',#634);
#634 = CARTESIAN_POINT('',(13.595620142159,2.320366121467E-14,104.5));
#635 = LINE('',#636,#637);
#636 = CARTESIAN_POINT('',(13.595620142159,2.320366121467E-14,104.5));
#637 = VECTOR('',#638,1.);
#638 = DIRECTION('',(0.342020143326,-2.086536767334E-16,-0.939692620786)
  );
#639 = ORIENTED_EDGE('',*,*,#640,.F.);
#640 = EDGE_CURVE('',#641,#633,#643,.T.);
#641 = VERTEX_POINT('',#642);
#642 = CARTESIAN_POINT('',(20.629803045531,2.320366121467E-14,104.5));
#643 = LINE('',#644,#645);
#644 = CARTESIAN_POINT('',(20.629803045531,2.320366121467E-14,104.5));
#645 = VECTOR('',#646,1.);
#646 = DIRECTION('',(-1.,0.,0.));
#647 = ORIENTED_EDGE('',*,*,#648,.F.);
#648 = EDGE_CURVE('',#559,#641,#649,.T.);
#649 = LINE('',#650,#651);
#650 = CARTESIAN_POINT('',(25.552918939346,1.787459069647E-14,80.5));
#651 = VECTOR('',#652,1.);
#652 = DIRECTION('',(-0.200945670152,2.175154251219E-16,0.979602387526)
  );
#653 = FACE_BOUND('',#654,.T.);
#654 = EDGE_LOOP('',(#655,#665,#673,#681,#689,#697,#705));
#655 = ORIENTED_EDGE('',*,*,#656,.T.);
#656 = EDGE_CURVE('',#657,#659,#661,.T.);
#657 = VERTEX_POINT('',#658);
#658 = CARTESIAN_POINT('',(8.937534323962,3.586020369539E-14,161.5));
#659 = VERTEX_POINT('',#660);
#660 = CARTESIAN_POINT('',(0.,4.55347917551E-14,205.07047118065));
#661 = LINE('',#662,#663);
#662 = CARTESIAN_POINT('',(8.937534323962,3.586020369539E-14,161.5));
#663 = VECTOR('',#664,1.);
#664 = DIRECTION('',(-0.200944181998,2.17515492904E-16,0.97960269279));
#665 = ORIENTED_EDGE('',*,*,#666,.T.);
#666 = EDGE_CURVE('',#659,#667,#669,.T.);
#667 = VERTEX_POINT('',#668);
#668 = CARTESIAN_POINT('',(-8.937532549878,3.586020369539E-14,161.5));
#669 = LINE('',#670,#671);
#670 = CARTESIAN_POINT('',(0.,4.55347917551E-14,205.07047118065));
#671 = VECTOR('',#672,1.);
#672 = DIRECTION('',(-0.200944143721,-2.175154946474E-16,-0.979602700641
    ));
#673 = ORIENTED_EDGE('',*,*,#674,.F.);
#674 = EDGE_CURVE('',#675,#667,#677,.T.);
#675 = VERTEX_POINT('',#676);
#676 = CARTESIAN_POINT('',(-2.671013629313,3.586020369539E-14,161.5));
#677 = LINE('',#678,#679);
#678 = CARTESIAN_POINT('',(-2.671013629313,3.586020369539E-14,161.5));
#679 = VECTOR('',#680,1.);
#680 = DIRECTION('',(-1.,0.,0.));
#681 = ORIENTED_EDGE('',*,*,#682,.F.);
#682 = EDGE_CURVE('',#683,#675,#685,.T.);
#683 = VERTEX_POINT('',#684);
#684 = CARTESIAN_POINT('',(-3.216968980713,3.619327060278E-14,163.));
#685 = LINE('',#686,#687);
#686 = CARTESIAN_POINT('',(-3.216968980713,3.619327060278E-14,163.));
#687 = VECTOR('',#688,1.);
#688 = DIRECTION('',(0.342020143326,-2.086536767334E-16,-0.939692620786)
  );
#689 = ORIENTED_EDGE('',*,*,#690,.F.);
#690 = EDGE_CURVE('',#691,#683,#693,.T.);
#691 = VERTEX_POINT('',#692);
#692 = CARTESIAN_POINT('',(3.216968980713,3.619327060278E-14,163.));
#693 = LINE('',#694,#695);
#694 = CARTESIAN_POINT('',(3.216968980713,3.619327060278E-14,163.));
#695 = VECTOR('',#696,1.);
#696 = DIRECTION('',(-1.,0.,0.));
#697 = ORIENTED_EDGE('',*,*,#698,.F.);
#698 = EDGE_CURVE('',#699,#691,#701,.T.);
#699 = VERTEX_POINT('',#700);
#700 = CARTESIAN_POINT('',(2.671013629313,3.586020369539E-14,161.5));
#701 = LINE('',#702,#703);
#702 = CARTESIAN_POINT('',(2.671013629313,3.586020369539E-14,161.5));
#703 = VECTOR('',#704,1.);
#704 = DIRECTION('',(0.342020143326,2.086536767334E-16,0.939692620786));
#705 = ORIENTED_EDGE('',*,*,#706,.F.);
#706 = EDGE_CURVE('',#657,#699,#707,.T.);
#707 = LINE('',#708,#709);
#708 = CARTESIAN_POINT('',(8.937534323962,3.586020369539E-14,161.5));
#709 = VECTOR('',#710,1.);
#710 = DIRECTION('',(-1.,0.,0.));
#711 = FACE_BOUND('',#712,.T.);
#712 = EDGE_LOOP('',(#713,#723,#731,#739,#747,#755,#763,#771,#779,#787,
    #795,#803));
#713 = ORIENTED_EDGE('',*,*,#714,.T.);
#714 = EDGE_CURVE('',#715,#717,#719,.T.);
#715 = VERTEX_POINT('',#716);
#716 = CARTESIAN_POINT('',(15.088347987761,2.919886554764E-14,131.5));
#717 = VERTEX_POINT('',#718);
#718 = CARTESIAN_POINT('',(7.810637568975,2.919886554764E-14,131.5));
#719 = LINE('',#720,#721);
#720 = CARTESIAN_POINT('',(15.088347987761,2.919886554764E-14,131.5));
#721 = VECTOR('',#722,1.);
#722 = DIRECTION('',(-1.,0.,0.));
#723 = ORIENTED_EDGE('',*,*,#724,.T.);
#724 = EDGE_CURVE('',#717,#725,#727,.T.);
#725 = VERTEX_POINT('',#726);
#726 = CARTESIAN_POINT('',(8.356592920374,2.886579864025E-14,130.));
#727 = LINE('',#728,#729);
#728 = CARTESIAN_POINT('',(7.810637568975,2.919886554764E-14,131.5));
#729 = VECTOR('',#730,1.);
#730 = DIRECTION('',(0.342020143326,-2.086536767334E-16,-0.939692620786)
  );
#731 = ORIENTED_EDGE('',*,*,#732,.T.);
#732 = EDGE_CURVE('',#725,#733,#735,.T.);
#733 = VERTEX_POINT('',#734);
#734 = CARTESIAN_POINT('',(-8.356592920374,2.886579864025E-14,130.));
#735 = LINE('',#736,#737);
#736 = CARTESIAN_POINT('',(8.356592920374,2.886579864025E-14,130.));
#737 = VECTOR('',#738,1.);
#738 = DIRECTION('',(-1.,0.,0.));
#739 = ORIENTED_EDGE('',*,*,#740,.T.);
#740 = EDGE_CURVE('',#733,#741,#743,.T.);
#741 = VERTEX_POINT('',#742);
#742 = CARTESIAN_POINT('',(-7.810637568975,2.919886554764E-14,131.5));
#743 = LINE('',#744,#745);
#744 = CARTESIAN_POINT('',(-8.356592920374,2.886579864025E-14,130.));
#745 = VECTOR('',#746,1.);
#746 = DIRECTION('',(0.342020143326,2.086536767334E-16,0.939692620786));
#747 = ORIENTED_EDGE('',*,*,#748,.T.);
#748 = EDGE_CURVE('',#741,#749,#751,.T.);
#749 = VERTEX_POINT('',#750);
#750 = CARTESIAN_POINT('',(-15.09137870372,2.919886554764E-14,131.5));
#751 = LINE('',#752,#753);
#752 = CARTESIAN_POINT('',(-7.810637568975,2.919886554764E-14,131.5));
#753 = VECTOR('',#754,1.);
#754 = DIRECTION('',(-1.,0.,0.));
#755 = ORIENTED_EDGE('',*,*,#756,.T.);
#756 = EDGE_CURVE('',#749,#757,#759,.T.);
#757 = VERTEX_POINT('',#758);
#758 = CARTESIAN_POINT('',(-20.0144556268,2.386979502944E-14,107.5));
#759 = LINE('',#760,#761);
#760 = CARTESIAN_POINT('',(-15.09137870372,2.919886554764E-14,131.5));
#761 = VECTOR('',#762,1.);
#762 = DIRECTION('',(-0.200944143721,-2.175154946474E-16,-0.979602700641
    ));
#763 = ORIENTED_EDGE('',*,*,#764,.T.);
#764 = EDGE_CURVE('',#757,#765,#767,.T.);
#765 = VERTEX_POINT('',#766);
#766 = CARTESIAN_POINT('',(-13.59562014215,2.386979502944E-14,107.5));
#767 = LINE('',#768,#769);
#768 = CARTESIAN_POINT('',(-20.0144556268,2.386979502944E-14,107.5));
#769 = VECTOR('',#770,1.);
#770 = DIRECTION('',(1.,0.,0.));
#771 = ORIENTED_EDGE('',*,*,#772,.T.);
#772 = EDGE_CURVE('',#765,#773,#775,.T.);
#773 = VERTEX_POINT('',#774);
#774 = CARTESIAN_POINT('',(-14.14157549355,2.420286193683E-14,109.));
#775 = LINE('',#776,#777);
#776 = CARTESIAN_POINT('',(-13.59562014215,2.386979502944E-14,107.5));
#777 = VECTOR('',#778,1.);
#778 = DIRECTION('',(-0.342020143326,2.086536767334E-16,0.939692620786)
  );
#779 = ORIENTED_EDGE('',*,*,#780,.T.);
#780 = EDGE_CURVE('',#773,#781,#783,.T.);
#781 = VERTEX_POINT('',#782);
#782 = CARTESIAN_POINT('',(14.141575493558,2.420286193683E-14,109.));
#783 = LINE('',#784,#785);
#784 = CARTESIAN_POINT('',(-14.14157549355,2.420286193683E-14,109.));
#785 = VECTOR('',#786,1.);
#786 = DIRECTION('',(1.,0.,0.));
#787 = ORIENTED_EDGE('',*,*,#788,.T.);
#788 = EDGE_CURVE('',#781,#789,#791,.T.);
#789 = VERTEX_POINT('',#790);
#790 = CARTESIAN_POINT('',(13.595620142159,2.386979502944E-14,107.5));
#791 = LINE('',#792,#793);
#792 = CARTESIAN_POINT('',(14.141575493558,2.420286193683E-14,109.));
#793 = VECTOR('',#794,1.);
#794 = DIRECTION('',(-0.342020143326,-2.086536767334E-16,-0.939692620786
    ));
#795 = ORIENTED_EDGE('',*,*,#796,.T.);
#796 = EDGE_CURVE('',#789,#797,#799,.T.);
#797 = VERTEX_POINT('',#798);
#798 = CARTESIAN_POINT('',(19.883357751766,2.386979502944E-14,107.5));
#799 = LINE('',#800,#801);
#800 = CARTESIAN_POINT('',(13.595620142159,2.386979502944E-14,107.5));
#801 = VECTOR('',#802,1.);
#802 = DIRECTION('',(1.,0.,0.));
#803 = ORIENTED_EDGE('',*,*,#804,.T.);
#804 = EDGE_CURVE('',#797,#715,#805,.T.);
#805 = LINE('',#806,#807);
#806 = CARTESIAN_POINT('',(19.883357751766,2.386979502944E-14,107.5));
#807 = VECTOR('',#808,1.);
#808 = DIRECTION('',(-0.195920076549,2.177413509553E-16,0.980619867026)
  );
#809 = FACE_BOUND('',#810,.F.);
#810 = EDGE_LOOP('',(#811,#821,#829,#837,#845,#853,#861,#869,#877,#885,
    #893,#901));
#811 = ORIENTED_EDGE('',*,*,#812,.F.);
#812 = EDGE_CURVE('',#813,#815,#817,.T.);
#813 = VERTEX_POINT('',#814);
#814 = CARTESIAN_POINT('',(-9.552917165263,3.519406988062E-14,158.5));
#815 = VERTEX_POINT('',#816);
#816 = CARTESIAN_POINT('',(-14.47599408834,2.986499936242E-14,134.5));
#817 = LINE('',#818,#819);
#818 = CARTESIAN_POINT('',(-9.552917165263,3.519406988062E-14,158.5));
#819 = VECTOR('',#820,1.);
#820 = DIRECTION('',(-0.200944143721,-2.175154946474E-16,-0.979602700641
    ));
#821 = ORIENTED_EDGE('',*,*,#822,.T.);
#822 = EDGE_CURVE('',#813,#823,#825,.T.);
#823 = VERTEX_POINT('',#824);
#824 = CARTESIAN_POINT('',(-2.671013629313,3.519406988062E-14,158.5));
#825 = LINE('',#826,#827);
#826 = CARTESIAN_POINT('',(-9.552917165263,3.519406988062E-14,158.5));
#827 = VECTOR('',#828,1.);
#828 = DIRECTION('',(1.,0.,0.));
#829 = ORIENTED_EDGE('',*,*,#830,.T.);
#830 = EDGE_CURVE('',#823,#831,#833,.T.);
#831 = VERTEX_POINT('',#832);
#832 = CARTESIAN_POINT('',(-3.216968980713,3.486100297323E-14,157.));
#833 = LINE('',#834,#835);
#834 = CARTESIAN_POINT('',(-2.671013629313,3.519406988062E-14,158.5));
#835 = VECTOR('',#836,1.);
#836 = DIRECTION('',(-0.342020143326,-2.086536767334E-16,-0.939692620786
    ));
#837 = ORIENTED_EDGE('',*,*,#838,.T.);
#838 = EDGE_CURVE('',#831,#839,#841,.T.);
#839 = VERTEX_POINT('',#840);
#840 = CARTESIAN_POINT('',(3.216968980713,3.486100297323E-14,157.));
#841 = LINE('',#842,#843);
#842 = CARTESIAN_POINT('',(-3.216968980713,3.486100297323E-14,157.));
#843 = VECTOR('',#844,1.);
#844 = DIRECTION('',(1.,0.,0.));
#845 = ORIENTED_EDGE('',*,*,#846,.T.);
#846 = EDGE_CURVE('',#839,#847,#849,.T.);
#847 = VERTEX_POINT('',#848);
#848 = CARTESIAN_POINT('',(2.671013629313,3.519406988062E-14,158.5));
#849 = LINE('',#850,#851);
#850 = CARTESIAN_POINT('',(3.216968980713,3.486100297323E-14,157.));
#851 = VECTOR('',#852,1.);
#852 = DIRECTION('',(-0.342020143326,2.086536767334E-16,0.939692620786)
  );
#853 = ORIENTED_EDGE('',*,*,#854,.T.);
#854 = EDGE_CURVE('',#847,#855,#857,.T.);
#855 = VERTEX_POINT('',#856);
#856 = CARTESIAN_POINT('',(9.552918939346,3.519406988062E-14,158.5));
#857 = LINE('',#858,#859);
#858 = CARTESIAN_POINT('',(2.671013629313,3.519406988062E-14,158.5));
#859 = VECTOR('',#860,1.);
#860 = DIRECTION('',(1.,0.,0.));
#861 = ORIENTED_EDGE('',*,*,#862,.F.);
#862 = EDGE_CURVE('',#863,#855,#865,.T.);
#863 = VERTEX_POINT('',#864);
#864 = CARTESIAN_POINT('',(14.348920731999,2.986499936242E-14,134.5));
#865 = LINE('',#866,#867);
#866 = CARTESIAN_POINT('',(14.348920731999,2.986499936242E-14,134.5));
#867 = VECTOR('',#868,1.);
#868 = DIRECTION('',(-0.195959053679,2.177396216437E-16,0.980612078898)
  );
#869 = ORIENTED_EDGE('',*,*,#870,.F.);
#870 = EDGE_CURVE('',#871,#863,#873,.T.);
#871 = VERTEX_POINT('',#872);
#872 = CARTESIAN_POINT('',(7.810637568975,2.986499936242E-14,134.5));
#873 = LINE('',#874,#875);
#874 = CARTESIAN_POINT('',(7.810637568975,2.986499936242E-14,134.5));
#875 = VECTOR('',#876,1.);
#876 = DIRECTION('',(1.,0.,0.));
#877 = ORIENTED_EDGE('',*,*,#878,.F.);
#878 = EDGE_CURVE('',#879,#871,#881,.T.);
#879 = VERTEX_POINT('',#880);
#880 = CARTESIAN_POINT('',(8.356592920374,3.01980662698E-14,136.));
#881 = LINE('',#882,#883);
#882 = CARTESIAN_POINT('',(8.356592920374,3.01980662698E-14,136.));
#883 = VECTOR('',#884,1.);
#884 = DIRECTION('',(-0.342020143326,-2.086536767334E-16,-0.939692620786
    ));
#885 = ORIENTED_EDGE('',*,*,#886,.F.);
#886 = EDGE_CURVE('',#887,#879,#889,.T.);
#887 = VERTEX_POINT('',#888);
#888 = CARTESIAN_POINT('',(-8.356592920374,3.01980662698E-14,136.));
#889 = LINE('',#890,#891);
#890 = CARTESIAN_POINT('',(-8.356592920374,3.01980662698E-14,136.));
#891 = VECTOR('',#892,1.);
#892 = DIRECTION('',(1.,0.,0.));
#893 = ORIENTED_EDGE('',*,*,#894,.F.);
#894 = EDGE_CURVE('',#895,#887,#897,.T.);
#895 = VERTEX_POINT('',#896);
#896 = CARTESIAN_POINT('',(-7.810637568975,2.986499936242E-14,134.5));
#897 = LINE('',#898,#899);
#898 = CARTESIAN_POINT('',(-7.810637568975,2.986499936242E-14,134.5));
#899 = VECTOR('',#900,1.);
#900 = DIRECTION('',(-0.342020143326,2.086536767334E-16,0.939692620786)
  );
#901 = ORIENTED_EDGE('',*,*,#902,.F.);
#902 = EDGE_CURVE('',#815,#895,#903,.T.);
#903 = LINE('',#904,#905);
#904 = CARTESIAN_POINT('',(-14.47599408834,2.986499936242E-14,134.5));
#905 = VECTOR('',#906,1.);
#906 = DIRECTION('',(1.,0.,0.));
#907 = PLANE('',#908);
#908 = AXIS2_PLACEMENT_3D('',#909,#910,#911);
#909 = CARTESIAN_POINT('',(-9.05035356431E-03,2.043590101616E-14,
    92.035116201345));
#910 = DIRECTION('',(0.,1.,-2.22044604925E-16));
#911 = DIRECTION('',(0.,2.22044604925E-16,1.));
#912 = ADVANCED_FACE('',(#913),#938,.F.);
#913 = FACE_BOUND('',#914,.F.);
#914 = EDGE_LOOP('',(#915,#916,#924,#932));
#915 = ORIENTED_EDGE('',*,*,#21,.F.);
#916 = ORIENTED_EDGE('',*,*,#917,.T.);
#917 = EDGE_CURVE('',#22,#918,#920,.T.);
#918 = VERTEX_POINT('',#919);
#919 = CARTESIAN_POINT('',(40.,-10.,2.22044600226E-15));
#920 = LINE('',#921,#922);
#921 = CARTESIAN_POINT('',(40.,-1.043386809536E-38,-4.698996446628E-23)
  );
#922 = VECTOR('',#923,1.);
#923 = DIRECTION('',(0.,-1.,2.22044604925E-16));
#924 = ORIENTED_EDGE('',*,*,#925,.T.);
#925 = EDGE_CURVE('',#918,#926,#928,.T.);
#926 = VERTEX_POINT('',#927);
#927 = CARTESIAN_POINT('',(40.,-10.,24.492463453257));
#928 = LINE('',#929,#930);
#929 = CARTESIAN_POINT('',(40.,-10.,2.22044600226E-15));
#930 = VECTOR('',#931,1.);
#931 = DIRECTION('',(0.,2.22044604925E-16,1.));
#932 = ORIENTED_EDGE('',*,*,#933,.F.);
#933 = EDGE_CURVE('',#24,#926,#934,.T.);
#934 = LINE('',#935,#936);
#935 = CARTESIAN_POINT('',(40.,5.438419371119E-15,24.492463453257));
#936 = VECTOR('',#937,1.);
#937 = DIRECTION('',(0.,-1.,2.22044604925E-16));
#938 = PLANE('',#939);
#939 = AXIS2_PLACEMENT_3D('',#940,#941,#942);
#940 = CARTESIAN_POINT('',(40.,-1.043386809536E-38,-4.698996446628E-23)
  );
#941 = DIRECTION('',(-1.,0.,0.));
#942 = DIRECTION('',(0.,2.22044604925E-16,1.));
#943 = ADVANCED_FACE('',(#944),#963,.T.);
#944 = FACE_BOUND('',#945,.T.);
#945 = EDGE_LOOP('',(#946,#947,#955,#962));
#946 = ORIENTED_EDGE('',*,*,#385,.T.);
#947 = ORIENTED_EDGE('',*,*,#948,.T.);
#948 = EDGE_CURVE('',#378,#949,#951,.T.);
#949 = VERTEX_POINT('',#950);
#950 = CARTESIAN_POINT('',(39.898013503207,-10.,25.497184171864));
#951 = LINE('',#952,#953);
#952 = CARTESIAN_POINT('',(39.898013503207,5.661512186142E-15,
    25.497184171864));
#953 = VECTOR('',#954,1.);
#954 = DIRECTION('',(0.,-1.,2.22044604925E-16));
#955 = ORIENTED_EDGE('',*,*,#956,.F.);
#956 = EDGE_CURVE('',#926,#949,#957,.T.);
#957 = CIRCLE('',#958,5.);
#958 = AXIS2_PLACEMENT_3D('',#959,#960,#961);
#959 = CARTESIAN_POINT('',(35.,-10.,24.492463453257));
#960 = DIRECTION('',(0.,-1.,2.22044604925E-16));
#961 = DIRECTION('',(0.,-2.22044604925E-16,-1.));
#962 = ORIENTED_EDGE('',*,*,#933,.F.);
#963 = CYLINDRICAL_SURFACE('',#964,5.);
#964 = AXIS2_PLACEMENT_3D('',#965,#966,#967);
#965 = CARTESIAN_POINT('',(35.,5.438419371119E-15,24.492463453257));
#966 = DIRECTION('',(0.,-1.,2.22044604925E-16));
#967 = DIRECTION('',(1.,0.,0.));
#968 = ADVANCED_FACE('',(#969),#987,.F.);
#969 = FACE_BOUND('',#970,.F.);
#970 = EDGE_LOOP('',(#971,#979,#985,#986));
#971 = ORIENTED_EDGE('',*,*,#972,.T.);
#972 = EDGE_CURVE('',#32,#973,#975,.T.);
#973 = VERTEX_POINT('',#974);
#974 = CARTESIAN_POINT('',(22.5,-10.,2.22044602873E-15));
#975 = LINE('',#976,#977);
#976 = CARTESIAN_POINT('',(22.5,-4.556396341245E-39,-2.052018486458E-23)
  );
#977 = VECTOR('',#978,1.);
#978 = DIRECTION('',(0.,-1.,2.22044604925E-16));
#979 = ORIENTED_EDGE('',*,*,#980,.T.);
#980 = EDGE_CURVE('',#973,#918,#981,.T.);
#981 = LINE('',#982,#983);
#982 = CARTESIAN_POINT('',(22.5,-10.,2.22044600226E-15));
#983 = VECTOR('',#984,1.);
#984 = DIRECTION('',(1.,0.,0.));
#985 = ORIENTED_EDGE('',*,*,#917,.F.);
#986 = ORIENTED_EDGE('',*,*,#31,.F.);
#987 = PLANE('',#988);
#988 = AXIS2_PLACEMENT_3D('',#989,#990,#991);
#989 = CARTESIAN_POINT('',(22.5,-1.043386809536E-38,-4.698996446628E-23)
  );
#990 = DIRECTION('',(0.,2.22044604925E-16,1.));
#991 = DIRECTION('',(1.,0.,0.));
#992 = ADVANCED_FACE('',(#993),#1011,.T.);
#993 = FACE_BOUND('',#994,.T.);
#994 = EDGE_LOOP('',(#995,#996,#1004,#1010));
#995 = ORIENTED_EDGE('',*,*,#377,.F.);
#996 = ORIENTED_EDGE('',*,*,#997,.T.);
#997 = EDGE_CURVE('',#370,#998,#1000,.T.);
#998 = VERTEX_POINT('',#999);
#999 = CARTESIAN_POINT('',(34.93894384588,-10.,49.672648751336));
#1000 = LINE('',#1001,#1002);
#1001 = CARTESIAN_POINT('',(34.93894384588,1.102954366757E-14,
    49.672648751336));
#1002 = VECTOR('',#1003,1.);
#1003 = DIRECTION('',(0.,-1.,2.22044604925E-16));
#1004 = ORIENTED_EDGE('',*,*,#1005,.T.);
#1005 = EDGE_CURVE('',#998,#949,#1006,.T.);
#1006 = LINE('',#1007,#1008);
#1007 = CARTESIAN_POINT('',(34.93894384588,-10.,49.672648751336));
#1008 = VECTOR('',#1009,1.);
#1009 = DIRECTION('',(0.200944143721,-2.175154946474E-16,-0.979602700641
    ));
#1010 = ORIENTED_EDGE('',*,*,#948,.F.);
#1011 = PLANE('',#1012);
#1012 = AXIS2_PLACEMENT_3D('',#1013,#1014,#1015);
#1013 = CARTESIAN_POINT('',(34.93894384588,1.102954366757E-14,
    49.672648751336));
#1014 = DIRECTION('',(0.979602700641,4.46185630046E-17,0.200944143721));
#1015 = DIRECTION('',(0.200944143721,-2.175154946474E-16,-0.979602700641
    ));
#1016 = ADVANCED_FACE('',(#1017),#1035,.F.);
#1017 = FACE_BOUND('',#1018,.F.);
#1018 = EDGE_LOOP('',(#1019,#1027,#1033,#1034));
#1019 = ORIENTED_EDGE('',*,*,#1020,.T.);
#1020 = EDGE_CURVE('',#40,#1021,#1023,.T.);
#1021 = VERTEX_POINT('',#1022);
#1022 = CARTESIAN_POINT('',(22.5,-10.,7.));
#1023 = LINE('',#1024,#1025);
#1024 = CARTESIAN_POINT('',(22.5,1.554312234475E-15,7.));
#1025 = VECTOR('',#1026,1.);
#1026 = DIRECTION('',(0.,-1.,2.22044604925E-16));
#1027 = ORIENTED_EDGE('',*,*,#1028,.T.);
#1028 = EDGE_CURVE('',#1021,#973,#1029,.T.);
#1029 = LINE('',#1030,#1031);
#1030 = CARTESIAN_POINT('',(22.5,-10.,7.));
#1031 = VECTOR('',#1032,1.);
#1032 = DIRECTION('',(0.,-2.22044604925E-16,-1.));
#1033 = ORIENTED_EDGE('',*,*,#972,.F.);
#1034 = ORIENTED_EDGE('',*,*,#39,.F.);
#1035 = PLANE('',#1036);
#1036 = AXIS2_PLACEMENT_3D('',#1037,#1038,#1039);
#1037 = CARTESIAN_POINT('',(22.5,1.554312234475E-15,7.));
#1038 = DIRECTION('',(1.,0.,0.));
#1039 = DIRECTION('',(0.,-2.22044604925E-16,-1.));
#1040 = ADVANCED_FACE('',(#1041),#1059,.T.);
#1041 = FACE_BOUND('',#1042,.T.);
#1042 = EDGE_LOOP('',(#1043,#1051,#1057,#1058));
#1043 = ORIENTED_EDGE('',*,*,#1044,.T.);
#1044 = EDGE_CURVE('',#362,#1045,#1047,.T.);
#1045 = VERTEX_POINT('',#1046);
#1046 = CARTESIAN_POINT('',(32.930305443277,-10.,52.));
#1047 = LINE('',#1048,#1049);
#1048 = CARTESIAN_POINT('',(32.930305443277,1.15463194561E-14,52.));
#1049 = VECTOR('',#1050,1.);
#1050 = DIRECTION('',(0.,-1.,2.22044604925E-16));
#1051 = ORIENTED_EDGE('',*,*,#1052,.T.);
#1052 = EDGE_CURVE('',#1045,#998,#1053,.T.);
#1053 = LINE('',#1054,#1055);
#1054 = CARTESIAN_POINT('',(32.930305443277,-10.,52.));
#1055 = VECTOR('',#1056,1.);
#1056 = DIRECTION('',(0.653368913008,-1.680965746667E-16,-0.757039671031
    ));
#1057 = ORIENTED_EDGE('',*,*,#997,.F.);
#1058 = ORIENTED_EDGE('',*,*,#369,.F.);
#1059 = PLANE('',#1060);
#1060 = AXIS2_PLACEMENT_3D('',#1061,#1062,#1063);
#1061 = CARTESIAN_POINT('',(32.930305443277,1.15463194561E-14,52.));
#1062 = DIRECTION('',(0.757039671031,1.450770421591E-16,0.653368913008)
  );
#1063 = DIRECTION('',(0.653368913008,-1.680965746667E-16,-0.757039671031
    ));
#1064 = ADVANCED_FACE('',(#1065),#1083,.F.);
#1065 = FACE_BOUND('',#1066,.F.);
#1066 = EDGE_LOOP('',(#1067,#1075,#1081,#1082));
#1067 = ORIENTED_EDGE('',*,*,#1068,.T.);
#1068 = EDGE_CURVE('',#48,#1069,#1071,.T.);
#1069 = VERTEX_POINT('',#1070);
#1070 = CARTESIAN_POINT('',(30.,-10.,7.));
#1071 = LINE('',#1072,#1073);
#1072 = CARTESIAN_POINT('',(30.,1.554312234475E-15,7.));
#1073 = VECTOR('',#1074,1.);
#1074 = DIRECTION('',(0.,-1.,2.22044604925E-16));
#1075 = ORIENTED_EDGE('',*,*,#1076,.T.);
#1076 = EDGE_CURVE('',#1069,#1021,#1077,.T.);
#1077 = LINE('',#1078,#1079);
#1078 = CARTESIAN_POINT('',(30.,-10.,7.));
#1079 = VECTOR('',#1080,1.);
#1080 = DIRECTION('',(-1.,0.,0.));
#1081 = ORIENTED_EDGE('',*,*,#1020,.F.);
#1082 = ORIENTED_EDGE('',*,*,#47,.F.);
#1083 = PLANE('',#1084);
#1084 = AXIS2_PLACEMENT_3D('',#1085,#1086,#1087);
#1085 = CARTESIAN_POINT('',(30.,1.554312234475E-15,7.));
#1086 = DIRECTION('',(-0.,-2.22044604925E-16,-1.));
#1087 = DIRECTION('',(-1.,0.,0.));
#1088 = ADVANCED_FACE('',(#1089),#1107,.T.);
#1089 = FACE_BOUND('',#1090,.T.);
#1090 = EDGE_LOOP('',(#1091,#1099,#1105,#1106));
#1091 = ORIENTED_EDGE('',*,*,#1092,.T.);
#1092 = EDGE_CURVE('',#354,#1093,#1095,.T.);
#1093 = VERTEX_POINT('',#1094);
#1094 = CARTESIAN_POINT('',(34.153846153846,-10.,53.5));
#1095 = LINE('',#1096,#1097);
#1096 = CARTESIAN_POINT('',(34.153846153846,1.187938636349E-14,53.5));
#1097 = VECTOR('',#1098,1.);
#1098 = DIRECTION('',(0.,-1.,2.22044604925E-16));
#1099 = ORIENTED_EDGE('',*,*,#1100,.T.);
#1100 = EDGE_CURVE('',#1093,#1045,#1101,.T.);
#1101 = LINE('',#1102,#1103);
#1102 = CARTESIAN_POINT('',(34.153846153846,-10.,53.5));
#1103 = VECTOR('',#1104,1.);
#1104 = DIRECTION('',(-0.632082216282,-1.720626597653E-16,
    -0.774901330403));
#1105 = ORIENTED_EDGE('',*,*,#1044,.F.);
#1106 = ORIENTED_EDGE('',*,*,#361,.F.);
#1107 = PLANE('',#1108);
#1108 = AXIS2_PLACEMENT_3D('',#1109,#1110,#1111);
#1109 = CARTESIAN_POINT('',(34.153846153846,1.187938636349E-14,53.5));
#1110 = DIRECTION('',(0.774901330403,-1.403504459944E-16,-0.632082216282
    ));
#1111 = DIRECTION('',(-0.632082216282,-1.720626597653E-16,
    -0.774901330403));
#1112 = ADVANCED_FACE('',(#1113),#1131,.F.);
#1113 = FACE_BOUND('',#1114,.F.);
#1114 = EDGE_LOOP('',(#1115,#1123,#1129,#1130));
#1115 = ORIENTED_EDGE('',*,*,#1116,.T.);
#1116 = EDGE_CURVE('',#56,#1117,#1119,.T.);
#1117 = VERTEX_POINT('',#1118);
#1118 = CARTESIAN_POINT('',(30.,-10.,15.));
#1119 = LINE('',#1120,#1121);
#1120 = CARTESIAN_POINT('',(30.,3.330669073875E-15,15.));
#1121 = VECTOR('',#1122,1.);
#1122 = DIRECTION('',(0.,-1.,2.22044604925E-16));
#1123 = ORIENTED_EDGE('',*,*,#1124,.T.);
#1124 = EDGE_CURVE('',#1117,#1069,#1125,.T.);
#1125 = LINE('',#1126,#1127);
#1126 = CARTESIAN_POINT('',(30.,-10.,15.));
#1127 = VECTOR('',#1128,1.);
#1128 = DIRECTION('',(0.,-2.22044604925E-16,-1.));
#1129 = ORIENTED_EDGE('',*,*,#1068,.F.);
#1130 = ORIENTED_EDGE('',*,*,#55,.F.);
#1131 = PLANE('',#1132);
#1132 = AXIS2_PLACEMENT_3D('',#1133,#1134,#1135);
#1133 = CARTESIAN_POINT('',(30.,3.330669073875E-15,15.));
#1134 = DIRECTION('',(1.,0.,0.));
#1135 = DIRECTION('',(0.,-2.22044604925E-16,-1.));
#1136 = ADVANCED_FACE('',(#1137),#1155,.T.);
#1137 = FACE_BOUND('',#1138,.T.);
#1138 = EDGE_LOOP('',(#1139,#1147,#1153,#1154));
#1139 = ORIENTED_EDGE('',*,*,#1140,.T.);
#1140 = EDGE_CURVE('',#346,#1141,#1143,.T.);
#1141 = VERTEX_POINT('',#1142);
#1142 = CARTESIAN_POINT('',(29.400482307419,-10.,76.672648751335));
#1143 = LINE('',#1144,#1145);
#1144 = CARTESIAN_POINT('',(29.400482307419,1.702474800055E-14,
    76.672648751335));
#1145 = VECTOR('',#1146,1.);
#1146 = DIRECTION('',(0.,-1.,2.22044604925E-16));
#1147 = ORIENTED_EDGE('',*,*,#1148,.T.);
#1148 = EDGE_CURVE('',#1141,#1093,#1149,.T.);
#1149 = LINE('',#1150,#1151);
#1150 = CARTESIAN_POINT('',(29.400482307419,-10.,76.672648751335));
#1151 = VECTOR('',#1152,1.);
#1152 = DIRECTION('',(0.200944143721,-2.175154946474E-16,-0.979602700641
    ));
#1153 = ORIENTED_EDGE('',*,*,#1092,.F.);
#1154 = ORIENTED_EDGE('',*,*,#353,.F.);
#1155 = PLANE('',#1156);
#1156 = AXIS2_PLACEMENT_3D('',#1157,#1158,#1159);
#1157 = CARTESIAN_POINT('',(29.400482307419,1.702474800055E-14,
    76.672648751335));
#1158 = DIRECTION('',(0.979602700641,4.46185630046E-17,0.200944143721));
#1159 = DIRECTION('',(0.200944143721,-2.175154946474E-16,-0.979602700641
    ));
#1160 = ADVANCED_FACE('',(#1161),#1179,.F.);
#1161 = FACE_BOUND('',#1162,.F.);
#1162 = EDGE_LOOP('',(#1163,#1171,#1177,#1178));
#1163 = ORIENTED_EDGE('',*,*,#1164,.T.);
#1164 = EDGE_CURVE('',#64,#1165,#1167,.T.);
#1165 = VERTEX_POINT('',#1166);
#1166 = CARTESIAN_POINT('',(-30.,-10.,15.));
#1167 = LINE('',#1168,#1169);
#1168 = CARTESIAN_POINT('',(-30.,3.330669073875E-15,15.));
#1169 = VECTOR('',#1170,1.);
#1170 = DIRECTION('',(0.,-1.,2.22044604925E-16));
#1171 = ORIENTED_EDGE('',*,*,#1172,.T.);
#1172 = EDGE_CURVE('',#1165,#1117,#1173,.T.);
#1173 = LINE('',#1174,#1175);
#1174 = CARTESIAN_POINT('',(-30.,-10.,15.));
#1175 = VECTOR('',#1176,1.);
#1176 = DIRECTION('',(1.,0.,0.));
#1177 = ORIENTED_EDGE('',*,*,#1116,.F.);
#1178 = ORIENTED_EDGE('',*,*,#63,.F.);
#1179 = PLANE('',#1180);
#1180 = AXIS2_PLACEMENT_3D('',#1181,#1182,#1183);
#1181 = CARTESIAN_POINT('',(-30.,3.330669073875E-15,15.));
#1182 = DIRECTION('',(0.,2.22044604925E-16,1.));
#1183 = DIRECTION('',(1.,0.,0.));
#1184 = ADVANCED_FACE('',(#1185),#1203,.T.);
#1185 = FACE_BOUND('',#1186,.T.);
#1186 = EDGE_LOOP('',(#1187,#1195,#1201,#1202));
#1187 = ORIENTED_EDGE('',*,*,#1188,.T.);
#1188 = EDGE_CURVE('',#338,#1189,#1191,.T.);
#1189 = VERTEX_POINT('',#1190);
#1190 = CARTESIAN_POINT('',(27.391843904816,-10.,79.));
#1191 = LINE('',#1192,#1193);
#1192 = CARTESIAN_POINT('',(27.391843904816,1.754152378908E-14,79.));
#1193 = VECTOR('',#1194,1.);
#1194 = DIRECTION('',(0.,-1.,2.22044604925E-16));
#1195 = ORIENTED_EDGE('',*,*,#1196,.T.);
#1196 = EDGE_CURVE('',#1189,#1141,#1197,.T.);
#1197 = LINE('',#1198,#1199);
#1198 = CARTESIAN_POINT('',(27.391843904816,-10.,79.));
#1199 = VECTOR('',#1200,1.);
#1200 = DIRECTION('',(0.653368913008,-1.680965746667E-16,-0.757039671031
    ));
#1201 = ORIENTED_EDGE('',*,*,#1140,.F.);
#1202 = ORIENTED_EDGE('',*,*,#345,.F.);
#1203 = PLANE('',#1204);
#1204 = AXIS2_PLACEMENT_3D('',#1205,#1206,#1207);
#1205 = CARTESIAN_POINT('',(27.391843904816,1.754152378908E-14,79.));
#1206 = DIRECTION('',(0.757039671031,1.450770421591E-16,0.653368913008)
  );
#1207 = DIRECTION('',(0.653368913008,-1.680965746667E-16,-0.757039671031
    ));
#1208 = ADVANCED_FACE('',(#1209),#1227,.F.);
#1209 = FACE_BOUND('',#1210,.F.);
#1210 = EDGE_LOOP('',(#1211,#1219,#1225,#1226));
#1211 = ORIENTED_EDGE('',*,*,#1212,.T.);
#1212 = EDGE_CURVE('',#72,#1213,#1215,.T.);
#1213 = VERTEX_POINT('',#1214);
#1214 = CARTESIAN_POINT('',(-30.,-10.,7.));
#1215 = LINE('',#1216,#1217);
#1216 = CARTESIAN_POINT('',(-30.,1.554312234475E-15,7.));
#1217 = VECTOR('',#1218,1.);
#1218 = DIRECTION('',(0.,-1.,2.22044604925E-16));
#1219 = ORIENTED_EDGE('',*,*,#1220,.T.);
#1220 = EDGE_CURVE('',#1213,#1165,#1221,.T.);
#1221 = LINE('',#1222,#1223);
#1222 = CARTESIAN_POINT('',(-30.,-10.,7.));
#1223 = VECTOR('',#1224,1.);
#1224 = DIRECTION('',(0.,2.22044604925E-16,1.));
#1225 = ORIENTED_EDGE('',*,*,#1164,.F.);
#1226 = ORIENTED_EDGE('',*,*,#71,.F.);
#1227 = PLANE('',#1228);
#1228 = AXIS2_PLACEMENT_3D('',#1229,#1230,#1231);
#1229 = CARTESIAN_POINT('',(-30.,1.554312234475E-15,7.));
#1230 = DIRECTION('',(-1.,0.,0.));
#1231 = DIRECTION('',(0.,2.22044604925E-16,1.));
#1232 = ADVANCED_FACE('',(#1233),#1251,.T.);
#1233 = FACE_BOUND('',#1234,.T.);
#1234 = EDGE_LOOP('',(#1235,#1243,#1249,#1250));
#1235 = ORIENTED_EDGE('',*,*,#1236,.T.);
#1236 = EDGE_CURVE('',#330,#1237,#1239,.T.);
#1237 = VERTEX_POINT('',#1238);
#1238 = CARTESIAN_POINT('',(28.615384615385,-10.,80.5));
#1239 = LINE('',#1240,#1241);
#1240 = CARTESIAN_POINT('',(28.615384615385,1.787459069647E-14,80.5));
#1241 = VECTOR('',#1242,1.);
#1242 = DIRECTION('',(0.,-1.,2.22044604925E-16));
#1243 = ORIENTED_EDGE('',*,*,#1244,.T.);
#1244 = EDGE_CURVE('',#1237,#1189,#1245,.T.);
#1245 = LINE('',#1246,#1247);
#1246 = CARTESIAN_POINT('',(28.615384615385,-10.,80.5));
#1247 = VECTOR('',#1248,1.);
#1248 = DIRECTION('',(-0.632082216282,-1.720626597653E-16,
    -0.774901330403));
#1249 = ORIENTED_EDGE('',*,*,#1188,.F.);
#1250 = ORIENTED_EDGE('',*,*,#337,.F.);
#1251 = PLANE('',#1252);
#1252 = AXIS2_PLACEMENT_3D('',#1253,#1254,#1255);
#1253 = CARTESIAN_POINT('',(28.615384615385,1.787459069647E-14,80.5));
#1254 = DIRECTION('',(0.774901330403,-1.403504459944E-16,-0.632082216282
    ));
#1255 = DIRECTION('',(-0.632082216282,-1.720626597653E-16,
    -0.774901330403));
#1256 = ADVANCED_FACE('',(#1257),#1275,.F.);
#1257 = FACE_BOUND('',#1258,.F.);
#1258 = EDGE_LOOP('',(#1259,#1267,#1273,#1274));
#1259 = ORIENTED_EDGE('',*,*,#1260,.T.);
#1260 = EDGE_CURVE('',#80,#1261,#1263,.T.);
#1261 = VERTEX_POINT('',#1262);
#1262 = CARTESIAN_POINT('',(-22.5,-10.,7.));
#1263 = LINE('',#1264,#1265);
#1264 = CARTESIAN_POINT('',(-22.5,1.554312234475E-15,7.));
#1265 = VECTOR('',#1266,1.);
#1266 = DIRECTION('',(0.,-1.,2.22044604925E-16));
#1267 = ORIENTED_EDGE('',*,*,#1268,.T.);
#1268 = EDGE_CURVE('',#1261,#1213,#1269,.T.);
#1269 = LINE('',#1270,#1271);
#1270 = CARTESIAN_POINT('',(-22.5,-10.,7.));
#1271 = VECTOR('',#1272,1.);
#1272 = DIRECTION('',(-1.,0.,0.));
#1273 = ORIENTED_EDGE('',*,*,#1212,.F.);
#1274 = ORIENTED_EDGE('',*,*,#79,.F.);
#1275 = PLANE('',#1276);
#1276 = AXIS2_PLACEMENT_3D('',#1277,#1278,#1279);
#1277 = CARTESIAN_POINT('',(-22.5,1.554312234475E-15,7.));
#1278 = DIRECTION('',(-0.,-2.22044604925E-16,-1.));
#1279 = DIRECTION('',(-1.,0.,0.));
#1280 = ADVANCED_FACE('',(#1281),#1299,.T.);
#1281 = FACE_BOUND('',#1282,.T.);
#1282 = EDGE_LOOP('',(#1283,#1291,#1297,#1298));
#1283 = ORIENTED_EDGE('',*,*,#1284,.T.);
#1284 = EDGE_CURVE('',#322,#1285,#1287,.T.);
#1285 = VERTEX_POINT('',#1286);
#1286 = CARTESIAN_POINT('',(23.862020768957,-10.,103.67264875133));
#1287 = LINE('',#1288,#1289);
#1288 = CARTESIAN_POINT('',(23.862020768957,2.301995233352E-14,
    103.67264875133));
#1289 = VECTOR('',#1290,1.);
#1290 = DIRECTION('',(0.,-1.,2.22044604925E-16));
#1291 = ORIENTED_EDGE('',*,*,#1292,.T.);
#1292 = EDGE_CURVE('',#1285,#1237,#1293,.T.);
#1293 = LINE('',#1294,#1295);
#1294 = CARTESIAN_POINT('',(23.862020768957,-10.,103.67264875133));
#1295 = VECTOR('',#1296,1.);
#1296 = DIRECTION('',(0.200944143721,-2.175154946474E-16,-0.979602700641
    ));
#1297 = ORIENTED_EDGE('',*,*,#1236,.F.);
#1298 = ORIENTED_EDGE('',*,*,#329,.F.);
#1299 = PLANE('',#1300);
#1300 = AXIS2_PLACEMENT_3D('',#1301,#1302,#1303);
#1301 = CARTESIAN_POINT('',(23.862020768957,2.301995233352E-14,
    103.67264875133));
#1302 = DIRECTION('',(0.979602700641,4.46185630046E-17,0.200944143721));
#1303 = DIRECTION('',(0.200944143721,-2.175154946474E-16,-0.979602700641
    ));
#1304 = ADVANCED_FACE('',(#1305),#1323,.F.);
#1305 = FACE_BOUND('',#1306,.F.);
#1306 = EDGE_LOOP('',(#1307,#1315,#1321,#1322));
#1307 = ORIENTED_EDGE('',*,*,#1308,.T.);
#1308 = EDGE_CURVE('',#88,#1309,#1311,.T.);
#1309 = VERTEX_POINT('',#1310);
#1310 = CARTESIAN_POINT('',(-22.5,-10.,2.22044604925E-15));
#1311 = LINE('',#1312,#1313);
#1312 = CARTESIAN_POINT('',(-22.5,0.,0.));
#1313 = VECTOR('',#1314,1.);
#1314 = DIRECTION('',(0.,-1.,2.22044604925E-16));
#1315 = ORIENTED_EDGE('',*,*,#1316,.T.);
#1316 = EDGE_CURVE('',#1309,#1261,#1317,.T.);
#1317 = LINE('',#1318,#1319);
#1318 = CARTESIAN_POINT('',(-22.5,-10.,2.22044604925E-15));
#1319 = VECTOR('',#1320,1.);
#1320 = DIRECTION('',(0.,2.22044604925E-16,1.));
#1321 = ORIENTED_EDGE('',*,*,#1260,.F.);
#1322 = ORIENTED_EDGE('',*,*,#87,.F.);
#1323 = PLANE('',#1324);
#1324 = AXIS2_PLACEMENT_3D('',#1325,#1326,#1327);
#1325 = CARTESIAN_POINT('',(-22.5,0.,0.));
#1326 = DIRECTION('',(-1.,0.,0.));
#1327 = DIRECTION('',(0.,2.22044604925E-16,1.));
#1328 = ADVANCED_FACE('',(#1329),#1347,.T.);
#1329 = FACE_BOUND('',#1330,.T.);
#1330 = EDGE_LOOP('',(#1331,#1339,#1345,#1346));
#1331 = ORIENTED_EDGE('',*,*,#1332,.T.);
#1332 = EDGE_CURVE('',#314,#1333,#1335,.T.);
#1333 = VERTEX_POINT('',#1334);
#1334 = CARTESIAN_POINT('',(21.853382366354,-10.,106.));
#1335 = LINE('',#1336,#1337);
#1336 = CARTESIAN_POINT('',(21.853382366354,2.353672812205E-14,106.));
#1337 = VECTOR('',#1338,1.);
#1338 = DIRECTION('',(0.,-1.,2.22044604925E-16));
#1339 = ORIENTED_EDGE('',*,*,#1340,.T.);
#1340 = EDGE_CURVE('',#1333,#1285,#1341,.T.);
#1341 = LINE('',#1342,#1343);
#1342 = CARTESIAN_POINT('',(21.853382366354,-10.,106.));
#1343 = VECTOR('',#1344,1.);
#1344 = DIRECTION('',(0.653368913008,-1.680965746667E-16,-0.757039671031
    ));
#1345 = ORIENTED_EDGE('',*,*,#1284,.F.);
#1346 = ORIENTED_EDGE('',*,*,#321,.F.);
#1347 = PLANE('',#1348);
#1348 = AXIS2_PLACEMENT_3D('',#1349,#1350,#1351);
#1349 = CARTESIAN_POINT('',(21.853382366354,2.353672812205E-14,106.));
#1350 = DIRECTION('',(0.757039671031,1.450770421591E-16,0.653368913008)
  );
#1351 = DIRECTION('',(0.653368913008,-1.680965746667E-16,-0.757039671031
    ));
#1352 = ADVANCED_FACE('',(#1353),#1371,.F.);
#1353 = FACE_BOUND('',#1354,.F.);
#1354 = EDGE_LOOP('',(#1355,#1363,#1369,#1370));
#1355 = ORIENTED_EDGE('',*,*,#1356,.T.);
#1356 = EDGE_CURVE('',#96,#1357,#1359,.T.);
#1357 = VERTEX_POINT('',#1358);
#1358 = CARTESIAN_POINT('',(-40.,-10.,2.22044604925E-15));
#1359 = LINE('',#1360,#1361);
#1360 = CARTESIAN_POINT('',(-40.,0.,0.));
#1361 = VECTOR('',#1362,1.);
#1362 = DIRECTION('',(0.,-1.,2.22044604925E-16));
#1363 = ORIENTED_EDGE('',*,*,#1364,.T.);
#1364 = EDGE_CURVE('',#1357,#1309,#1365,.T.);
#1365 = LINE('',#1366,#1367);
#1366 = CARTESIAN_POINT('',(-40.,-10.,2.22044604925E-15));
#1367 = VECTOR('',#1368,1.);
#1368 = DIRECTION('',(1.,0.,0.));
#1369 = ORIENTED_EDGE('',*,*,#1308,.F.);
#1370 = ORIENTED_EDGE('',*,*,#95,.F.);
#1371 = PLANE('',#1372);
#1372 = AXIS2_PLACEMENT_3D('',#1373,#1374,#1375);
#1373 = CARTESIAN_POINT('',(-40.,0.,0.));
#1374 = DIRECTION('',(0.,2.22044604925E-16,1.));
#1375 = DIRECTION('',(1.,0.,0.));
#1376 = ADVANCED_FACE('',(#1377),#1395,.T.);
#1377 = FACE_BOUND('',#1378,.T.);
#1378 = EDGE_LOOP('',(#1379,#1387,#1393,#1394));
#1379 = ORIENTED_EDGE('',*,*,#1380,.T.);
#1380 = EDGE_CURVE('',#306,#1381,#1383,.T.);
#1381 = VERTEX_POINT('',#1382);
#1382 = CARTESIAN_POINT('',(23.076923076923,-10.,107.5));
#1383 = LINE('',#1384,#1385);
#1384 = CARTESIAN_POINT('',(23.076923076923,2.386979502944E-14,107.5));
#1385 = VECTOR('',#1386,1.);
#1386 = DIRECTION('',(0.,-1.,2.22044604925E-16));
#1387 = ORIENTED_EDGE('',*,*,#1388,.T.);
#1388 = EDGE_CURVE('',#1381,#1333,#1389,.T.);
#1389 = LINE('',#1390,#1391);
#1390 = CARTESIAN_POINT('',(23.076923076923,-10.,107.5));
#1391 = VECTOR('',#1392,1.);
#1392 = DIRECTION('',(-0.632082216282,-1.720626597653E-16,
    -0.774901330403));
#1393 = ORIENTED_EDGE('',*,*,#1332,.F.);
#1394 = ORIENTED_EDGE('',*,*,#313,.F.);
#1395 = PLANE('',#1396);
#1396 = AXIS2_PLACEMENT_3D('',#1397,#1398,#1399);
#1397 = CARTESIAN_POINT('',(23.076923076923,2.386979502944E-14,107.5));
#1398 = DIRECTION('',(0.774901330403,-1.403504459944E-16,-0.632082216282
    ));
#1399 = DIRECTION('',(-0.632082216282,-1.720626597653E-16,
    -0.774901330403));
#1400 = ADVANCED_FACE('',(#1401),#1419,.F.);
#1401 = FACE_BOUND('',#1402,.F.);
#1402 = EDGE_LOOP('',(#1403,#1404,#1412,#1418));
#1403 = ORIENTED_EDGE('',*,*,#103,.F.);
#1404 = ORIENTED_EDGE('',*,*,#1405,.T.);
#1405 = EDGE_CURVE('',#104,#1406,#1408,.T.);
#1406 = VERTEX_POINT('',#1407);
#1407 = CARTESIAN_POINT('',(-40.,-10.,24.492463453257));
#1408 = LINE('',#1409,#1410);
#1409 = CARTESIAN_POINT('',(-40.,5.438419371119E-15,24.492463453257));
#1410 = VECTOR('',#1411,1.);
#1411 = DIRECTION('',(0.,-1.,2.22044604925E-16));
#1412 = ORIENTED_EDGE('',*,*,#1413,.T.);
#1413 = EDGE_CURVE('',#1406,#1357,#1414,.T.);
#1414 = LINE('',#1415,#1416);
#1415 = CARTESIAN_POINT('',(-40.,-10.,25.));
#1416 = VECTOR('',#1417,1.);
#1417 = DIRECTION('',(0.,-2.22044604925E-16,-1.));
#1418 = ORIENTED_EDGE('',*,*,#1356,.F.);
#1419 = PLANE('',#1420);
#1420 = AXIS2_PLACEMENT_3D('',#1421,#1422,#1423);
#1421 = CARTESIAN_POINT('',(-40.,5.551115123126E-15,25.));
#1422 = DIRECTION('',(1.,0.,0.));
#1423 = DIRECTION('',(0.,-2.22044604925E-16,-1.));
#1424 = ADVANCED_FACE('',(#1425),#1443,.T.);
#1425 = FACE_BOUND('',#1426,.T.);
#1426 = EDGE_LOOP('',(#1427,#1435,#1441,#1442));
#1427 = ORIENTED_EDGE('',*,*,#1428,.T.);
#1428 = EDGE_CURVE('',#298,#1429,#1431,.T.);
#1429 = VERTEX_POINT('',#1430);
#1430 = CARTESIAN_POINT('',(18.323559230495,-10.,130.67264875133));
#1431 = LINE('',#1432,#1433);
#1432 = CARTESIAN_POINT('',(18.323559230495,2.90151566665E-14,
    130.67264875133));
#1433 = VECTOR('',#1434,1.);
#1434 = DIRECTION('',(0.,-1.,2.22044604925E-16));
#1435 = ORIENTED_EDGE('',*,*,#1436,.T.);
#1436 = EDGE_CURVE('',#1429,#1381,#1437,.T.);
#1437 = LINE('',#1438,#1439);
#1438 = CARTESIAN_POINT('',(18.323559230495,-10.,130.67264875133));
#1439 = VECTOR('',#1440,1.);
#1440 = DIRECTION('',(0.200944143721,-2.175154946474E-16,-0.979602700641
    ));
#1441 = ORIENTED_EDGE('',*,*,#1380,.F.);
#1442 = ORIENTED_EDGE('',*,*,#305,.F.);
#1443 = PLANE('',#1444);
#1444 = AXIS2_PLACEMENT_3D('',#1445,#1446,#1447);
#1445 = CARTESIAN_POINT('',(18.323559230495,2.90151566665E-14,
    130.67264875133));
#1446 = DIRECTION('',(0.979602700641,4.46185630046E-17,0.200944143721));
#1447 = DIRECTION('',(0.200944143721,-2.175154946474E-16,-0.979602700641
    ));
#1448 = ADVANCED_FACE('',(#1449),#1468,.T.);
#1449 = FACE_BOUND('',#1450,.T.);
#1450 = EDGE_LOOP('',(#1451,#1452,#1453,#1462));
#1451 = ORIENTED_EDGE('',*,*,#111,.T.);
#1452 = ORIENTED_EDGE('',*,*,#1405,.T.);
#1453 = ORIENTED_EDGE('',*,*,#1454,.F.);
#1454 = EDGE_CURVE('',#1455,#1406,#1457,.T.);
#1455 = VERTEX_POINT('',#1456);
#1456 = CARTESIAN_POINT('',(-39.8980135032,-10.,25.497184171864));
#1457 = CIRCLE('',#1458,5.);
#1458 = AXIS2_PLACEMENT_3D('',#1459,#1460,#1461);
#1459 = CARTESIAN_POINT('',(-35.,-10.,24.492463453257));
#1460 = DIRECTION('',(0.,-1.,2.22044604925E-16));
#1461 = DIRECTION('',(0.,-2.22044604925E-16,-1.));
#1462 = ORIENTED_EDGE('',*,*,#1463,.F.);
#1463 = EDGE_CURVE('',#112,#1455,#1464,.T.);
#1464 = LINE('',#1465,#1466);
#1465 = CARTESIAN_POINT('',(-39.8980135032,5.661512186142E-15,
    25.497184171864));
#1466 = VECTOR('',#1467,1.);
#1467 = DIRECTION('',(0.,-1.,2.22044604925E-16));
#1468 = CYLINDRICAL_SURFACE('',#1469,5.);
#1469 = AXIS2_PLACEMENT_3D('',#1470,#1471,#1472);
#1470 = CARTESIAN_POINT('',(-35.,5.438419371119E-15,24.492463453257));
#1471 = DIRECTION('',(0.,-1.,2.22044604925E-16));
#1472 = DIRECTION('',(-0.979602700641,4.46185630046E-17,0.200944143721)
  );
#1473 = ADVANCED_FACE('',(#1474),#1492,.T.);
#1474 = FACE_BOUND('',#1475,.T.);
#1475 = EDGE_LOOP('',(#1476,#1484,#1490,#1491));
#1476 = ORIENTED_EDGE('',*,*,#1477,.T.);
#1477 = EDGE_CURVE('',#290,#1478,#1480,.T.);
#1478 = VERTEX_POINT('',#1479);
#1479 = CARTESIAN_POINT('',(16.314920827893,-10.,133.));
#1480 = LINE('',#1481,#1482);
#1481 = CARTESIAN_POINT('',(16.314920827893,2.953193245503E-14,133.));
#1482 = VECTOR('',#1483,1.);
#1483 = DIRECTION('',(0.,-1.,2.22044604925E-16));
#1484 = ORIENTED_EDGE('',*,*,#1485,.T.);
#1485 = EDGE_CURVE('',#1478,#1429,#1486,.T.);
#1486 = LINE('',#1487,#1488);
#1487 = CARTESIAN_POINT('',(16.314920827893,-10.,133.));
#1488 = VECTOR('',#1489,1.);
#1489 = DIRECTION('',(0.653368913008,-1.680965746667E-16,-0.757039671031
    ));
#1490 = ORIENTED_EDGE('',*,*,#1428,.F.);
#1491 = ORIENTED_EDGE('',*,*,#297,.F.);
#1492 = PLANE('',#1493);
#1493 = AXIS2_PLACEMENT_3D('',#1494,#1495,#1496);
#1494 = CARTESIAN_POINT('',(16.314920827893,2.953193245503E-14,133.));
#1495 = DIRECTION('',(0.757039671031,1.450770421591E-16,0.653368913008)
  );
#1496 = DIRECTION('',(0.653368913008,-1.680965746667E-16,-0.757039671031
    ));
#1497 = ADVANCED_FACE('',(#1498),#1516,.T.);
#1498 = FACE_BOUND('',#1499,.T.);
#1499 = EDGE_LOOP('',(#1500,#1501,#1502,#1510));
#1500 = ORIENTED_EDGE('',*,*,#120,.F.);
#1501 = ORIENTED_EDGE('',*,*,#1463,.T.);
#1502 = ORIENTED_EDGE('',*,*,#1503,.T.);
#1503 = EDGE_CURVE('',#1455,#1504,#1506,.T.);
#1504 = VERTEX_POINT('',#1505);
#1505 = CARTESIAN_POINT('',(-34.93894384588,-10.,49.672648751336));
#1506 = LINE('',#1507,#1508);
#1507 = CARTESIAN_POINT('',(-40.,-10.,25.));
#1508 = VECTOR('',#1509,1.);
#1509 = DIRECTION('',(0.200944143721,2.175154946474E-16,0.979602700641)
  );
#1510 = ORIENTED_EDGE('',*,*,#1511,.F.);
#1511 = EDGE_CURVE('',#121,#1504,#1512,.T.);
#1512 = LINE('',#1513,#1514);
#1513 = CARTESIAN_POINT('',(-34.93894384588,1.102954366757E-14,
    49.672648751336));
#1514 = VECTOR('',#1515,1.);
#1515 = DIRECTION('',(0.,-1.,2.22044604925E-16));
#1516 = PLANE('',#1517);
#1517 = AXIS2_PLACEMENT_3D('',#1518,#1519,#1520);
#1518 = CARTESIAN_POINT('',(-40.,5.551115123126E-15,25.));
#1519 = DIRECTION('',(-0.979602700641,4.46185630046E-17,0.200944143721)
  );
#1520 = DIRECTION('',(0.200944143721,2.175154946474E-16,0.979602700641)
  );
#1521 = ADVANCED_FACE('',(#1522),#1540,.T.);
#1522 = FACE_BOUND('',#1523,.T.);
#1523 = EDGE_LOOP('',(#1524,#1532,#1538,#1539));
#1524 = ORIENTED_EDGE('',*,*,#1525,.T.);
#1525 = EDGE_CURVE('',#282,#1526,#1528,.T.);
#1526 = VERTEX_POINT('',#1527);
#1527 = CARTESIAN_POINT('',(17.538461538462,-10.,134.5));
#1528 = LINE('',#1529,#1530);
#1529 = CARTESIAN_POINT('',(17.538461538462,2.986499936242E-14,134.5));
#1530 = VECTOR('',#1531,1.);
#1531 = DIRECTION('',(0.,-1.,2.22044604925E-16));
#1532 = ORIENTED_EDGE('',*,*,#1533,.T.);
#1533 = EDGE_CURVE('',#1526,#1478,#1534,.T.);
#1534 = LINE('',#1535,#1536);
#1535 = CARTESIAN_POINT('',(17.538461538462,-10.,134.5));
#1536 = VECTOR('',#1537,1.);
#1537 = DIRECTION('',(-0.632082216282,-1.720626597653E-16,
    -0.774901330403));
#1538 = ORIENTED_EDGE('',*,*,#1477,.F.);
#1539 = ORIENTED_EDGE('',*,*,#289,.F.);
#1540 = PLANE('',#1541);
#1541 = AXIS2_PLACEMENT_3D('',#1542,#1543,#1544);
#1542 = CARTESIAN_POINT('',(17.538461538462,2.986499936242E-14,134.5));
#1543 = DIRECTION('',(0.774901330403,-1.403504459944E-16,-0.632082216282
    ));
#1544 = DIRECTION('',(-0.632082216282,-1.720626597653E-16,
    -0.774901330403));
#1545 = ADVANCED_FACE('',(#1546),#1564,.F.);
#1546 = FACE_BOUND('',#1547,.F.);
#1547 = EDGE_LOOP('',(#1548,#1556,#1562,#1563));
#1548 = ORIENTED_EDGE('',*,*,#1549,.T.);
#1549 = EDGE_CURVE('',#129,#1550,#1552,.T.);
#1550 = VERTEX_POINT('',#1551);
#1551 = CARTESIAN_POINT('',(-32.93030544327,-10.,52.));
#1552 = LINE('',#1553,#1554);
#1553 = CARTESIAN_POINT('',(-32.93030544327,1.15463194561E-14,52.));
#1554 = VECTOR('',#1555,1.);
#1555 = DIRECTION('',(0.,-1.,2.22044604925E-16));
#1556 = ORIENTED_EDGE('',*,*,#1557,.T.);
#1557 = EDGE_CURVE('',#1550,#1504,#1558,.T.);
#1558 = LINE('',#1559,#1560);
#1559 = CARTESIAN_POINT('',(-32.93030544327,-10.,52.));
#1560 = VECTOR('',#1561,1.);
#1561 = DIRECTION('',(-0.653368913008,-1.680965746667E-16,
    -0.757039671031));
#1562 = ORIENTED_EDGE('',*,*,#1511,.F.);
#1563 = ORIENTED_EDGE('',*,*,#128,.F.);
#1564 = PLANE('',#1565);
#1565 = AXIS2_PLACEMENT_3D('',#1566,#1567,#1568);
#1566 = CARTESIAN_POINT('',(-32.93030544327,1.15463194561E-14,52.));
#1567 = DIRECTION('',(0.757039671031,-1.450770421591E-16,-0.653368913008
    ));
#1568 = DIRECTION('',(-0.653368913008,-1.680965746667E-16,
    -0.757039671031));
#1569 = ADVANCED_FACE('',(#1570),#1588,.T.);
#1570 = FACE_BOUND('',#1571,.T.);
#1571 = EDGE_LOOP('',(#1572,#1580,#1586,#1587));
#1572 = ORIENTED_EDGE('',*,*,#1573,.T.);
#1573 = EDGE_CURVE('',#274,#1574,#1576,.T.);
#1574 = VERTEX_POINT('',#1575);
#1575 = CARTESIAN_POINT('',(12.785097692034,-10.,157.67264875133));
#1576 = LINE('',#1577,#1578);
#1577 = CARTESIAN_POINT('',(12.785097692034,3.501036099947E-14,
    157.67264875133));
#1578 = VECTOR('',#1579,1.);
#1579 = DIRECTION('',(0.,-1.,2.22044604925E-16));
#1580 = ORIENTED_EDGE('',*,*,#1581,.T.);
#1581 = EDGE_CURVE('',#1574,#1526,#1582,.T.);
#1582 = LINE('',#1583,#1584);
#1583 = CARTESIAN_POINT('',(12.785097692034,-10.,157.67264875133));
#1584 = VECTOR('',#1585,1.);
#1585 = DIRECTION('',(0.200944143721,-2.175154946474E-16,-0.979602700641
    ));
#1586 = ORIENTED_EDGE('',*,*,#1525,.F.);
#1587 = ORIENTED_EDGE('',*,*,#281,.F.);
#1588 = PLANE('',#1589);
#1589 = AXIS2_PLACEMENT_3D('',#1590,#1591,#1592);
#1590 = CARTESIAN_POINT('',(12.785097692034,3.501036099947E-14,
    157.67264875133));
#1591 = DIRECTION('',(0.979602700641,4.46185630046E-17,0.200944143721));
#1592 = DIRECTION('',(0.200944143721,-2.175154946474E-16,-0.979602700641
    ));
#1593 = ADVANCED_FACE('',(#1594),#1612,.F.);
#1594 = FACE_BOUND('',#1595,.F.);
#1595 = EDGE_LOOP('',(#1596,#1604,#1610,#1611));
#1596 = ORIENTED_EDGE('',*,*,#1597,.T.);
#1597 = EDGE_CURVE('',#137,#1598,#1600,.T.);
#1598 = VERTEX_POINT('',#1599);
#1599 = CARTESIAN_POINT('',(-34.15384615384,-10.,53.5));
#1600 = LINE('',#1601,#1602);
#1601 = CARTESIAN_POINT('',(-34.15384615384,1.187938636349E-14,53.5));
#1602 = VECTOR('',#1603,1.);
#1603 = DIRECTION('',(0.,-1.,2.22044604925E-16));
#1604 = ORIENTED_EDGE('',*,*,#1605,.T.);
#1605 = EDGE_CURVE('',#1598,#1550,#1606,.T.);
#1606 = LINE('',#1607,#1608);
#1607 = CARTESIAN_POINT('',(-34.15384615384,-10.,53.5));
#1608 = VECTOR('',#1609,1.);
#1609 = DIRECTION('',(0.632082216282,-1.720626597653E-16,-0.774901330403
    ));
#1610 = ORIENTED_EDGE('',*,*,#1549,.F.);
#1611 = ORIENTED_EDGE('',*,*,#136,.F.);
#1612 = PLANE('',#1613);
#1613 = AXIS2_PLACEMENT_3D('',#1614,#1615,#1616);
#1614 = CARTESIAN_POINT('',(-34.15384615384,1.187938636349E-14,53.5));
#1615 = DIRECTION('',(0.774901330403,1.403504459944E-16,0.632082216282)
  );
#1616 = DIRECTION('',(0.632082216282,-1.720626597653E-16,-0.774901330403
    ));
#1617 = ADVANCED_FACE('',(#1618),#1636,.T.);
#1618 = FACE_BOUND('',#1619,.T.);
#1619 = EDGE_LOOP('',(#1620,#1628,#1634,#1635));
#1620 = ORIENTED_EDGE('',*,*,#1621,.T.);
#1621 = EDGE_CURVE('',#266,#1622,#1624,.T.);
#1622 = VERTEX_POINT('',#1623);
#1623 = CARTESIAN_POINT('',(10.776459289431,-10.,160.));
#1624 = LINE('',#1625,#1626);
#1625 = CARTESIAN_POINT('',(10.776459289431,3.552713678801E-14,160.));
#1626 = VECTOR('',#1627,1.);
#1627 = DIRECTION('',(0.,-1.,2.22044604925E-16));
#1628 = ORIENTED_EDGE('',*,*,#1629,.T.);
#1629 = EDGE_CURVE('',#1622,#1574,#1630,.T.);
#1630 = LINE('',#1631,#1632);
#1631 = CARTESIAN_POINT('',(10.776459289431,-10.,160.));
#1632 = VECTOR('',#1633,1.);
#1633 = DIRECTION('',(0.653368913008,-1.680965746667E-16,-0.757039671031
    ));
#1634 = ORIENTED_EDGE('',*,*,#1573,.F.);
#1635 = ORIENTED_EDGE('',*,*,#273,.F.);
#1636 = PLANE('',#1637);
#1637 = AXIS2_PLACEMENT_3D('',#1638,#1639,#1640);
#1638 = CARTESIAN_POINT('',(10.776459289431,3.552713678801E-14,160.));
#1639 = DIRECTION('',(0.757039671031,1.450770421591E-16,0.653368913008)
  );
#1640 = DIRECTION('',(0.653368913008,-1.680965746667E-16,-0.757039671031
    ));
#1641 = ADVANCED_FACE('',(#1642),#1660,.T.);
#1642 = FACE_BOUND('',#1643,.T.);
#1643 = EDGE_LOOP('',(#1644,#1645,#1653,#1659));
#1644 = ORIENTED_EDGE('',*,*,#1597,.T.);
#1645 = ORIENTED_EDGE('',*,*,#1646,.T.);
#1646 = EDGE_CURVE('',#1598,#1647,#1649,.T.);
#1647 = VERTEX_POINT('',#1648);
#1648 = CARTESIAN_POINT('',(-29.40048230741,-10.,76.672648751335));
#1649 = LINE('',#1650,#1651);
#1650 = CARTESIAN_POINT('',(-34.15384615384,-10.,53.5));
#1651 = VECTOR('',#1652,1.);
#1652 = DIRECTION('',(0.200944143721,2.175154946474E-16,0.979602700641)
  );
#1653 = ORIENTED_EDGE('',*,*,#1654,.F.);
#1654 = EDGE_CURVE('',#145,#1647,#1655,.T.);
#1655 = LINE('',#1656,#1657);
#1656 = CARTESIAN_POINT('',(-29.40048230741,1.702474800055E-14,
    76.672648751335));
#1657 = VECTOR('',#1658,1.);
#1658 = DIRECTION('',(0.,-1.,2.22044604925E-16));
#1659 = ORIENTED_EDGE('',*,*,#144,.F.);
#1660 = PLANE('',#1661);
#1661 = AXIS2_PLACEMENT_3D('',#1662,#1663,#1664);
#1662 = CARTESIAN_POINT('',(-34.15384615384,1.187938636349E-14,53.5));
#1663 = DIRECTION('',(-0.979602700641,4.46185630046E-17,0.200944143721)
  );
#1664 = DIRECTION('',(0.200944143721,2.175154946474E-16,0.979602700641)
  );
#1665 = ADVANCED_FACE('',(#1666),#1684,.T.);
#1666 = FACE_BOUND('',#1667,.T.);
#1667 = EDGE_LOOP('',(#1668,#1676,#1682,#1683));
#1668 = ORIENTED_EDGE('',*,*,#1669,.T.);
#1669 = EDGE_CURVE('',#258,#1670,#1672,.T.);
#1670 = VERTEX_POINT('',#1671);
#1671 = CARTESIAN_POINT('',(12.,-10.,161.5));
#1672 = LINE('',#1673,#1674);
#1673 = CARTESIAN_POINT('',(12.,3.586020369539E-14,161.5));
#1674 = VECTOR('',#1675,1.);
#1675 = DIRECTION('',(0.,-1.,2.22044604925E-16));
#1676 = ORIENTED_EDGE('',*,*,#1677,.T.);
#1677 = EDGE_CURVE('',#1670,#1622,#1678,.T.);
#1678 = LINE('',#1679,#1680);
#1679 = CARTESIAN_POINT('',(12.,-10.,161.5));
#1680 = VECTOR('',#1681,1.);
#1681 = DIRECTION('',(-0.632082216282,-1.720626597653E-16,
    -0.774901330403));
#1682 = ORIENTED_EDGE('',*,*,#1621,.F.);
#1683 = ORIENTED_EDGE('',*,*,#265,.F.);
#1684 = PLANE('',#1685);
#1685 = AXIS2_PLACEMENT_3D('',#1686,#1687,#1688);
#1686 = CARTESIAN_POINT('',(12.,3.586020369539E-14,161.5));
#1687 = DIRECTION('',(0.774901330403,-1.403504459944E-16,-0.632082216282
    ));
#1688 = DIRECTION('',(-0.632082216282,-1.720626597653E-16,
    -0.774901330403));
#1689 = ADVANCED_FACE('',(#1690),#1708,.F.);
#1690 = FACE_BOUND('',#1691,.F.);
#1691 = EDGE_LOOP('',(#1692,#1700,#1706,#1707));
#1692 = ORIENTED_EDGE('',*,*,#1693,.T.);
#1693 = EDGE_CURVE('',#153,#1694,#1696,.T.);
#1694 = VERTEX_POINT('',#1695);
#1695 = CARTESIAN_POINT('',(-27.39184390481,-10.,79.));
#1696 = LINE('',#1697,#1698);
#1697 = CARTESIAN_POINT('',(-27.39184390481,1.754152378908E-14,79.));
#1698 = VECTOR('',#1699,1.);
#1699 = DIRECTION('',(0.,-1.,2.22044604925E-16));
#1700 = ORIENTED_EDGE('',*,*,#1701,.T.);
#1701 = EDGE_CURVE('',#1694,#1647,#1702,.T.);
#1702 = LINE('',#1703,#1704);
#1703 = CARTESIAN_POINT('',(-27.39184390481,-10.,79.));
#1704 = VECTOR('',#1705,1.);
#1705 = DIRECTION('',(-0.653368913008,-1.680965746667E-16,
    -0.757039671031));
#1706 = ORIENTED_EDGE('',*,*,#1654,.F.);
#1707 = ORIENTED_EDGE('',*,*,#152,.F.);
#1708 = PLANE('',#1709);
#1709 = AXIS2_PLACEMENT_3D('',#1710,#1711,#1712);
#1710 = CARTESIAN_POINT('',(-27.39184390481,1.754152378908E-14,79.));
#1711 = DIRECTION('',(0.757039671031,-1.450770421591E-16,-0.653368913008
    ));
#1712 = DIRECTION('',(-0.653368913008,-1.680965746667E-16,
    -0.757039671031));
#1713 = ADVANCED_FACE('',(#1714),#1732,.T.);
#1714 = FACE_BOUND('',#1715,.T.);
#1715 = EDGE_LOOP('',(#1716,#1717,#1725,#1731));
#1716 = ORIENTED_EDGE('',*,*,#257,.F.);
#1717 = ORIENTED_EDGE('',*,*,#1718,.T.);
#1718 = EDGE_CURVE('',#249,#1719,#1721,.T.);
#1719 = VERTEX_POINT('',#1720);
#1720 = CARTESIAN_POINT('',(0.979602700641,-10.,215.22443683437));
#1721 = LINE('',#1722,#1723);
#1722 = CARTESIAN_POINT('',(0.979602700641,4.77894250471E-14,
    215.22443683437));
#1723 = VECTOR('',#1724,1.);
#1724 = DIRECTION('',(0.,-1.,2.22044604925E-16));
#1725 = ORIENTED_EDGE('',*,*,#1726,.T.);
#1726 = EDGE_CURVE('',#1719,#1670,#1727,.T.);
#1727 = LINE('',#1728,#1729);
#1728 = CARTESIAN_POINT('',(0.,-10.,220.));
#1729 = VECTOR('',#1730,1.);
#1730 = DIRECTION('',(0.200944143721,-2.175154946474E-16,-0.979602700641
    ));
#1731 = ORIENTED_EDGE('',*,*,#1669,.F.);
#1732 = PLANE('',#1733);
#1733 = AXIS2_PLACEMENT_3D('',#1734,#1735,#1736);
#1734 = CARTESIAN_POINT('',(0.,4.884981308351E-14,220.));
#1735 = DIRECTION('',(0.979602700641,4.46185630046E-17,0.200944143721));
#1736 = DIRECTION('',(0.200944143721,-2.175154946474E-16,-0.979602700641
    ));
#1737 = ADVANCED_FACE('',(#1738),#1756,.F.);
#1738 = FACE_BOUND('',#1739,.F.);
#1739 = EDGE_LOOP('',(#1740,#1748,#1754,#1755));
#1740 = ORIENTED_EDGE('',*,*,#1741,.T.);
#1741 = EDGE_CURVE('',#161,#1742,#1744,.T.);
#1742 = VERTEX_POINT('',#1743);
#1743 = CARTESIAN_POINT('',(-28.61538461538,-10.,80.5));
#1744 = LINE('',#1745,#1746);
#1745 = CARTESIAN_POINT('',(-28.61538461538,1.787459069647E-14,80.5));
#1746 = VECTOR('',#1747,1.);
#1747 = DIRECTION('',(0.,-1.,2.22044604925E-16));
#1748 = ORIENTED_EDGE('',*,*,#1749,.T.);
#1749 = EDGE_CURVE('',#1742,#1694,#1750,.T.);
#1750 = LINE('',#1751,#1752);
#1751 = CARTESIAN_POINT('',(-28.61538461538,-10.,80.5));
#1752 = VECTOR('',#1753,1.);
#1753 = DIRECTION('',(0.632082216282,-1.720626597653E-16,-0.774901330403
    ));
#1754 = ORIENTED_EDGE('',*,*,#1693,.F.);
#1755 = ORIENTED_EDGE('',*,*,#160,.F.);
#1756 = PLANE('',#1757);
#1757 = AXIS2_PLACEMENT_3D('',#1758,#1759,#1760);
#1758 = CARTESIAN_POINT('',(-28.61538461538,1.787459069647E-14,80.5));
#1759 = DIRECTION('',(0.774901330403,1.403504459944E-16,0.632082216282)
  );
#1760 = DIRECTION('',(0.632082216282,-1.720626597653E-16,-0.774901330403
    ));
#1761 = ADVANCED_FACE('',(#1762),#1781,.T.);
#1762 = FACE_BOUND('',#1763,.T.);
#1763 = EDGE_LOOP('',(#1764,#1765,#1773,#1780));
#1764 = ORIENTED_EDGE('',*,*,#248,.T.);
#1765 = ORIENTED_EDGE('',*,*,#1766,.T.);
#1766 = EDGE_CURVE('',#241,#1767,#1769,.T.);
#1767 = VERTEX_POINT('',#1768);
#1768 = CARTESIAN_POINT('',(-0.979602700641,-10.,215.22443683437));
#1769 = LINE('',#1770,#1771);
#1770 = CARTESIAN_POINT('',(-0.979602700641,4.77894250471E-14,
    215.22443683437));
#1771 = VECTOR('',#1772,1.);
#1772 = DIRECTION('',(0.,-1.,2.22044604925E-16));
#1773 = ORIENTED_EDGE('',*,*,#1774,.F.);
#1774 = EDGE_CURVE('',#1719,#1767,#1775,.T.);
#1775 = CIRCLE('',#1776,1.);
#1776 = AXIS2_PLACEMENT_3D('',#1777,#1778,#1779);
#1777 = CARTESIAN_POINT('',(-5.329070518201E-15,-10.,215.02349269065));
#1778 = DIRECTION('',(0.,-1.,2.22044604925E-16));
#1779 = DIRECTION('',(0.,-2.22044604925E-16,-1.));
#1780 = ORIENTED_EDGE('',*,*,#1718,.F.);
#1781 = CYLINDRICAL_SURFACE('',#1782,1.);
#1782 = AXIS2_PLACEMENT_3D('',#1783,#1784,#1785);
#1783 = CARTESIAN_POINT('',(-5.329070518201E-15,4.77448064841E-14,
    215.02349269065));
#1784 = DIRECTION('',(0.,-1.,2.22044604925E-16));
#1785 = DIRECTION('',(0.979602700641,4.46185630046E-17,0.200944143721));
#1786 = ADVANCED_FACE('',(#1787),#1805,.T.);
#1787 = FACE_BOUND('',#1788,.T.);
#1788 = EDGE_LOOP('',(#1789,#1790,#1798,#1804));
#1789 = ORIENTED_EDGE('',*,*,#1741,.T.);
#1790 = ORIENTED_EDGE('',*,*,#1791,.T.);
#1791 = EDGE_CURVE('',#1742,#1792,#1794,.T.);
#1792 = VERTEX_POINT('',#1793);
#1793 = CARTESIAN_POINT('',(-23.86202076895,-10.,103.67264875133));
#1794 = LINE('',#1795,#1796);
#1795 = CARTESIAN_POINT('',(-28.61538461538,-10.,80.5));
#1796 = VECTOR('',#1797,1.);
#1797 = DIRECTION('',(0.200944143721,2.175154946474E-16,0.979602700641)
  );
#1798 = ORIENTED_EDGE('',*,*,#1799,.F.);
#1799 = EDGE_CURVE('',#169,#1792,#1800,.T.);
#1800 = LINE('',#1801,#1802);
#1801 = CARTESIAN_POINT('',(-23.86202076895,2.301995233352E-14,
    103.67264875133));
#1802 = VECTOR('',#1803,1.);
#1803 = DIRECTION('',(0.,-1.,2.22044604925E-16));
#1804 = ORIENTED_EDGE('',*,*,#168,.F.);
#1805 = PLANE('',#1806);
#1806 = AXIS2_PLACEMENT_3D('',#1807,#1808,#1809);
#1807 = CARTESIAN_POINT('',(-28.61538461538,1.787459069647E-14,80.5));
#1808 = DIRECTION('',(-0.979602700641,4.46185630046E-17,0.200944143721)
  );
#1809 = DIRECTION('',(0.200944143721,2.175154946474E-16,0.979602700641)
  );
#1810 = ADVANCED_FACE('',(#1811),#1829,.T.);
#1811 = FACE_BOUND('',#1812,.T.);
#1812 = EDGE_LOOP('',(#1813,#1814,#1822,#1828));
#1813 = ORIENTED_EDGE('',*,*,#240,.F.);
#1814 = ORIENTED_EDGE('',*,*,#1815,.T.);
#1815 = EDGE_CURVE('',#233,#1816,#1818,.T.);
#1816 = VERTEX_POINT('',#1817);
#1817 = CARTESIAN_POINT('',(-12.,-10.,161.5));
#1818 = LINE('',#1819,#1820);
#1819 = CARTESIAN_POINT('',(-12.,3.586020369539E-14,161.5));
#1820 = VECTOR('',#1821,1.);
#1821 = DIRECTION('',(0.,-1.,2.22044604925E-16));
#1822 = ORIENTED_EDGE('',*,*,#1823,.T.);
#1823 = EDGE_CURVE('',#1816,#1767,#1824,.T.);
#1824 = LINE('',#1825,#1826);
#1825 = CARTESIAN_POINT('',(-12.,-10.,161.5));
#1826 = VECTOR('',#1827,1.);
#1827 = DIRECTION('',(0.200944143721,2.175154946474E-16,0.979602700641)
  );
#1828 = ORIENTED_EDGE('',*,*,#1766,.F.);
#1829 = PLANE('',#1830);
#1830 = AXIS2_PLACEMENT_3D('',#1831,#1832,#1833);
#1831 = CARTESIAN_POINT('',(-12.,3.586020369539E-14,161.5));
#1832 = DIRECTION('',(-0.979602700641,4.46185630046E-17,0.200944143721)
  );
#1833 = DIRECTION('',(0.200944143721,2.175154946474E-16,0.979602700641)
  );
#1834 = ADVANCED_FACE('',(#1835),#1853,.F.);
#1835 = FACE_BOUND('',#1836,.F.);
#1836 = EDGE_LOOP('',(#1837,#1845,#1851,#1852));
#1837 = ORIENTED_EDGE('',*,*,#1838,.T.);
#1838 = EDGE_CURVE('',#177,#1839,#1841,.T.);
#1839 = VERTEX_POINT('',#1840);
#1840 = CARTESIAN_POINT('',(-21.85338236635,-10.,106.));
#1841 = LINE('',#1842,#1843);
#1842 = CARTESIAN_POINT('',(-21.85338236635,2.353672812205E-14,106.));
#1843 = VECTOR('',#1844,1.);
#1844 = DIRECTION('',(0.,-1.,2.22044604925E-16));
#1845 = ORIENTED_EDGE('',*,*,#1846,.T.);
#1846 = EDGE_CURVE('',#1839,#1792,#1847,.T.);
#1847 = LINE('',#1848,#1849);
#1848 = CARTESIAN_POINT('',(-21.85338236635,-10.,106.));
#1849 = VECTOR('',#1850,1.);
#1850 = DIRECTION('',(-0.653368913008,-1.680965746667E-16,
    -0.757039671031));
#1851 = ORIENTED_EDGE('',*,*,#1799,.F.);
#1852 = ORIENTED_EDGE('',*,*,#176,.F.);
#1853 = PLANE('',#1854);
#1854 = AXIS2_PLACEMENT_3D('',#1855,#1856,#1857);
#1855 = CARTESIAN_POINT('',(-21.85338236635,2.353672812205E-14,106.));
#1856 = DIRECTION('',(0.757039671031,-1.450770421591E-16,-0.653368913008
    ));
#1857 = DIRECTION('',(-0.653368913008,-1.680965746667E-16,
    -0.757039671031));
#1858 = ADVANCED_FACE('',(#1859),#1877,.T.);
#1859 = FACE_BOUND('',#1860,.T.);
#1860 = EDGE_LOOP('',(#1861,#1869,#1875,#1876));
#1861 = ORIENTED_EDGE('',*,*,#1862,.T.);
#1862 = EDGE_CURVE('',#225,#1863,#1865,.T.);
#1863 = VERTEX_POINT('',#1864);
#1864 = CARTESIAN_POINT('',(-10.77645928943,-10.,160.));
#1865 = LINE('',#1866,#1867);
#1866 = CARTESIAN_POINT('',(-10.77645928943,3.552713678801E-14,160.));
#1867 = VECTOR('',#1868,1.);
#1868 = DIRECTION('',(0.,-1.,2.22044604925E-16));
#1869 = ORIENTED_EDGE('',*,*,#1870,.T.);
#1870 = EDGE_CURVE('',#1863,#1816,#1871,.T.);
#1871 = LINE('',#1872,#1873);
#1872 = CARTESIAN_POINT('',(-10.77645928943,-10.,160.));
#1873 = VECTOR('',#1874,1.);
#1874 = DIRECTION('',(-0.632082216282,1.720626597653E-16,0.774901330403)
  );
#1875 = ORIENTED_EDGE('',*,*,#1815,.F.);
#1876 = ORIENTED_EDGE('',*,*,#232,.F.);
#1877 = PLANE('',#1878);
#1878 = AXIS2_PLACEMENT_3D('',#1879,#1880,#1881);
#1879 = CARTESIAN_POINT('',(-10.77645928943,3.552713678801E-14,160.));
#1880 = DIRECTION('',(-0.774901330403,-1.403504459944E-16,
    -0.632082216282));
#1881 = DIRECTION('',(-0.632082216282,1.720626597653E-16,0.774901330403)
  );
#1882 = ADVANCED_FACE('',(#1883),#1901,.F.);
#1883 = FACE_BOUND('',#1884,.F.);
#1884 = EDGE_LOOP('',(#1885,#1893,#1899,#1900));
#1885 = ORIENTED_EDGE('',*,*,#1886,.T.);
#1886 = EDGE_CURVE('',#185,#1887,#1889,.T.);
#1887 = VERTEX_POINT('',#1888);
#1888 = CARTESIAN_POINT('',(-23.07692307692,-10.,107.5));
#1889 = LINE('',#1890,#1891);
#1890 = CARTESIAN_POINT('',(-23.07692307692,2.386979502944E-14,107.5));
#1891 = VECTOR('',#1892,1.);
#1892 = DIRECTION('',(0.,-1.,2.22044604925E-16));
#1893 = ORIENTED_EDGE('',*,*,#1894,.T.);
#1894 = EDGE_CURVE('',#1887,#1839,#1895,.T.);
#1895 = LINE('',#1896,#1897);
#1896 = CARTESIAN_POINT('',(-23.07692307692,-10.,107.5));
#1897 = VECTOR('',#1898,1.);
#1898 = DIRECTION('',(0.632082216282,-1.720626597653E-16,-0.774901330403
    ));
#1899 = ORIENTED_EDGE('',*,*,#1838,.F.);
#1900 = ORIENTED_EDGE('',*,*,#184,.F.);
#1901 = PLANE('',#1902);
#1902 = AXIS2_PLACEMENT_3D('',#1903,#1904,#1905);
#1903 = CARTESIAN_POINT('',(-23.07692307692,2.386979502944E-14,107.5));
#1904 = DIRECTION('',(0.774901330403,1.403504459944E-16,0.632082216282)
  );
#1905 = DIRECTION('',(0.632082216282,-1.720626597653E-16,-0.774901330403
    ));
#1906 = ADVANCED_FACE('',(#1907),#1925,.T.);
#1907 = FACE_BOUND('',#1908,.T.);
#1908 = EDGE_LOOP('',(#1909,#1917,#1923,#1924));
#1909 = ORIENTED_EDGE('',*,*,#1910,.T.);
#1910 = EDGE_CURVE('',#217,#1911,#1913,.T.);
#1911 = VERTEX_POINT('',#1912);
#1912 = CARTESIAN_POINT('',(-12.78509769203,-10.,157.67264875133));
#1913 = LINE('',#1914,#1915);
#1914 = CARTESIAN_POINT('',(-12.78509769203,3.501036099947E-14,
    157.67264875133));
#1915 = VECTOR('',#1916,1.);
#1916 = DIRECTION('',(0.,-1.,2.22044604925E-16));
#1917 = ORIENTED_EDGE('',*,*,#1918,.T.);
#1918 = EDGE_CURVE('',#1911,#1863,#1919,.T.);
#1919 = LINE('',#1920,#1921);
#1920 = CARTESIAN_POINT('',(-12.78509769203,-10.,157.67264875133));
#1921 = VECTOR('',#1922,1.);
#1922 = DIRECTION('',(0.653368913008,1.680965746667E-16,0.757039671031)
  );
#1923 = ORIENTED_EDGE('',*,*,#1862,.F.);
#1924 = ORIENTED_EDGE('',*,*,#224,.F.);
#1925 = PLANE('',#1926);
#1926 = AXIS2_PLACEMENT_3D('',#1927,#1928,#1929);
#1927 = CARTESIAN_POINT('',(-12.78509769203,3.501036099947E-14,
    157.67264875133));
#1928 = DIRECTION('',(-0.757039671031,1.450770421591E-16,0.653368913008)
  );
#1929 = DIRECTION('',(0.653368913008,1.680965746667E-16,0.757039671031)
  );
#1930 = ADVANCED_FACE('',(#1931),#1949,.T.);
#1931 = FACE_BOUND('',#1932,.T.);
#1932 = EDGE_LOOP('',(#1933,#1934,#1942,#1948));
#1933 = ORIENTED_EDGE('',*,*,#1886,.T.);
#1934 = ORIENTED_EDGE('',*,*,#1935,.T.);
#1935 = EDGE_CURVE('',#1887,#1936,#1938,.T.);
#1936 = VERTEX_POINT('',#1937);
#1937 = CARTESIAN_POINT('',(-18.32355923049,-10.,130.67264875133));
#1938 = LINE('',#1939,#1940);
#1939 = CARTESIAN_POINT('',(-23.07692307692,-10.,107.5));
#1940 = VECTOR('',#1941,1.);
#1941 = DIRECTION('',(0.200944143721,2.175154946474E-16,0.979602700641)
  );
#1942 = ORIENTED_EDGE('',*,*,#1943,.F.);
#1943 = EDGE_CURVE('',#193,#1936,#1944,.T.);
#1944 = LINE('',#1945,#1946);
#1945 = CARTESIAN_POINT('',(-18.32355923049,2.90151566665E-14,
    130.67264875133));
#1946 = VECTOR('',#1947,1.);
#1947 = DIRECTION('',(0.,-1.,2.22044604925E-16));
#1948 = ORIENTED_EDGE('',*,*,#192,.F.);
#1949 = PLANE('',#1950);
#1950 = AXIS2_PLACEMENT_3D('',#1951,#1952,#1953);
#1951 = CARTESIAN_POINT('',(-23.07692307692,2.386979502944E-14,107.5));
#1952 = DIRECTION('',(-0.979602700641,4.46185630046E-17,0.200944143721)
  );
#1953 = DIRECTION('',(0.200944143721,2.175154946474E-16,0.979602700641)
  );
#1954 = ADVANCED_FACE('',(#1955),#1973,.T.);
#1955 = FACE_BOUND('',#1956,.T.);
#1956 = EDGE_LOOP('',(#1957,#1965,#1971,#1972));
#1957 = ORIENTED_EDGE('',*,*,#1958,.T.);
#1958 = EDGE_CURVE('',#209,#1959,#1961,.T.);
#1959 = VERTEX_POINT('',#1960);
#1960 = CARTESIAN_POINT('',(-17.53846153846,-10.,134.5));
#1961 = LINE('',#1962,#1963);
#1962 = CARTESIAN_POINT('',(-17.53846153846,2.986499936242E-14,134.5));
#1963 = VECTOR('',#1964,1.);
#1964 = DIRECTION('',(0.,-1.,2.22044604925E-16));
#1965 = ORIENTED_EDGE('',*,*,#1966,.T.);
#1966 = EDGE_CURVE('',#1959,#1911,#1967,.T.);
#1967 = LINE('',#1968,#1969);
#1968 = CARTESIAN_POINT('',(-17.53846153846,-10.,134.5));
#1969 = VECTOR('',#1970,1.);
#1970 = DIRECTION('',(0.200944143721,2.175154946474E-16,0.979602700641)
  );
#1971 = ORIENTED_EDGE('',*,*,#1910,.F.);
#1972 = ORIENTED_EDGE('',*,*,#216,.F.);
#1973 = PLANE('',#1974);
#1974 = AXIS2_PLACEMENT_3D('',#1975,#1976,#1977);
#1975 = CARTESIAN_POINT('',(-17.53846153846,2.986499936242E-14,134.5));
#1976 = DIRECTION('',(-0.979602700641,4.46185630046E-17,0.200944143721)
  );
#1977 = DIRECTION('',(0.200944143721,2.175154946474E-16,0.979602700641)
  );
#1978 = ADVANCED_FACE('',(#1979),#1997,.F.);
#1979 = FACE_BOUND('',#1980,.F.);
#1980 = EDGE_LOOP('',(#1981,#1989,#1995,#1996));
#1981 = ORIENTED_EDGE('',*,*,#1982,.T.);
#1982 = EDGE_CURVE('',#201,#1983,#1985,.T.);
#1983 = VERTEX_POINT('',#1984);
#1984 = CARTESIAN_POINT('',(-16.31492082789,-10.,133.));
#1985 = LINE('',#1986,#1987);
#1986 = CARTESIAN_POINT('',(-16.31492082789,2.953193245503E-14,133.));
#1987 = VECTOR('',#1988,1.);
#1988 = DIRECTION('',(0.,-1.,2.22044604925E-16));
#1989 = ORIENTED_EDGE('',*,*,#1990,.T.);
#1990 = EDGE_CURVE('',#1983,#1936,#1991,.T.);
#1991 = LINE('',#1992,#1993);
#1992 = CARTESIAN_POINT('',(-16.31492082789,-10.,133.));
#1993 = VECTOR('',#1994,1.);
#1994 = DIRECTION('',(-0.653368913008,-1.680965746667E-16,
    -0.757039671031));
#1995 = ORIENTED_EDGE('',*,*,#1943,.F.);
#1996 = ORIENTED_EDGE('',*,*,#200,.F.);
#1997 = PLANE('',#1998);
#1998 = AXIS2_PLACEMENT_3D('',#1999,#2000,#2001);
#1999 = CARTESIAN_POINT('',(-16.31492082789,2.953193245503E-14,133.));
#2000 = DIRECTION('',(0.757039671031,-1.450770421591E-16,-0.653368913008
    ));
#2001 = DIRECTION('',(-0.653368913008,-1.680965746667E-16,
    -0.757039671031));
#2002 = ADVANCED_FACE('',(#2003),#2014,.F.);
#2003 = FACE_BOUND('',#2004,.F.);
#2004 = EDGE_LOOP('',(#2005,#2006,#2012,#2013));
#2005 = ORIENTED_EDGE('',*,*,#1958,.T.);
#2006 = ORIENTED_EDGE('',*,*,#2007,.T.);
#2007 = EDGE_CURVE('',#1959,#1983,#2008,.T.);
#2008 = LINE('',#2009,#2010);
#2009 = CARTESIAN_POINT('',(-17.53846153846,-10.,134.5));
#2010 = VECTOR('',#2011,1.);
#2011 = DIRECTION('',(0.632082216282,-1.720626597653E-16,-0.774901330403
    ));
#2012 = ORIENTED_EDGE('',*,*,#1982,.F.);
#2013 = ORIENTED_EDGE('',*,*,#208,.F.);
#2014 = PLANE('',#2015);
#2015 = AXIS2_PLACEMENT_3D('',#2016,#2017,#2018);
#2016 = CARTESIAN_POINT('',(-17.53846153846,2.986499936242E-14,134.5));
#2017 = DIRECTION('',(0.774901330403,1.403504459944E-16,0.632082216282)
  );
#2018 = DIRECTION('',(0.632082216282,-1.720626597653E-16,-0.774901330403
    ));
#2019 = ADVANCED_FACE('',(#2020),#2045,.T.);
#2020 = FACE_BOUND('',#2021,.T.);
#2021 = EDGE_LOOP('',(#2022,#2030,#2038,#2044));
#2022 = ORIENTED_EDGE('',*,*,#2023,.T.);
#2023 = EDGE_CURVE('',#395,#2024,#2026,.T.);
#2024 = VERTEX_POINT('',#2025);
#2025 = CARTESIAN_POINT('',(36.937489045896,-10.,25.000212081912));
#2026 = LINE('',#2027,#2028);
#2027 = CARTESIAN_POINT('',(36.937489045896,5.55116221477E-15,
    25.000212081912));
#2028 = VECTOR('',#2029,1.);
#2029 = DIRECTION('',(0.,-1.,2.22044604925E-16));
#2030 = ORIENTED_EDGE('',*,*,#2031,.T.);
#2031 = EDGE_CURVE('',#2024,#2032,#2034,.T.);
#2032 = VERTEX_POINT('',#2033);
#2033 = CARTESIAN_POINT('',(31.706765093192,-10.,50.5));
#2034 = LINE('',#2035,#2036);
#2035 = CARTESIAN_POINT('',(36.937489045896,-10.,25.000212081912));
#2036 = VECTOR('',#2037,1.);
#2037 = DIRECTION('',(-0.20094407832,2.175154976263E-16,0.979602714057)
  );
#2038 = ORIENTED_EDGE('',*,*,#2039,.F.);
#2039 = EDGE_CURVE('',#397,#2032,#2040,.T.);
#2040 = LINE('',#2041,#2042);
#2041 = CARTESIAN_POINT('',(31.706765093192,1.121325254871E-14,50.5));
#2042 = VECTOR('',#2043,1.);
#2043 = DIRECTION('',(0.,-1.,2.22044604925E-16));
#2044 = ORIENTED_EDGE('',*,*,#394,.F.);
#2045 = PLANE('',#2046);
#2046 = AXIS2_PLACEMENT_3D('',#2047,#2048,#2049);
#2047 = CARTESIAN_POINT('',(36.937489045896,5.55116221477E-15,
    25.000212081912));
#2048 = DIRECTION('',(-0.979602714057,-4.461854848256E-17,-0.20094407832
    ));
#2049 = DIRECTION('',(-0.20094407832,2.175154976263E-16,0.979602714057)
  );
#2050 = ADVANCED_FACE('',(#2051),#2069,.F.);
#2051 = FACE_BOUND('',#2052,.F.);
#2052 = EDGE_LOOP('',(#2053,#2061,#2067,#2068));
#2053 = ORIENTED_EDGE('',*,*,#2054,.T.);
#2054 = EDGE_CURVE('',#405,#2055,#2057,.T.);
#2055 = VERTEX_POINT('',#2056);
#2056 = CARTESIAN_POINT('',(24.863341711109,-10.,50.5));
#2057 = LINE('',#2058,#2059);
#2058 = CARTESIAN_POINT('',(24.863341711109,1.121325254871E-14,50.5));
#2059 = VECTOR('',#2060,1.);
#2060 = DIRECTION('',(0.,-1.,2.22044604925E-16));
#2061 = ORIENTED_EDGE('',*,*,#2062,.T.);
#2062 = EDGE_CURVE('',#2055,#2032,#2063,.T.);
#2063 = LINE('',#2064,#2065);
#2064 = CARTESIAN_POINT('',(24.863341711109,-10.,50.5));
#2065 = VECTOR('',#2066,1.);
#2066 = DIRECTION('',(1.,0.,0.));
#2067 = ORIENTED_EDGE('',*,*,#2039,.F.);
#2068 = ORIENTED_EDGE('',*,*,#404,.F.);
#2069 = PLANE('',#2070);
#2070 = AXIS2_PLACEMENT_3D('',#2071,#2072,#2073);
#2071 = CARTESIAN_POINT('',(24.863341711109,1.121325254871E-14,50.5));
#2072 = DIRECTION('',(0.,2.22044604925E-16,1.));
#2073 = DIRECTION('',(1.,0.,0.));
#2074 = ADVANCED_FACE('',(#2075),#2093,.F.);
#2075 = FACE_BOUND('',#2076,.F.);
#2076 = EDGE_LOOP('',(#2077,#2085,#2091,#2092));
#2077 = ORIENTED_EDGE('',*,*,#2078,.T.);
#2078 = EDGE_CURVE('',#413,#2079,#2081,.T.);
#2079 = VERTEX_POINT('',#2080);
#2080 = CARTESIAN_POINT('',(25.409297062508,-10.,49.));
#2081 = LINE('',#2082,#2083);
#2082 = CARTESIAN_POINT('',(25.409297062508,1.088018564133E-14,49.));
#2083 = VECTOR('',#2084,1.);
#2084 = DIRECTION('',(0.,-1.,2.22044604925E-16));
#2085 = ORIENTED_EDGE('',*,*,#2086,.T.);
#2086 = EDGE_CURVE('',#2079,#2055,#2087,.T.);
#2087 = LINE('',#2088,#2089);
#2088 = CARTESIAN_POINT('',(25.409297062508,-10.,49.));
#2089 = VECTOR('',#2090,1.);
#2090 = DIRECTION('',(-0.342020143326,2.086536767334E-16,0.939692620786)
  );
#2091 = ORIENTED_EDGE('',*,*,#2054,.F.);
#2092 = ORIENTED_EDGE('',*,*,#412,.F.);
#2093 = PLANE('',#2094);
#2094 = AXIS2_PLACEMENT_3D('',#2095,#2096,#2097);
#2095 = CARTESIAN_POINT('',(25.409297062508,1.088018564133E-14,49.));
#2096 = DIRECTION('',(-0.939692620786,-7.594372760115E-17,
    -0.342020143326));
#2097 = DIRECTION('',(-0.342020143326,2.086536767334E-16,0.939692620786)
  );
#2098 = ADVANCED_FACE('',(#2099),#2117,.F.);
#2099 = FACE_BOUND('',#2100,.F.);
#2100 = EDGE_LOOP('',(#2101,#2109,#2115,#2116));
#2101 = ORIENTED_EDGE('',*,*,#2102,.T.);
#2102 = EDGE_CURVE('',#421,#2103,#2105,.T.);
#2103 = VERTEX_POINT('',#2104);
#2104 = CARTESIAN_POINT('',(-25.4092970625,-10.,49.));
#2105 = LINE('',#2106,#2107);
#2106 = CARTESIAN_POINT('',(-25.4092970625,1.088018564133E-14,49.));
#2107 = VECTOR('',#2108,1.);
#2108 = DIRECTION('',(0.,-1.,2.22044604925E-16));
#2109 = ORIENTED_EDGE('',*,*,#2110,.T.);
#2110 = EDGE_CURVE('',#2103,#2079,#2111,.T.);
#2111 = LINE('',#2112,#2113);
#2112 = CARTESIAN_POINT('',(-25.4092970625,-10.,49.));
#2113 = VECTOR('',#2114,1.);
#2114 = DIRECTION('',(1.,0.,0.));
#2115 = ORIENTED_EDGE('',*,*,#2078,.F.);
#2116 = ORIENTED_EDGE('',*,*,#420,.F.);
#2117 = PLANE('',#2118);
#2118 = AXIS2_PLACEMENT_3D('',#2119,#2120,#2121);
#2119 = CARTESIAN_POINT('',(-25.4092970625,1.088018564133E-14,49.));
#2120 = DIRECTION('',(0.,2.22044604925E-16,1.));
#2121 = DIRECTION('',(1.,0.,0.));
#2122 = ADVANCED_FACE('',(#2123),#2141,.F.);
#2123 = FACE_BOUND('',#2124,.F.);
#2124 = EDGE_LOOP('',(#2125,#2133,#2139,#2140));
#2125 = ORIENTED_EDGE('',*,*,#2126,.T.);
#2126 = EDGE_CURVE('',#429,#2127,#2129,.T.);
#2127 = VERTEX_POINT('',#2128);
#2128 = CARTESIAN_POINT('',(-24.8633417111,-10.,50.5));
#2129 = LINE('',#2130,#2131);
#2130 = CARTESIAN_POINT('',(-24.8633417111,1.121325254871E-14,50.5));
#2131 = VECTOR('',#2132,1.);
#2132 = DIRECTION('',(0.,-1.,2.22044604925E-16));
#2133 = ORIENTED_EDGE('',*,*,#2134,.T.);
#2134 = EDGE_CURVE('',#2127,#2103,#2135,.T.);
#2135 = LINE('',#2136,#2137);
#2136 = CARTESIAN_POINT('',(-24.8633417111,-10.,50.5));
#2137 = VECTOR('',#2138,1.);
#2138 = DIRECTION('',(-0.342020143326,-2.086536767334E-16,
    -0.939692620786));
#2139 = ORIENTED_EDGE('',*,*,#2102,.F.);
#2140 = ORIENTED_EDGE('',*,*,#428,.F.);
#2141 = PLANE('',#2142);
#2142 = AXIS2_PLACEMENT_3D('',#2143,#2144,#2145);
#2143 = CARTESIAN_POINT('',(-24.8633417111,1.121325254871E-14,50.5));
#2144 = DIRECTION('',(0.939692620786,-7.594372760115E-17,-0.342020143326
    ));
#2145 = DIRECTION('',(-0.342020143326,-2.086536767334E-16,
    -0.939692620786));
#2146 = ADVANCED_FACE('',(#2147),#2165,.F.);
#2147 = FACE_BOUND('',#2148,.F.);
#2148 = EDGE_LOOP('',(#2149,#2157,#2163,#2164));
#2149 = ORIENTED_EDGE('',*,*,#2150,.T.);
#2150 = EDGE_CURVE('',#437,#2151,#2153,.T.);
#2151 = VERTEX_POINT('',#2152);
#2152 = CARTESIAN_POINT('',(-31.7067633191,-10.,50.5));
#2153 = LINE('',#2154,#2155);
#2154 = CARTESIAN_POINT('',(-31.7067633191,1.121325254871E-14,50.5));
#2155 = VECTOR('',#2156,1.);
#2156 = DIRECTION('',(0.,-1.,2.22044604925E-16));
#2157 = ORIENTED_EDGE('',*,*,#2158,.T.);
#2158 = EDGE_CURVE('',#2151,#2127,#2159,.T.);
#2159 = LINE('',#2160,#2161);
#2160 = CARTESIAN_POINT('',(-31.7067633191,-10.,50.5));
#2161 = VECTOR('',#2162,1.);
#2162 = DIRECTION('',(1.,0.,0.));
#2163 = ORIENTED_EDGE('',*,*,#2126,.F.);
#2164 = ORIENTED_EDGE('',*,*,#436,.F.);
#2165 = PLANE('',#2166);
#2166 = AXIS2_PLACEMENT_3D('',#2167,#2168,#2169);
#2167 = CARTESIAN_POINT('',(-31.7067633191,1.121325254871E-14,50.5));
#2168 = DIRECTION('',(0.,2.22044604925E-16,1.));
#2169 = DIRECTION('',(1.,0.,0.));
#2170 = ADVANCED_FACE('',(#2171),#2189,.T.);
#2171 = FACE_BOUND('',#2172,.T.);
#2172 = EDGE_LOOP('',(#2173,#2174,#2182,#2188));
#2173 = ORIENTED_EDGE('',*,*,#2150,.T.);
#2174 = ORIENTED_EDGE('',*,*,#2175,.T.);
#2175 = EDGE_CURVE('',#2151,#2176,#2178,.T.);
#2176 = VERTEX_POINT('',#2177);
#2177 = CARTESIAN_POINT('',(-36.93748904589,-10.,25.000212081912));
#2178 = LINE('',#2179,#2180);
#2179 = CARTESIAN_POINT('',(-31.7067633191,-10.,50.5));
#2180 = VECTOR('',#2181,1.);
#2181 = DIRECTION('',(-0.200944143721,-2.175154946474E-16,
    -0.979602700641));
#2182 = ORIENTED_EDGE('',*,*,#2183,.F.);
#2183 = EDGE_CURVE('',#445,#2176,#2184,.T.);
#2184 = LINE('',#2185,#2186);
#2185 = CARTESIAN_POINT('',(-36.93748904589,5.55116221477E-15,
    25.000212081912));
#2186 = VECTOR('',#2187,1.);
#2187 = DIRECTION('',(0.,-1.,2.22044604925E-16));
#2188 = ORIENTED_EDGE('',*,*,#444,.F.);
#2189 = PLANE('',#2190);
#2190 = AXIS2_PLACEMENT_3D('',#2191,#2192,#2193);
#2191 = CARTESIAN_POINT('',(-31.7067633191,1.121325254871E-14,50.5));
#2192 = DIRECTION('',(0.979602700641,-4.46185630046E-17,-0.200944143721)
  );
#2193 = DIRECTION('',(-0.200944143721,-2.175154946474E-16,
    -0.979602700641));
#2194 = ADVANCED_FACE('',(#2195),#2206,.F.);
#2195 = FACE_BOUND('',#2196,.F.);
#2196 = EDGE_LOOP('',(#2197,#2198,#2204,#2205));
#2197 = ORIENTED_EDGE('',*,*,#2023,.T.);
#2198 = ORIENTED_EDGE('',*,*,#2199,.T.);
#2199 = EDGE_CURVE('',#2024,#2176,#2200,.T.);
#2200 = LINE('',#2201,#2202);
#2201 = CARTESIAN_POINT('',(36.937489045896,-10.,25.000212081912));
#2202 = VECTOR('',#2203,1.);
#2203 = DIRECTION('',(-1.,0.,0.));
#2204 = ORIENTED_EDGE('',*,*,#2183,.F.);
#2205 = ORIENTED_EDGE('',*,*,#452,.F.);
#2206 = PLANE('',#2207);
#2207 = AXIS2_PLACEMENT_3D('',#2208,#2209,#2210);
#2208 = CARTESIAN_POINT('',(36.937489045896,5.55116221477E-15,
    25.000212081912));
#2209 = DIRECTION('',(-0.,-2.22044604925E-16,-1.));
#2210 = DIRECTION('',(-1.,0.,0.));
#2211 = ADVANCED_FACE('',(#2212),#2237,.F.);
#2212 = FACE_BOUND('',#2213,.F.);
#2213 = EDGE_LOOP('',(#2214,#2222,#2230,#2236));
#2214 = ORIENTED_EDGE('',*,*,#2215,.T.);
#2215 = EDGE_CURVE('',#461,#2216,#2218,.T.);
#2216 = VERTEX_POINT('',#2217);
#2217 = CARTESIAN_POINT('',(30.994098215782,-10.,53.5));
#2218 = LINE('',#2219,#2220);
#2219 = CARTESIAN_POINT('',(30.994098215782,1.187938636349E-14,53.5));
#2220 = VECTOR('',#2221,1.);
#2221 = DIRECTION('',(0.,-1.,2.22044604925E-16));
#2222 = ORIENTED_EDGE('',*,*,#2223,.T.);
#2223 = EDGE_CURVE('',#2216,#2224,#2226,.T.);
#2224 = VERTEX_POINT('',#2225);
#2225 = CARTESIAN_POINT('',(24.863341711109,-10.,53.5));
#2226 = LINE('',#2227,#2228);
#2227 = CARTESIAN_POINT('',(30.994098215782,-10.,53.5));
#2228 = VECTOR('',#2229,1.);
#2229 = DIRECTION('',(-1.,0.,0.));
#2230 = ORIENTED_EDGE('',*,*,#2231,.F.);
#2231 = EDGE_CURVE('',#463,#2224,#2232,.T.);
#2232 = LINE('',#2233,#2234);
#2233 = CARTESIAN_POINT('',(24.863341711109,1.187938636349E-14,53.5));
#2234 = VECTOR('',#2235,1.);
#2235 = DIRECTION('',(0.,-1.,2.22044604925E-16));
#2236 = ORIENTED_EDGE('',*,*,#460,.F.);
#2237 = PLANE('',#2238);
#2238 = AXIS2_PLACEMENT_3D('',#2239,#2240,#2241);
#2239 = CARTESIAN_POINT('',(30.994098215782,1.187938636349E-14,53.5));
#2240 = DIRECTION('',(-0.,-2.22044604925E-16,-1.));
#2241 = DIRECTION('',(-1.,0.,0.));
#2242 = ADVANCED_FACE('',(#2243),#2261,.F.);
#2243 = FACE_BOUND('',#2244,.F.);
#2244 = EDGE_LOOP('',(#2245,#2246,#2254,#2260));
#2245 = ORIENTED_EDGE('',*,*,#2231,.T.);
#2246 = ORIENTED_EDGE('',*,*,#2247,.T.);
#2247 = EDGE_CURVE('',#2224,#2248,#2250,.T.);
#2248 = VERTEX_POINT('',#2249);
#2249 = CARTESIAN_POINT('',(25.409297062508,-10.,55.));
#2250 = LINE('',#2251,#2252);
#2251 = CARTESIAN_POINT('',(24.863341711109,-10.,53.5));
#2252 = VECTOR('',#2253,1.);
#2253 = DIRECTION('',(0.342020143326,2.086536767334E-16,0.939692620786)
  );
#2254 = ORIENTED_EDGE('',*,*,#2255,.F.);
#2255 = EDGE_CURVE('',#471,#2248,#2256,.T.);
#2256 = LINE('',#2257,#2258);
#2257 = CARTESIAN_POINT('',(25.409297062508,1.221245327088E-14,55.));
#2258 = VECTOR('',#2259,1.);
#2259 = DIRECTION('',(0.,-1.,2.22044604925E-16));
#2260 = ORIENTED_EDGE('',*,*,#470,.F.);
#2261 = PLANE('',#2262);
#2262 = AXIS2_PLACEMENT_3D('',#2263,#2264,#2265);
#2263 = CARTESIAN_POINT('',(24.863341711109,1.187938636349E-14,53.5));
#2264 = DIRECTION('',(-0.939692620786,7.594372760115E-17,0.342020143326)
  );
#2265 = DIRECTION('',(0.342020143326,2.086536767334E-16,0.939692620786)
  );
#2266 = ADVANCED_FACE('',(#2267),#2285,.F.);
#2267 = FACE_BOUND('',#2268,.F.);
#2268 = EDGE_LOOP('',(#2269,#2270,#2278,#2284));
#2269 = ORIENTED_EDGE('',*,*,#2255,.T.);
#2270 = ORIENTED_EDGE('',*,*,#2271,.T.);
#2271 = EDGE_CURVE('',#2248,#2272,#2274,.T.);
#2272 = VERTEX_POINT('',#2273);
#2273 = CARTESIAN_POINT('',(-25.4092970625,-10.,55.));
#2274 = LINE('',#2275,#2276);
#2275 = CARTESIAN_POINT('',(25.409297062508,-10.,55.));
#2276 = VECTOR('',#2277,1.);
#2277 = DIRECTION('',(-1.,0.,0.));
#2278 = ORIENTED_EDGE('',*,*,#2279,.F.);
#2279 = EDGE_CURVE('',#479,#2272,#2280,.T.);
#2280 = LINE('',#2281,#2282);
#2281 = CARTESIAN_POINT('',(-25.4092970625,1.221245327088E-14,55.));
#2282 = VECTOR('',#2283,1.);
#2283 = DIRECTION('',(0.,-1.,2.22044604925E-16));
#2284 = ORIENTED_EDGE('',*,*,#478,.F.);
#2285 = PLANE('',#2286);
#2286 = AXIS2_PLACEMENT_3D('',#2287,#2288,#2289);
#2287 = CARTESIAN_POINT('',(25.409297062508,1.221245327088E-14,55.));
#2288 = DIRECTION('',(-0.,-2.22044604925E-16,-1.));
#2289 = DIRECTION('',(-1.,0.,0.));
#2290 = ADVANCED_FACE('',(#2291),#2309,.F.);
#2291 = FACE_BOUND('',#2292,.F.);
#2292 = EDGE_LOOP('',(#2293,#2294,#2302,#2308));
#2293 = ORIENTED_EDGE('',*,*,#2279,.T.);
#2294 = ORIENTED_EDGE('',*,*,#2295,.T.);
#2295 = EDGE_CURVE('',#2272,#2296,#2298,.T.);
#2296 = VERTEX_POINT('',#2297);
#2297 = CARTESIAN_POINT('',(-24.8633417111,-10.,53.5));
#2298 = LINE('',#2299,#2300);
#2299 = CARTESIAN_POINT('',(-25.4092970625,-10.,55.));
#2300 = VECTOR('',#2301,1.);
#2301 = DIRECTION('',(0.342020143326,-2.086536767334E-16,-0.939692620786
    ));
#2302 = ORIENTED_EDGE('',*,*,#2303,.F.);
#2303 = EDGE_CURVE('',#487,#2296,#2304,.T.);
#2304 = LINE('',#2305,#2306);
#2305 = CARTESIAN_POINT('',(-24.8633417111,1.187938636349E-14,53.5));
#2306 = VECTOR('',#2307,1.);
#2307 = DIRECTION('',(0.,-1.,2.22044604925E-16));
#2308 = ORIENTED_EDGE('',*,*,#486,.F.);
#2309 = PLANE('',#2310);
#2310 = AXIS2_PLACEMENT_3D('',#2311,#2312,#2313);
#2311 = CARTESIAN_POINT('',(-25.4092970625,1.221245327088E-14,55.));
#2312 = DIRECTION('',(0.939692620786,7.594372760115E-17,0.342020143326)
  );
#2313 = DIRECTION('',(0.342020143326,-2.086536767334E-16,-0.939692620786
    ));
#2314 = ADVANCED_FACE('',(#2315),#2333,.F.);
#2315 = FACE_BOUND('',#2316,.F.);
#2316 = EDGE_LOOP('',(#2317,#2318,#2326,#2332));
#2317 = ORIENTED_EDGE('',*,*,#2303,.T.);
#2318 = ORIENTED_EDGE('',*,*,#2319,.T.);
#2319 = EDGE_CURVE('',#2296,#2320,#2322,.T.);
#2320 = VERTEX_POINT('',#2321);
#2321 = CARTESIAN_POINT('',(-31.09137870372,-10.,53.5));
#2322 = LINE('',#2323,#2324);
#2323 = CARTESIAN_POINT('',(-24.8633417111,-10.,53.5));
#2324 = VECTOR('',#2325,1.);
#2325 = DIRECTION('',(-1.,0.,0.));
#2326 = ORIENTED_EDGE('',*,*,#2327,.F.);
#2327 = EDGE_CURVE('',#495,#2320,#2328,.T.);
#2328 = LINE('',#2329,#2330);
#2329 = CARTESIAN_POINT('',(-31.09137870372,1.187938636349E-14,53.5));
#2330 = VECTOR('',#2331,1.);
#2331 = DIRECTION('',(0.,-1.,2.22044604925E-16));
#2332 = ORIENTED_EDGE('',*,*,#494,.F.);
#2333 = PLANE('',#2334);
#2334 = AXIS2_PLACEMENT_3D('',#2335,#2336,#2337);
#2335 = CARTESIAN_POINT('',(-24.8633417111,1.187938636349E-14,53.5));
#2336 = DIRECTION('',(-0.,-2.22044604925E-16,-1.));
#2337 = DIRECTION('',(-1.,0.,0.));
#2338 = ADVANCED_FACE('',(#2339),#2357,.T.);
#2339 = FACE_BOUND('',#2340,.T.);
#2340 = EDGE_LOOP('',(#2341,#2349,#2355,#2356));
#2341 = ORIENTED_EDGE('',*,*,#2342,.T.);
#2342 = EDGE_CURVE('',#503,#2343,#2345,.T.);
#2343 = VERTEX_POINT('',#2344);
#2344 = CARTESIAN_POINT('',(-26.16830178064,-10.,77.5));
#2345 = LINE('',#2346,#2347);
#2346 = CARTESIAN_POINT('',(-26.16830178064,1.720845688169E-14,77.5));
#2347 = VECTOR('',#2348,1.);
#2348 = DIRECTION('',(0.,-1.,2.22044604925E-16));
#2349 = ORIENTED_EDGE('',*,*,#2350,.T.);
#2350 = EDGE_CURVE('',#2343,#2320,#2351,.T.);
#2351 = LINE('',#2352,#2353);
#2352 = CARTESIAN_POINT('',(-26.16830178064,-10.,77.5));
#2353 = VECTOR('',#2354,1.);
#2354 = DIRECTION('',(-0.200944143721,-2.175154946474E-16,
    -0.979602700641));
#2355 = ORIENTED_EDGE('',*,*,#2327,.F.);
#2356 = ORIENTED_EDGE('',*,*,#502,.F.);
#2357 = PLANE('',#2358);
#2358 = AXIS2_PLACEMENT_3D('',#2359,#2360,#2361);
#2359 = CARTESIAN_POINT('',(-26.16830178064,1.720845688169E-14,77.5));
#2360 = DIRECTION('',(0.979602700641,-4.46185630046E-17,-0.200944143721)
  );
#2361 = DIRECTION('',(-0.200944143721,-2.175154946474E-16,
    -0.979602700641));
#2362 = ADVANCED_FACE('',(#2363),#2381,.F.);
#2363 = FACE_BOUND('',#2364,.F.);
#2364 = EDGE_LOOP('',(#2365,#2366,#2374,#2380));
#2365 = ORIENTED_EDGE('',*,*,#2342,.T.);
#2366 = ORIENTED_EDGE('',*,*,#2367,.T.);
#2367 = EDGE_CURVE('',#2343,#2368,#2370,.T.);
#2368 = VERTEX_POINT('',#2369);
#2369 = CARTESIAN_POINT('',(-18.96368819075,-10.,77.5));
#2370 = LINE('',#2371,#2372);
#2371 = CARTESIAN_POINT('',(-26.16830178064,-10.,77.5));
#2372 = VECTOR('',#2373,1.);
#2373 = DIRECTION('',(1.,0.,0.));
#2374 = ORIENTED_EDGE('',*,*,#2375,.F.);
#2375 = EDGE_CURVE('',#511,#2368,#2376,.T.);
#2376 = LINE('',#2377,#2378);
#2377 = CARTESIAN_POINT('',(-18.96368819075,1.720845688169E-14,77.5));
#2378 = VECTOR('',#2379,1.);
#2379 = DIRECTION('',(0.,-1.,2.22044604925E-16));
#2380 = ORIENTED_EDGE('',*,*,#510,.F.);
#2381 = PLANE('',#2382);
#2382 = AXIS2_PLACEMENT_3D('',#2383,#2384,#2385);
#2383 = CARTESIAN_POINT('',(-26.16830178064,1.720845688169E-14,77.5));
#2384 = DIRECTION('',(0.,2.22044604925E-16,1.));
#2385 = DIRECTION('',(1.,0.,0.));
#2386 = ADVANCED_FACE('',(#2387),#2405,.F.);
#2387 = FACE_BOUND('',#2388,.F.);
#2388 = EDGE_LOOP('',(#2389,#2390,#2398,#2404));
#2389 = ORIENTED_EDGE('',*,*,#2375,.T.);
#2390 = ORIENTED_EDGE('',*,*,#2391,.T.);
#2391 = EDGE_CURVE('',#2368,#2392,#2394,.T.);
#2392 = VERTEX_POINT('',#2393);
#2393 = CARTESIAN_POINT('',(-19.50964354215,-10.,76.));
#2394 = LINE('',#2395,#2396);
#2395 = CARTESIAN_POINT('',(-18.96368819075,-10.,77.5));
#2396 = VECTOR('',#2397,1.);
#2397 = DIRECTION('',(-0.342020143326,-2.086536767334E-16,
    -0.939692620786));
#2398 = ORIENTED_EDGE('',*,*,#2399,.F.);
#2399 = EDGE_CURVE('',#519,#2392,#2400,.T.);
#2400 = LINE('',#2401,#2402);
#2401 = CARTESIAN_POINT('',(-19.50964354215,1.68753899743E-14,76.));
#2402 = VECTOR('',#2403,1.);
#2403 = DIRECTION('',(0.,-1.,2.22044604925E-16));
#2404 = ORIENTED_EDGE('',*,*,#518,.F.);
#2405 = PLANE('',#2406);
#2406 = AXIS2_PLACEMENT_3D('',#2407,#2408,#2409);
#2407 = CARTESIAN_POINT('',(-18.96368819075,1.720845688169E-14,77.5));
#2408 = DIRECTION('',(0.939692620786,-7.594372760115E-17,-0.342020143326
    ));
#2409 = DIRECTION('',(-0.342020143326,-2.086536767334E-16,
    -0.939692620786));
#2410 = ADVANCED_FACE('',(#2411),#2429,.F.);
#2411 = FACE_BOUND('',#2412,.F.);
#2412 = EDGE_LOOP('',(#2413,#2414,#2422,#2428));
#2413 = ORIENTED_EDGE('',*,*,#2399,.T.);
#2414 = ORIENTED_EDGE('',*,*,#2415,.T.);
#2415 = EDGE_CURVE('',#2392,#2416,#2418,.T.);
#2416 = VERTEX_POINT('',#2417);
#2417 = CARTESIAN_POINT('',(19.509643542158,-10.,76.));
#2418 = LINE('',#2419,#2420);
#2419 = CARTESIAN_POINT('',(-19.50964354215,-10.,76.));
#2420 = VECTOR('',#2421,1.);
#2421 = DIRECTION('',(1.,0.,0.));
#2422 = ORIENTED_EDGE('',*,*,#2423,.F.);
#2423 = EDGE_CURVE('',#527,#2416,#2424,.T.);
#2424 = LINE('',#2425,#2426);
#2425 = CARTESIAN_POINT('',(19.509643542158,1.68753899743E-14,76.));
#2426 = VECTOR('',#2427,1.);
#2427 = DIRECTION('',(0.,-1.,2.22044604925E-16));
#2428 = ORIENTED_EDGE('',*,*,#526,.F.);
#2429 = PLANE('',#2430);
#2430 = AXIS2_PLACEMENT_3D('',#2431,#2432,#2433);
#2431 = CARTESIAN_POINT('',(-19.50964354215,1.68753899743E-14,76.));
#2432 = DIRECTION('',(0.,2.22044604925E-16,1.));
#2433 = DIRECTION('',(1.,0.,0.));
#2434 = ADVANCED_FACE('',(#2435),#2453,.F.);
#2435 = FACE_BOUND('',#2436,.F.);
#2436 = EDGE_LOOP('',(#2437,#2438,#2446,#2452));
#2437 = ORIENTED_EDGE('',*,*,#2423,.T.);
#2438 = ORIENTED_EDGE('',*,*,#2439,.T.);
#2439 = EDGE_CURVE('',#2416,#2440,#2442,.T.);
#2440 = VERTEX_POINT('',#2441);
#2441 = CARTESIAN_POINT('',(18.963688190759,-10.,77.5));
#2442 = LINE('',#2443,#2444);
#2443 = CARTESIAN_POINT('',(19.509643542158,-10.,76.));
#2444 = VECTOR('',#2445,1.);
#2445 = DIRECTION('',(-0.342020143326,2.086536767334E-16,0.939692620786)
  );
#2446 = ORIENTED_EDGE('',*,*,#2447,.F.);
#2447 = EDGE_CURVE('',#535,#2440,#2448,.T.);
#2448 = LINE('',#2449,#2450);
#2449 = CARTESIAN_POINT('',(18.963688190759,1.720845688169E-14,77.5));
#2450 = VECTOR('',#2451,1.);
#2451 = DIRECTION('',(0.,-1.,2.22044604925E-16));
#2452 = ORIENTED_EDGE('',*,*,#534,.F.);
#2453 = PLANE('',#2454);
#2454 = AXIS2_PLACEMENT_3D('',#2455,#2456,#2457);
#2455 = CARTESIAN_POINT('',(19.509643542158,1.68753899743E-14,76.));
#2456 = DIRECTION('',(-0.939692620786,-7.594372760115E-17,
    -0.342020143326));
#2457 = DIRECTION('',(-0.342020143326,2.086536767334E-16,0.939692620786)
  );
#2458 = ADVANCED_FACE('',(#2459),#2477,.F.);
#2459 = FACE_BOUND('',#2460,.F.);
#2460 = EDGE_LOOP('',(#2461,#2462,#2470,#2476));
#2461 = ORIENTED_EDGE('',*,*,#2447,.T.);
#2462 = ORIENTED_EDGE('',*,*,#2463,.T.);
#2463 = EDGE_CURVE('',#2440,#2464,#2466,.T.);
#2464 = VERTEX_POINT('',#2465);
#2465 = CARTESIAN_POINT('',(26.168303554731,-10.,77.5));
#2466 = LINE('',#2467,#2468);
#2467 = CARTESIAN_POINT('',(18.963688190759,-10.,77.5));
#2468 = VECTOR('',#2469,1.);
#2469 = DIRECTION('',(1.,0.,0.));
#2470 = ORIENTED_EDGE('',*,*,#2471,.F.);
#2471 = EDGE_CURVE('',#543,#2464,#2472,.T.);
#2472 = LINE('',#2473,#2474);
#2473 = CARTESIAN_POINT('',(26.168303554731,1.720845688169E-14,77.5));
#2474 = VECTOR('',#2475,1.);
#2475 = DIRECTION('',(0.,-1.,2.22044604925E-16));
#2476 = ORIENTED_EDGE('',*,*,#542,.F.);
#2477 = PLANE('',#2478);
#2478 = AXIS2_PLACEMENT_3D('',#2479,#2480,#2481);
#2479 = CARTESIAN_POINT('',(18.963688190759,1.720845688169E-14,77.5));
#2480 = DIRECTION('',(0.,2.22044604925E-16,1.));
#2481 = DIRECTION('',(1.,0.,0.));
#2482 = ADVANCED_FACE('',(#2483),#2494,.T.);
#2483 = FACE_BOUND('',#2484,.T.);
#2484 = EDGE_LOOP('',(#2485,#2486,#2492,#2493));
#2485 = ORIENTED_EDGE('',*,*,#2215,.T.);
#2486 = ORIENTED_EDGE('',*,*,#2487,.T.);
#2487 = EDGE_CURVE('',#2216,#2464,#2488,.T.);
#2488 = LINE('',#2489,#2490);
#2489 = CARTESIAN_POINT('',(30.994098215782,-10.,53.5));
#2490 = VECTOR('',#2491,1.);
#2491 = DIRECTION('',(-0.197129191747,2.176875391103E-16,0.98037752002)
  );
#2492 = ORIENTED_EDGE('',*,*,#2471,.F.);
#2493 = ORIENTED_EDGE('',*,*,#550,.F.);
#2494 = PLANE('',#2495);
#2495 = AXIS2_PLACEMENT_3D('',#2496,#2497,#2498);
#2496 = CARTESIAN_POINT('',(30.994098215782,1.187938636349E-14,53.5));
#2497 = DIRECTION('',(-0.98037752002,-4.377147350066E-17,-0.197129191747
    ));
#2498 = DIRECTION('',(-0.197129191747,2.176875391103E-16,0.98037752002)
  );
#2499 = ADVANCED_FACE('',(#2500),#2525,.F.);
#2500 = FACE_BOUND('',#2501,.F.);
#2501 = EDGE_LOOP('',(#2502,#2510,#2518,#2524));
#2502 = ORIENTED_EDGE('',*,*,#2503,.T.);
#2503 = EDGE_CURVE('',#559,#2504,#2506,.T.);
#2504 = VERTEX_POINT('',#2505);
#2505 = CARTESIAN_POINT('',(25.552918939346,-10.,80.5));
#2506 = LINE('',#2507,#2508);
#2507 = CARTESIAN_POINT('',(25.552918939346,1.787459069647E-14,80.5));
#2508 = VECTOR('',#2509,1.);
#2509 = DIRECTION('',(0.,-1.,2.22044604925E-16));
#2510 = ORIENTED_EDGE('',*,*,#2511,.T.);
#2511 = EDGE_CURVE('',#2504,#2512,#2514,.T.);
#2512 = VERTEX_POINT('',#2513);
#2513 = CARTESIAN_POINT('',(18.963688190759,-10.,80.5));
#2514 = LINE('',#2515,#2516);
#2515 = CARTESIAN_POINT('',(25.552918939346,-10.,80.5));
#2516 = VECTOR('',#2517,1.);
#2517 = DIRECTION('',(-1.,0.,0.));
#2518 = ORIENTED_EDGE('',*,*,#2519,.F.);
#2519 = EDGE_CURVE('',#561,#2512,#2520,.T.);
#2520 = LINE('',#2521,#2522);
#2521 = CARTESIAN_POINT('',(18.963688190759,1.787459069647E-14,80.5));
#2522 = VECTOR('',#2523,1.);
#2523 = DIRECTION('',(0.,-1.,2.22044604925E-16));
#2524 = ORIENTED_EDGE('',*,*,#558,.F.);
#2525 = PLANE('',#2526);
#2526 = AXIS2_PLACEMENT_3D('',#2527,#2528,#2529);
#2527 = CARTESIAN_POINT('',(25.552918939346,1.787459069647E-14,80.5));
#2528 = DIRECTION('',(-0.,-2.22044604925E-16,-1.));
#2529 = DIRECTION('',(-1.,0.,0.));
#2530 = ADVANCED_FACE('',(#2531),#2549,.F.);
#2531 = FACE_BOUND('',#2532,.F.);
#2532 = EDGE_LOOP('',(#2533,#2534,#2542,#2548));
#2533 = ORIENTED_EDGE('',*,*,#2519,.T.);
#2534 = ORIENTED_EDGE('',*,*,#2535,.T.);
#2535 = EDGE_CURVE('',#2512,#2536,#2538,.T.);
#2536 = VERTEX_POINT('',#2537);
#2537 = CARTESIAN_POINT('',(19.509643542158,-10.,82.));
#2538 = LINE('',#2539,#2540);
#2539 = CARTESIAN_POINT('',(18.963688190759,-10.,80.5));
#2540 = VECTOR('',#2541,1.);
#2541 = DIRECTION('',(0.342020143326,2.086536767334E-16,0.939692620786)
  );
#2542 = ORIENTED_EDGE('',*,*,#2543,.F.);
#2543 = EDGE_CURVE('',#569,#2536,#2544,.T.);
#2544 = LINE('',#2545,#2546);
#2545 = CARTESIAN_POINT('',(19.509643542158,1.820765760385E-14,82.));
#2546 = VECTOR('',#2547,1.);
#2547 = DIRECTION('',(0.,-1.,2.22044604925E-16));
#2548 = ORIENTED_EDGE('',*,*,#568,.F.);
#2549 = PLANE('',#2550);
#2550 = AXIS2_PLACEMENT_3D('',#2551,#2552,#2553);
#2551 = CARTESIAN_POINT('',(18.963688190759,1.787459069647E-14,80.5));
#2552 = DIRECTION('',(-0.939692620786,7.594372760115E-17,0.342020143326)
  );
#2553 = DIRECTION('',(0.342020143326,2.086536767334E-16,0.939692620786)
  );
#2554 = ADVANCED_FACE('',(#2555),#2573,.F.);
#2555 = FACE_BOUND('',#2556,.F.);
#2556 = EDGE_LOOP('',(#2557,#2558,#2566,#2572));
#2557 = ORIENTED_EDGE('',*,*,#2543,.T.);
#2558 = ORIENTED_EDGE('',*,*,#2559,.T.);
#2559 = EDGE_CURVE('',#2536,#2560,#2562,.T.);
#2560 = VERTEX_POINT('',#2561);
#2561 = CARTESIAN_POINT('',(-19.50964354215,-10.,82.));
#2562 = LINE('',#2563,#2564);
#2563 = CARTESIAN_POINT('',(19.509643542158,-10.,82.));
#2564 = VECTOR('',#2565,1.);
#2565 = DIRECTION('',(-1.,0.,0.));
#2566 = ORIENTED_EDGE('',*,*,#2567,.F.);
#2567 = EDGE_CURVE('',#577,#2560,#2568,.T.);
#2568 = LINE('',#2569,#2570);
#2569 = CARTESIAN_POINT('',(-19.50964354215,1.820765760385E-14,82.));
#2570 = VECTOR('',#2571,1.);
#2571 = DIRECTION('',(0.,-1.,2.22044604925E-16));
#2572 = ORIENTED_EDGE('',*,*,#576,.F.);
#2573 = PLANE('',#2574);
#2574 = AXIS2_PLACEMENT_3D('',#2575,#2576,#2577);
#2575 = CARTESIAN_POINT('',(19.509643542158,1.820765760385E-14,82.));
#2576 = DIRECTION('',(-0.,-2.22044604925E-16,-1.));
#2577 = DIRECTION('',(-1.,0.,0.));
#2578 = ADVANCED_FACE('',(#2579),#2597,.F.);
#2579 = FACE_BOUND('',#2580,.F.);
#2580 = EDGE_LOOP('',(#2581,#2582,#2590,#2596));
#2581 = ORIENTED_EDGE('',*,*,#2567,.T.);
#2582 = ORIENTED_EDGE('',*,*,#2583,.T.);
#2583 = EDGE_CURVE('',#2560,#2584,#2586,.T.);
#2584 = VERTEX_POINT('',#2585);
#2585 = CARTESIAN_POINT('',(-18.96368819075,-10.,80.5));
#2586 = LINE('',#2587,#2588);
#2587 = CARTESIAN_POINT('',(-19.50964354215,-10.,82.));
#2588 = VECTOR('',#2589,1.);
#2589 = DIRECTION('',(0.342020143326,-2.086536767334E-16,-0.939692620786
    ));
#2590 = ORIENTED_EDGE('',*,*,#2591,.F.);
#2591 = EDGE_CURVE('',#585,#2584,#2592,.T.);
#2592 = LINE('',#2593,#2594);
#2593 = CARTESIAN_POINT('',(-18.96368819075,1.787459069647E-14,80.5));
#2594 = VECTOR('',#2595,1.);
#2595 = DIRECTION('',(0.,-1.,2.22044604925E-16));
#2596 = ORIENTED_EDGE('',*,*,#584,.F.);
#2597 = PLANE('',#2598);
#2598 = AXIS2_PLACEMENT_3D('',#2599,#2600,#2601);
#2599 = CARTESIAN_POINT('',(-19.50964354215,1.820765760385E-14,82.));
#2600 = DIRECTION('',(0.939692620786,7.594372760115E-17,0.342020143326)
  );
#2601 = DIRECTION('',(0.342020143326,-2.086536767334E-16,-0.939692620786
    ));
#2602 = ADVANCED_FACE('',(#2603),#2621,.F.);
#2603 = FACE_BOUND('',#2604,.F.);
#2604 = EDGE_LOOP('',(#2605,#2606,#2614,#2620));
#2605 = ORIENTED_EDGE('',*,*,#2591,.T.);
#2606 = ORIENTED_EDGE('',*,*,#2607,.T.);
#2607 = EDGE_CURVE('',#2584,#2608,#2610,.T.);
#2608 = VERTEX_POINT('',#2609);
#2609 = CARTESIAN_POINT('',(-25.55291716526,-10.,80.5));
#2610 = LINE('',#2611,#2612);
#2611 = CARTESIAN_POINT('',(-18.96368819075,-10.,80.5));
#2612 = VECTOR('',#2613,1.);
#2613 = DIRECTION('',(-1.,0.,0.));
#2614 = ORIENTED_EDGE('',*,*,#2615,.F.);
#2615 = EDGE_CURVE('',#593,#2608,#2616,.T.);
#2616 = LINE('',#2617,#2618);
#2617 = CARTESIAN_POINT('',(-25.55291716526,1.787459069647E-14,80.5));
#2618 = VECTOR('',#2619,1.);
#2619 = DIRECTION('',(0.,-1.,2.22044604925E-16));
#2620 = ORIENTED_EDGE('',*,*,#592,.F.);
#2621 = PLANE('',#2622);
#2622 = AXIS2_PLACEMENT_3D('',#2623,#2624,#2625);
#2623 = CARTESIAN_POINT('',(-18.96368819075,1.787459069647E-14,80.5));
#2624 = DIRECTION('',(-0.,-2.22044604925E-16,-1.));
#2625 = DIRECTION('',(-1.,0.,0.));
#2626 = ADVANCED_FACE('',(#2627),#2645,.T.);
#2627 = FACE_BOUND('',#2628,.T.);
#2628 = EDGE_LOOP('',(#2629,#2637,#2643,#2644));
#2629 = ORIENTED_EDGE('',*,*,#2630,.T.);
#2630 = EDGE_CURVE('',#601,#2631,#2633,.T.);
#2631 = VERTEX_POINT('',#2632);
#2632 = CARTESIAN_POINT('',(-20.62984024218,-10.,104.5));
#2633 = LINE('',#2634,#2635);
#2634 = CARTESIAN_POINT('',(-20.62984024218,2.320366121467E-14,104.5));
#2635 = VECTOR('',#2636,1.);
#2636 = DIRECTION('',(0.,-1.,2.22044604925E-16));
#2637 = ORIENTED_EDGE('',*,*,#2638,.T.);
#2638 = EDGE_CURVE('',#2631,#2608,#2639,.T.);
#2639 = LINE('',#2640,#2641);
#2640 = CARTESIAN_POINT('',(-20.62984024218,-10.,104.5));
#2641 = VECTOR('',#2642,1.);
#2642 = DIRECTION('',(-0.200944143721,-2.175154946474E-16,
    -0.979602700641));
#2643 = ORIENTED_EDGE('',*,*,#2615,.F.);
#2644 = ORIENTED_EDGE('',*,*,#600,.F.);
#2645 = PLANE('',#2646);
#2646 = AXIS2_PLACEMENT_3D('',#2647,#2648,#2649);
#2647 = CARTESIAN_POINT('',(-20.62984024218,2.320366121467E-14,104.5));
#2648 = DIRECTION('',(0.979602700641,-4.46185630046E-17,-0.200944143721)
  );
#2649 = DIRECTION('',(-0.200944143721,-2.175154946474E-16,
    -0.979602700641));
#2650 = ADVANCED_FACE('',(#2651),#2669,.T.);
#2651 = FACE_BOUND('',#2652,.T.);
#2652 = EDGE_LOOP('',(#2653,#2661,#2667,#2668));
#2653 = ORIENTED_EDGE('',*,*,#2654,.T.);
#2654 = EDGE_CURVE('',#609,#2655,#2657,.T.);
#2655 = VERTEX_POINT('',#2656);
#2656 = CARTESIAN_POINT('',(-13.59562014215,-10.,104.5));
#2657 = LINE('',#2658,#2659);
#2658 = CARTESIAN_POINT('',(-13.59562014215,2.320366121467E-14,104.5));
#2659 = VECTOR('',#2660,1.);
#2660 = DIRECTION('',(0.,-1.,2.22044604925E-16));
#2661 = ORIENTED_EDGE('',*,*,#2662,.T.);
#2662 = EDGE_CURVE('',#2655,#2631,#2663,.T.);
#2663 = LINE('',#2664,#2665);
#2664 = CARTESIAN_POINT('',(-13.59562014215,-10.,104.5));
#2665 = VECTOR('',#2666,1.);
#2666 = DIRECTION('',(-1.,0.,0.));
#2667 = ORIENTED_EDGE('',*,*,#2630,.F.);
#2668 = ORIENTED_EDGE('',*,*,#608,.F.);
#2669 = PLANE('',#2670);
#2670 = AXIS2_PLACEMENT_3D('',#2671,#2672,#2673);
#2671 = CARTESIAN_POINT('',(-13.59562014215,2.320366121467E-14,104.5));
#2672 = DIRECTION('',(-0.,-2.22044604925E-16,-1.));
#2673 = DIRECTION('',(-1.,0.,0.));
#2674 = ADVANCED_FACE('',(#2675),#2693,.T.);
#2675 = FACE_BOUND('',#2676,.T.);
#2676 = EDGE_LOOP('',(#2677,#2685,#2691,#2692));
#2677 = ORIENTED_EDGE('',*,*,#2678,.T.);
#2678 = EDGE_CURVE('',#617,#2679,#2681,.T.);
#2679 = VERTEX_POINT('',#2680);
#2680 = CARTESIAN_POINT('',(-14.14157549355,-10.,103.));
#2681 = LINE('',#2682,#2683);
#2682 = CARTESIAN_POINT('',(-14.14157549355,2.287059430728E-14,103.));
#2683 = VECTOR('',#2684,1.);
#2684 = DIRECTION('',(0.,-1.,2.22044604925E-16));
#2685 = ORIENTED_EDGE('',*,*,#2686,.T.);
#2686 = EDGE_CURVE('',#2679,#2655,#2687,.T.);
#2687 = LINE('',#2688,#2689);
#2688 = CARTESIAN_POINT('',(-14.14157549355,-10.,103.));
#2689 = VECTOR('',#2690,1.);
#2690 = DIRECTION('',(0.342020143326,2.086536767334E-16,0.939692620786)
  );
#2691 = ORIENTED_EDGE('',*,*,#2654,.F.);
#2692 = ORIENTED_EDGE('',*,*,#616,.F.);
#2693 = PLANE('',#2694);
#2694 = AXIS2_PLACEMENT_3D('',#2695,#2696,#2697);
#2695 = CARTESIAN_POINT('',(-14.14157549355,2.287059430728E-14,103.));
#2696 = DIRECTION('',(-0.939692620786,7.594372760115E-17,0.342020143326)
  );
#2697 = DIRECTION('',(0.342020143326,2.086536767334E-16,0.939692620786)
  );
#2698 = ADVANCED_FACE('',(#2699),#2717,.T.);
#2699 = FACE_BOUND('',#2700,.T.);
#2700 = EDGE_LOOP('',(#2701,#2709,#2715,#2716));
#2701 = ORIENTED_EDGE('',*,*,#2702,.T.);
#2702 = EDGE_CURVE('',#625,#2703,#2705,.T.);
#2703 = VERTEX_POINT('',#2704);
#2704 = CARTESIAN_POINT('',(14.141575493558,-10.,103.));
#2705 = LINE('',#2706,#2707);
#2706 = CARTESIAN_POINT('',(14.141575493558,2.287059430728E-14,103.));
#2707 = VECTOR('',#2708,1.);
#2708 = DIRECTION('',(0.,-1.,2.22044604925E-16));
#2709 = ORIENTED_EDGE('',*,*,#2710,.T.);
#2710 = EDGE_CURVE('',#2703,#2679,#2711,.T.);
#2711 = LINE('',#2712,#2713);
#2712 = CARTESIAN_POINT('',(14.141575493558,-10.,103.));
#2713 = VECTOR('',#2714,1.);
#2714 = DIRECTION('',(-1.,0.,0.));
#2715 = ORIENTED_EDGE('',*,*,#2678,.F.);
#2716 = ORIENTED_EDGE('',*,*,#624,.F.);
#2717 = PLANE('',#2718);
#2718 = AXIS2_PLACEMENT_3D('',#2719,#2720,#2721);
#2719 = CARTESIAN_POINT('',(14.141575493558,2.287059430728E-14,103.));
#2720 = DIRECTION('',(-0.,-2.22044604925E-16,-1.));
#2721 = DIRECTION('',(-1.,0.,0.));
#2722 = ADVANCED_FACE('',(#2723),#2741,.T.);
#2723 = FACE_BOUND('',#2724,.T.);
#2724 = EDGE_LOOP('',(#2725,#2733,#2739,#2740));
#2725 = ORIENTED_EDGE('',*,*,#2726,.T.);
#2726 = EDGE_CURVE('',#633,#2727,#2729,.T.);
#2727 = VERTEX_POINT('',#2728);
#2728 = CARTESIAN_POINT('',(13.595620142159,-10.,104.5));
#2729 = LINE('',#2730,#2731);
#2730 = CARTESIAN_POINT('',(13.595620142159,2.320366121467E-14,104.5));
#2731 = VECTOR('',#2732,1.);
#2732 = DIRECTION('',(0.,-1.,2.22044604925E-16));
#2733 = ORIENTED_EDGE('',*,*,#2734,.T.);
#2734 = EDGE_CURVE('',#2727,#2703,#2735,.T.);
#2735 = LINE('',#2736,#2737);
#2736 = CARTESIAN_POINT('',(13.595620142159,-10.,104.5));
#2737 = VECTOR('',#2738,1.);
#2738 = DIRECTION('',(0.342020143326,-2.086536767334E-16,-0.939692620786
    ));
#2739 = ORIENTED_EDGE('',*,*,#2702,.F.);
#2740 = ORIENTED_EDGE('',*,*,#632,.F.);
#2741 = PLANE('',#2742);
#2742 = AXIS2_PLACEMENT_3D('',#2743,#2744,#2745);
#2743 = CARTESIAN_POINT('',(13.595620142159,2.320366121467E-14,104.5));
#2744 = DIRECTION('',(0.939692620786,7.594372760115E-17,0.342020143326)
  );
#2745 = DIRECTION('',(0.342020143326,-2.086536767334E-16,-0.939692620786
    ));
#2746 = ADVANCED_FACE('',(#2747),#2765,.T.);
#2747 = FACE_BOUND('',#2748,.T.);
#2748 = EDGE_LOOP('',(#2749,#2757,#2763,#2764));
#2749 = ORIENTED_EDGE('',*,*,#2750,.T.);
#2750 = EDGE_CURVE('',#641,#2751,#2753,.T.);
#2751 = VERTEX_POINT('',#2752);
#2752 = CARTESIAN_POINT('',(20.629803045531,-10.,104.5));
#2753 = LINE('',#2754,#2755);
#2754 = CARTESIAN_POINT('',(20.629803045531,2.320366121467E-14,104.5));
#2755 = VECTOR('',#2756,1.);
#2756 = DIRECTION('',(0.,-1.,2.22044604925E-16));
#2757 = ORIENTED_EDGE('',*,*,#2758,.T.);
#2758 = EDGE_CURVE('',#2751,#2727,#2759,.T.);
#2759 = LINE('',#2760,#2761);
#2760 = CARTESIAN_POINT('',(20.629803045531,-10.,104.5));
#2761 = VECTOR('',#2762,1.);
#2762 = DIRECTION('',(-1.,0.,0.));
#2763 = ORIENTED_EDGE('',*,*,#2726,.F.);
#2764 = ORIENTED_EDGE('',*,*,#640,.F.);
#2765 = PLANE('',#2766);
#2766 = AXIS2_PLACEMENT_3D('',#2767,#2768,#2769);
#2767 = CARTESIAN_POINT('',(20.629803045531,2.320366121467E-14,104.5));
#2768 = DIRECTION('',(-0.,-2.22044604925E-16,-1.));
#2769 = DIRECTION('',(-1.,0.,0.));
#2770 = ADVANCED_FACE('',(#2771),#2782,.T.);
#2771 = FACE_BOUND('',#2772,.T.);
#2772 = EDGE_LOOP('',(#2773,#2774,#2780,#2781));
#2773 = ORIENTED_EDGE('',*,*,#2503,.T.);
#2774 = ORIENTED_EDGE('',*,*,#2775,.T.);
#2775 = EDGE_CURVE('',#2504,#2751,#2776,.T.);
#2776 = LINE('',#2777,#2778);
#2777 = CARTESIAN_POINT('',(25.552918939346,-10.,80.5));
#2778 = VECTOR('',#2779,1.);
#2779 = DIRECTION('',(-0.200945670152,2.175154251219E-16,0.979602387526)
  );
#2780 = ORIENTED_EDGE('',*,*,#2750,.F.);
#2781 = ORIENTED_EDGE('',*,*,#648,.F.);
#2782 = PLANE('',#2783);
#2783 = AXIS2_PLACEMENT_3D('',#2784,#2785,#2786);
#2784 = CARTESIAN_POINT('',(25.552918939346,1.787459069647E-14,80.5));
#2785 = DIRECTION('',(-0.979602387526,-4.461890194032E-17,
    -0.200945670152));
#2786 = DIRECTION('',(-0.200945670152,2.175154251219E-16,0.979602387526)
  );
#2787 = ADVANCED_FACE('',(#2788),#2813,.T.);
#2788 = FACE_BOUND('',#2789,.T.);
#2789 = EDGE_LOOP('',(#2790,#2798,#2806,#2812));
#2790 = ORIENTED_EDGE('',*,*,#2791,.T.);
#2791 = EDGE_CURVE('',#657,#2792,#2794,.T.);
#2792 = VERTEX_POINT('',#2793);
#2793 = CARTESIAN_POINT('',(8.937534323962,-10.,161.5));
#2794 = LINE('',#2795,#2796);
#2795 = CARTESIAN_POINT('',(8.937534323962,3.586020369539E-14,161.5));
#2796 = VECTOR('',#2797,1.);
#2797 = DIRECTION('',(0.,-1.,2.22044604925E-16));
#2798 = ORIENTED_EDGE('',*,*,#2799,.T.);
#2799 = EDGE_CURVE('',#2792,#2800,#2802,.T.);
#2800 = VERTEX_POINT('',#2801);
#2801 = CARTESIAN_POINT('',(0.,-10.,205.07047118065));
#2802 = LINE('',#2803,#2804);
#2803 = CARTESIAN_POINT('',(8.937534323962,-10.,161.5));
#2804 = VECTOR('',#2805,1.);
#2805 = DIRECTION('',(-0.200944181998,2.17515492904E-16,0.97960269279));
#2806 = ORIENTED_EDGE('',*,*,#2807,.F.);
#2807 = EDGE_CURVE('',#659,#2800,#2808,.T.);
#2808 = LINE('',#2809,#2810);
#2809 = CARTESIAN_POINT('',(0.,4.55347917551E-14,205.07047118065));
#2810 = VECTOR('',#2811,1.);
#2811 = DIRECTION('',(0.,-1.,2.22044604925E-16));
#2812 = ORIENTED_EDGE('',*,*,#656,.F.);
#2813 = PLANE('',#2814);
#2814 = AXIS2_PLACEMENT_3D('',#2815,#2816,#2817);
#2815 = CARTESIAN_POINT('',(8.937534323962,3.586020369539E-14,161.5));
#2816 = DIRECTION('',(-0.97960269279,-4.461857150368E-17,-0.200944181998
    ));
#2817 = DIRECTION('',(-0.200944181998,2.17515492904E-16,0.97960269279));
#2818 = ADVANCED_FACE('',(#2819),#2837,.T.);
#2819 = FACE_BOUND('',#2820,.T.);
#2820 = EDGE_LOOP('',(#2821,#2822,#2830,#2836));
#2821 = ORIENTED_EDGE('',*,*,#2807,.T.);
#2822 = ORIENTED_EDGE('',*,*,#2823,.T.);
#2823 = EDGE_CURVE('',#2800,#2824,#2826,.T.);
#2824 = VERTEX_POINT('',#2825);
#2825 = CARTESIAN_POINT('',(-8.937532549878,-10.,161.5));
#2826 = LINE('',#2827,#2828);
#2827 = CARTESIAN_POINT('',(0.,-10.,205.07047118065));
#2828 = VECTOR('',#2829,1.);
#2829 = DIRECTION('',(-0.200944143721,-2.175154946474E-16,
    -0.979602700641));
#2830 = ORIENTED_EDGE('',*,*,#2831,.F.);
#2831 = EDGE_CURVE('',#667,#2824,#2832,.T.);
#2832 = LINE('',#2833,#2834);
#2833 = CARTESIAN_POINT('',(-8.937532549878,3.586020369539E-14,161.5));
#2834 = VECTOR('',#2835,1.);
#2835 = DIRECTION('',(0.,-1.,2.22044604925E-16));
#2836 = ORIENTED_EDGE('',*,*,#666,.F.);
#2837 = PLANE('',#2838);
#2838 = AXIS2_PLACEMENT_3D('',#2839,#2840,#2841);
#2839 = CARTESIAN_POINT('',(0.,4.55347917551E-14,205.07047118065));
#2840 = DIRECTION('',(0.979602700641,-4.46185630046E-17,-0.200944143721)
  );
#2841 = DIRECTION('',(-0.200944143721,-2.175154946474E-16,
    -0.979602700641));
#2842 = ADVANCED_FACE('',(#2843),#2861,.F.);
#2843 = FACE_BOUND('',#2844,.F.);
#2844 = EDGE_LOOP('',(#2845,#2853,#2859,#2860));
#2845 = ORIENTED_EDGE('',*,*,#2846,.T.);
#2846 = EDGE_CURVE('',#675,#2847,#2849,.T.);
#2847 = VERTEX_POINT('',#2848);
#2848 = CARTESIAN_POINT('',(-2.671013629313,-10.,161.5));
#2849 = LINE('',#2850,#2851);
#2850 = CARTESIAN_POINT('',(-2.671013629313,3.586020369539E-14,161.5));
#2851 = VECTOR('',#2852,1.);
#2852 = DIRECTION('',(0.,-1.,2.22044604925E-16));
#2853 = ORIENTED_EDGE('',*,*,#2854,.T.);
#2854 = EDGE_CURVE('',#2847,#2824,#2855,.T.);
#2855 = LINE('',#2856,#2857);
#2856 = CARTESIAN_POINT('',(-2.671013629313,-10.,161.5));
#2857 = VECTOR('',#2858,1.);
#2858 = DIRECTION('',(-1.,0.,0.));
#2859 = ORIENTED_EDGE('',*,*,#2831,.F.);
#2860 = ORIENTED_EDGE('',*,*,#674,.F.);
#2861 = PLANE('',#2862);
#2862 = AXIS2_PLACEMENT_3D('',#2863,#2864,#2865);
#2863 = CARTESIAN_POINT('',(-2.671013629313,3.586020369539E-14,161.5));
#2864 = DIRECTION('',(-0.,-2.22044604925E-16,-1.));
#2865 = DIRECTION('',(-1.,0.,0.));
#2866 = ADVANCED_FACE('',(#2867),#2885,.F.);
#2867 = FACE_BOUND('',#2868,.F.);
#2868 = EDGE_LOOP('',(#2869,#2877,#2883,#2884));
#2869 = ORIENTED_EDGE('',*,*,#2870,.T.);
#2870 = EDGE_CURVE('',#683,#2871,#2873,.T.);
#2871 = VERTEX_POINT('',#2872);
#2872 = CARTESIAN_POINT('',(-3.216968980713,-10.,163.));
#2873 = LINE('',#2874,#2875);
#2874 = CARTESIAN_POINT('',(-3.216968980713,3.619327060278E-14,163.));
#2875 = VECTOR('',#2876,1.);
#2876 = DIRECTION('',(0.,-1.,2.22044604925E-16));
#2877 = ORIENTED_EDGE('',*,*,#2878,.T.);
#2878 = EDGE_CURVE('',#2871,#2847,#2879,.T.);
#2879 = LINE('',#2880,#2881);
#2880 = CARTESIAN_POINT('',(-3.216968980713,-10.,163.));
#2881 = VECTOR('',#2882,1.);
#2882 = DIRECTION('',(0.342020143326,-2.086536767334E-16,-0.939692620786
    ));
#2883 = ORIENTED_EDGE('',*,*,#2846,.F.);
#2884 = ORIENTED_EDGE('',*,*,#682,.F.);
#2885 = PLANE('',#2886);
#2886 = AXIS2_PLACEMENT_3D('',#2887,#2888,#2889);
#2887 = CARTESIAN_POINT('',(-3.216968980713,3.619327060278E-14,163.));
#2888 = DIRECTION('',(0.939692620786,7.594372760115E-17,0.342020143326)
  );
#2889 = DIRECTION('',(0.342020143326,-2.086536767334E-16,-0.939692620786
    ));
#2890 = ADVANCED_FACE('',(#2891),#2909,.F.);
#2891 = FACE_BOUND('',#2892,.F.);
#2892 = EDGE_LOOP('',(#2893,#2901,#2907,#2908));
#2893 = ORIENTED_EDGE('',*,*,#2894,.T.);
#2894 = EDGE_CURVE('',#691,#2895,#2897,.T.);
#2895 = VERTEX_POINT('',#2896);
#2896 = CARTESIAN_POINT('',(3.216968980713,-10.,163.));
#2897 = LINE('',#2898,#2899);
#2898 = CARTESIAN_POINT('',(3.216968980713,3.619327060278E-14,163.));
#2899 = VECTOR('',#2900,1.);
#2900 = DIRECTION('',(0.,-1.,2.22044604925E-16));
#2901 = ORIENTED_EDGE('',*,*,#2902,.T.);
#2902 = EDGE_CURVE('',#2895,#2871,#2903,.T.);
#2903 = LINE('',#2904,#2905);
#2904 = CARTESIAN_POINT('',(3.216968980713,-10.,163.));
#2905 = VECTOR('',#2906,1.);
#2906 = DIRECTION('',(-1.,0.,0.));
#2907 = ORIENTED_EDGE('',*,*,#2870,.F.);
#2908 = ORIENTED_EDGE('',*,*,#690,.F.);
#2909 = PLANE('',#2910);
#2910 = AXIS2_PLACEMENT_3D('',#2911,#2912,#2913);
#2911 = CARTESIAN_POINT('',(3.216968980713,3.619327060278E-14,163.));
#2912 = DIRECTION('',(-0.,-2.22044604925E-16,-1.));
#2913 = DIRECTION('',(-1.,0.,0.));
#2914 = ADVANCED_FACE('',(#2915),#2933,.F.);
#2915 = FACE_BOUND('',#2916,.F.);
#2916 = EDGE_LOOP('',(#2917,#2925,#2931,#2932));
#2917 = ORIENTED_EDGE('',*,*,#2918,.T.);
#2918 = EDGE_CURVE('',#699,#2919,#2921,.T.);
#2919 = VERTEX_POINT('',#2920);
#2920 = CARTESIAN_POINT('',(2.671013629313,-10.,161.5));
#2921 = LINE('',#2922,#2923);
#2922 = CARTESIAN_POINT('',(2.671013629313,3.586020369539E-14,161.5));
#2923 = VECTOR('',#2924,1.);
#2924 = DIRECTION('',(0.,-1.,2.22044604925E-16));
#2925 = ORIENTED_EDGE('',*,*,#2926,.T.);
#2926 = EDGE_CURVE('',#2919,#2895,#2927,.T.);
#2927 = LINE('',#2928,#2929);
#2928 = CARTESIAN_POINT('',(2.671013629313,-10.,161.5));
#2929 = VECTOR('',#2930,1.);
#2930 = DIRECTION('',(0.342020143326,2.086536767334E-16,0.939692620786)
  );
#2931 = ORIENTED_EDGE('',*,*,#2894,.F.);
#2932 = ORIENTED_EDGE('',*,*,#698,.F.);
#2933 = PLANE('',#2934);
#2934 = AXIS2_PLACEMENT_3D('',#2935,#2936,#2937);
#2935 = CARTESIAN_POINT('',(2.671013629313,3.586020369539E-14,161.5));
#2936 = DIRECTION('',(-0.939692620786,7.594372760115E-17,0.342020143326)
  );
#2937 = DIRECTION('',(0.342020143326,2.086536767334E-16,0.939692620786)
  );
#2938 = ADVANCED_FACE('',(#2939),#2950,.F.);
#2939 = FACE_BOUND('',#2940,.F.);
#2940 = EDGE_LOOP('',(#2941,#2942,#2948,#2949));
#2941 = ORIENTED_EDGE('',*,*,#2791,.T.);
#2942 = ORIENTED_EDGE('',*,*,#2943,.T.);
#2943 = EDGE_CURVE('',#2792,#2919,#2944,.T.);
#2944 = LINE('',#2945,#2946);
#2945 = CARTESIAN_POINT('',(8.937534323962,-10.,161.5));
#2946 = VECTOR('',#2947,1.);
#2947 = DIRECTION('',(-1.,0.,0.));
#2948 = ORIENTED_EDGE('',*,*,#2918,.F.);
#2949 = ORIENTED_EDGE('',*,*,#706,.F.);
#2950 = PLANE('',#2951);
#2951 = AXIS2_PLACEMENT_3D('',#2952,#2953,#2954);
#2952 = CARTESIAN_POINT('',(8.937534323962,3.586020369539E-14,161.5));
#2953 = DIRECTION('',(-0.,-2.22044604925E-16,-1.));
#2954 = DIRECTION('',(-1.,0.,0.));
#2955 = ADVANCED_FACE('',(#2956),#2981,.T.);
#2956 = FACE_BOUND('',#2957,.T.);
#2957 = EDGE_LOOP('',(#2958,#2966,#2974,#2980));
#2958 = ORIENTED_EDGE('',*,*,#2959,.T.);
#2959 = EDGE_CURVE('',#715,#2960,#2962,.T.);
#2960 = VERTEX_POINT('',#2961);
#2961 = CARTESIAN_POINT('',(15.088347987761,-10.,131.5));
#2962 = LINE('',#2963,#2964);
#2963 = CARTESIAN_POINT('',(15.088347987761,2.919886554764E-14,131.5));
#2964 = VECTOR('',#2965,1.);
#2965 = DIRECTION('',(0.,-1.,2.22044604925E-16));
#2966 = ORIENTED_EDGE('',*,*,#2967,.T.);
#2967 = EDGE_CURVE('',#2960,#2968,#2970,.T.);
#2968 = VERTEX_POINT('',#2969);
#2969 = CARTESIAN_POINT('',(7.810637568975,-10.,131.5));
#2970 = LINE('',#2971,#2972);
#2971 = CARTESIAN_POINT('',(15.088347987761,-10.,131.5));
#2972 = VECTOR('',#2973,1.);
#2973 = DIRECTION('',(-1.,0.,0.));
#2974 = ORIENTED_EDGE('',*,*,#2975,.F.);
#2975 = EDGE_CURVE('',#717,#2968,#2976,.T.);
#2976 = LINE('',#2977,#2978);
#2977 = CARTESIAN_POINT('',(7.810637568975,2.919886554764E-14,131.5));
#2978 = VECTOR('',#2979,1.);
#2979 = DIRECTION('',(0.,-1.,2.22044604925E-16));
#2980 = ORIENTED_EDGE('',*,*,#714,.F.);
#2981 = PLANE('',#2982);
#2982 = AXIS2_PLACEMENT_3D('',#2983,#2984,#2985);
#2983 = CARTESIAN_POINT('',(15.088347987761,2.919886554764E-14,131.5));
#2984 = DIRECTION('',(-0.,-2.22044604925E-16,-1.));
#2985 = DIRECTION('',(-1.,0.,0.));
#2986 = ADVANCED_FACE('',(#2987),#3005,.T.);
#2987 = FACE_BOUND('',#2988,.T.);
#2988 = EDGE_LOOP('',(#2989,#2990,#2998,#3004));
#2989 = ORIENTED_EDGE('',*,*,#2975,.T.);
#2990 = ORIENTED_EDGE('',*,*,#2991,.T.);
#2991 = EDGE_CURVE('',#2968,#2992,#2994,.T.);
#2992 = VERTEX_POINT('',#2993);
#2993 = CARTESIAN_POINT('',(8.356592920374,-10.,130.));
#2994 = LINE('',#2995,#2996);
#2995 = CARTESIAN_POINT('',(7.810637568975,-10.,131.5));
#2996 = VECTOR('',#2997,1.);
#2997 = DIRECTION('',(0.342020143326,-2.086536767334E-16,-0.939692620786
    ));
#2998 = ORIENTED_EDGE('',*,*,#2999,.F.);
#2999 = EDGE_CURVE('',#725,#2992,#3000,.T.);
#3000 = LINE('',#3001,#3002);
#3001 = CARTESIAN_POINT('',(8.356592920374,2.886579864025E-14,130.));
#3002 = VECTOR('',#3003,1.);
#3003 = DIRECTION('',(0.,-1.,2.22044604925E-16));
#3004 = ORIENTED_EDGE('',*,*,#724,.F.);
#3005 = PLANE('',#3006);
#3006 = AXIS2_PLACEMENT_3D('',#3007,#3008,#3009);
#3007 = CARTESIAN_POINT('',(7.810637568975,2.919886554764E-14,131.5));
#3008 = DIRECTION('',(0.939692620786,7.594372760115E-17,0.342020143326)
  );
#3009 = DIRECTION('',(0.342020143326,-2.086536767334E-16,-0.939692620786
    ));
#3010 = ADVANCED_FACE('',(#3011),#3029,.T.);
#3011 = FACE_BOUND('',#3012,.T.);
#3012 = EDGE_LOOP('',(#3013,#3014,#3022,#3028));
#3013 = ORIENTED_EDGE('',*,*,#2999,.T.);
#3014 = ORIENTED_EDGE('',*,*,#3015,.T.);
#3015 = EDGE_CURVE('',#2992,#3016,#3018,.T.);
#3016 = VERTEX_POINT('',#3017);
#3017 = CARTESIAN_POINT('',(-8.356592920374,-10.,130.));
#3018 = LINE('',#3019,#3020);
#3019 = CARTESIAN_POINT('',(8.356592920374,-10.,130.));
#3020 = VECTOR('',#3021,1.);
#3021 = DIRECTION('',(-1.,0.,0.));
#3022 = ORIENTED_EDGE('',*,*,#3023,.F.);
#3023 = EDGE_CURVE('',#733,#3016,#3024,.T.);
#3024 = LINE('',#3025,#3026);
#3025 = CARTESIAN_POINT('',(-8.356592920374,2.886579864025E-14,130.));
#3026 = VECTOR('',#3027,1.);
#3027 = DIRECTION('',(0.,-1.,2.22044604925E-16));
#3028 = ORIENTED_EDGE('',*,*,#732,.F.);
#3029 = PLANE('',#3030);
#3030 = AXIS2_PLACEMENT_3D('',#3031,#3032,#3033);
#3031 = CARTESIAN_POINT('',(8.356592920374,2.886579864025E-14,130.));
#3032 = DIRECTION('',(-0.,-2.22044604925E-16,-1.));
#3033 = DIRECTION('',(-1.,0.,0.));
#3034 = ADVANCED_FACE('',(#3035),#3053,.T.);
#3035 = FACE_BOUND('',#3036,.T.);
#3036 = EDGE_LOOP('',(#3037,#3038,#3046,#3052));
#3037 = ORIENTED_EDGE('',*,*,#3023,.T.);
#3038 = ORIENTED_EDGE('',*,*,#3039,.T.);
#3039 = EDGE_CURVE('',#3016,#3040,#3042,.T.);
#3040 = VERTEX_POINT('',#3041);
#3041 = CARTESIAN_POINT('',(-7.810637568975,-10.,131.5));
#3042 = LINE('',#3043,#3044);
#3043 = CARTESIAN_POINT('',(-8.356592920374,-10.,130.));
#3044 = VECTOR('',#3045,1.);
#3045 = DIRECTION('',(0.342020143326,2.086536767334E-16,0.939692620786)
  );
#3046 = ORIENTED_EDGE('',*,*,#3047,.F.);
#3047 = EDGE_CURVE('',#741,#3040,#3048,.T.);
#3048 = LINE('',#3049,#3050);
#3049 = CARTESIAN_POINT('',(-7.810637568975,2.919886554764E-14,131.5));
#3050 = VECTOR('',#3051,1.);
#3051 = DIRECTION('',(0.,-1.,2.22044604925E-16));
#3052 = ORIENTED_EDGE('',*,*,#740,.F.);
#3053 = PLANE('',#3054);
#3054 = AXIS2_PLACEMENT_3D('',#3055,#3056,#3057);
#3055 = CARTESIAN_POINT('',(-8.356592920374,2.886579864025E-14,130.));
#3056 = DIRECTION('',(-0.939692620786,7.594372760115E-17,0.342020143326)
  );
#3057 = DIRECTION('',(0.342020143326,2.086536767334E-16,0.939692620786)
  );
#3058 = ADVANCED_FACE('',(#3059),#3077,.T.);
#3059 = FACE_BOUND('',#3060,.T.);
#3060 = EDGE_LOOP('',(#3061,#3062,#3070,#3076));
#3061 = ORIENTED_EDGE('',*,*,#3047,.T.);
#3062 = ORIENTED_EDGE('',*,*,#3063,.T.);
#3063 = EDGE_CURVE('',#3040,#3064,#3066,.T.);
#3064 = VERTEX_POINT('',#3065);
#3065 = CARTESIAN_POINT('',(-15.09137870372,-10.,131.5));
#3066 = LINE('',#3067,#3068);
#3067 = CARTESIAN_POINT('',(-7.810637568975,-10.,131.5));
#3068 = VECTOR('',#3069,1.);
#3069 = DIRECTION('',(-1.,0.,0.));
#3070 = ORIENTED_EDGE('',*,*,#3071,.F.);
#3071 = EDGE_CURVE('',#749,#3064,#3072,.T.);
#3072 = LINE('',#3073,#3074);
#3073 = CARTESIAN_POINT('',(-15.09137870372,2.919886554764E-14,131.5));
#3074 = VECTOR('',#3075,1.);
#3075 = DIRECTION('',(0.,-1.,2.22044604925E-16));
#3076 = ORIENTED_EDGE('',*,*,#748,.F.);
#3077 = PLANE('',#3078);
#3078 = AXIS2_PLACEMENT_3D('',#3079,#3080,#3081);
#3079 = CARTESIAN_POINT('',(-7.810637568975,2.919886554764E-14,131.5));
#3080 = DIRECTION('',(-0.,-2.22044604925E-16,-1.));
#3081 = DIRECTION('',(-1.,0.,0.));
#3082 = ADVANCED_FACE('',(#3083),#3101,.T.);
#3083 = FACE_BOUND('',#3084,.T.);
#3084 = EDGE_LOOP('',(#3085,#3086,#3094,#3100));
#3085 = ORIENTED_EDGE('',*,*,#3071,.T.);
#3086 = ORIENTED_EDGE('',*,*,#3087,.T.);
#3087 = EDGE_CURVE('',#3064,#3088,#3090,.T.);
#3088 = VERTEX_POINT('',#3089);
#3089 = CARTESIAN_POINT('',(-20.0144556268,-10.,107.5));
#3090 = LINE('',#3091,#3092);
#3091 = CARTESIAN_POINT('',(-15.09137870372,-10.,131.5));
#3092 = VECTOR('',#3093,1.);
#3093 = DIRECTION('',(-0.200944143721,-2.175154946474E-16,
    -0.979602700641));
#3094 = ORIENTED_EDGE('',*,*,#3095,.F.);
#3095 = EDGE_CURVE('',#757,#3088,#3096,.T.);
#3096 = LINE('',#3097,#3098);
#3097 = CARTESIAN_POINT('',(-20.0144556268,2.386979502944E-14,107.5));
#3098 = VECTOR('',#3099,1.);
#3099 = DIRECTION('',(0.,-1.,2.22044604925E-16));
#3100 = ORIENTED_EDGE('',*,*,#756,.F.);
#3101 = PLANE('',#3102);
#3102 = AXIS2_PLACEMENT_3D('',#3103,#3104,#3105);
#3103 = CARTESIAN_POINT('',(-15.09137870372,2.919886554764E-14,131.5));
#3104 = DIRECTION('',(0.979602700641,-4.46185630046E-17,-0.200944143721)
  );
#3105 = DIRECTION('',(-0.200944143721,-2.175154946474E-16,
    -0.979602700641));
#3106 = ADVANCED_FACE('',(#3107),#3125,.T.);
#3107 = FACE_BOUND('',#3108,.T.);
#3108 = EDGE_LOOP('',(#3109,#3110,#3118,#3124));
#3109 = ORIENTED_EDGE('',*,*,#3095,.T.);
#3110 = ORIENTED_EDGE('',*,*,#3111,.T.);
#3111 = EDGE_CURVE('',#3088,#3112,#3114,.T.);
#3112 = VERTEX_POINT('',#3113);
#3113 = CARTESIAN_POINT('',(-13.59562014215,-10.,107.5));
#3114 = LINE('',#3115,#3116);
#3115 = CARTESIAN_POINT('',(-20.0144556268,-10.,107.5));
#3116 = VECTOR('',#3117,1.);
#3117 = DIRECTION('',(1.,0.,0.));
#3118 = ORIENTED_EDGE('',*,*,#3119,.F.);
#3119 = EDGE_CURVE('',#765,#3112,#3120,.T.);
#3120 = LINE('',#3121,#3122);
#3121 = CARTESIAN_POINT('',(-13.59562014215,2.386979502944E-14,107.5));
#3122 = VECTOR('',#3123,1.);
#3123 = DIRECTION('',(0.,-1.,2.22044604925E-16));
#3124 = ORIENTED_EDGE('',*,*,#764,.F.);
#3125 = PLANE('',#3126);
#3126 = AXIS2_PLACEMENT_3D('',#3127,#3128,#3129);
#3127 = CARTESIAN_POINT('',(-20.0144556268,2.386979502944E-14,107.5));
#3128 = DIRECTION('',(0.,2.22044604925E-16,1.));
#3129 = DIRECTION('',(1.,0.,0.));
#3130 = ADVANCED_FACE('',(#3131),#3149,.T.);
#3131 = FACE_BOUND('',#3132,.T.);
#3132 = EDGE_LOOP('',(#3133,#3134,#3142,#3148));
#3133 = ORIENTED_EDGE('',*,*,#3119,.T.);
#3134 = ORIENTED_EDGE('',*,*,#3135,.T.);
#3135 = EDGE_CURVE('',#3112,#3136,#3138,.T.);
#3136 = VERTEX_POINT('',#3137);
#3137 = CARTESIAN_POINT('',(-14.14157549355,-10.,109.));
#3138 = LINE('',#3139,#3140);
#3139 = CARTESIAN_POINT('',(-13.59562014215,-10.,107.5));
#3140 = VECTOR('',#3141,1.);
#3141 = DIRECTION('',(-0.342020143326,2.086536767334E-16,0.939692620786)
  );
#3142 = ORIENTED_EDGE('',*,*,#3143,.F.);
#3143 = EDGE_CURVE('',#773,#3136,#3144,.T.);
#3144 = LINE('',#3145,#3146);
#3145 = CARTESIAN_POINT('',(-14.14157549355,2.420286193683E-14,109.));
#3146 = VECTOR('',#3147,1.);
#3147 = DIRECTION('',(0.,-1.,2.22044604925E-16));
#3148 = ORIENTED_EDGE('',*,*,#772,.F.);
#3149 = PLANE('',#3150);
#3150 = AXIS2_PLACEMENT_3D('',#3151,#3152,#3153);
#3151 = CARTESIAN_POINT('',(-13.59562014215,2.386979502944E-14,107.5));
#3152 = DIRECTION('',(-0.939692620786,-7.594372760115E-17,
    -0.342020143326));
#3153 = DIRECTION('',(-0.342020143326,2.086536767334E-16,0.939692620786)
  );
#3154 = ADVANCED_FACE('',(#3155),#3173,.T.);
#3155 = FACE_BOUND('',#3156,.T.);
#3156 = EDGE_LOOP('',(#3157,#3158,#3166,#3172));
#3157 = ORIENTED_EDGE('',*,*,#3143,.T.);
#3158 = ORIENTED_EDGE('',*,*,#3159,.T.);
#3159 = EDGE_CURVE('',#3136,#3160,#3162,.T.);
#3160 = VERTEX_POINT('',#3161);
#3161 = CARTESIAN_POINT('',(14.141575493558,-10.,109.));
#3162 = LINE('',#3163,#3164);
#3163 = CARTESIAN_POINT('',(-14.14157549355,-10.,109.));
#3164 = VECTOR('',#3165,1.);
#3165 = DIRECTION('',(1.,0.,0.));
#3166 = ORIENTED_EDGE('',*,*,#3167,.F.);
#3167 = EDGE_CURVE('',#781,#3160,#3168,.T.);
#3168 = LINE('',#3169,#3170);
#3169 = CARTESIAN_POINT('',(14.141575493558,2.420286193683E-14,109.));
#3170 = VECTOR('',#3171,1.);
#3171 = DIRECTION('',(0.,-1.,2.22044604925E-16));
#3172 = ORIENTED_EDGE('',*,*,#780,.F.);
#3173 = PLANE('',#3174);
#3174 = AXIS2_PLACEMENT_3D('',#3175,#3176,#3177);
#3175 = CARTESIAN_POINT('',(-14.14157549355,2.420286193683E-14,109.));
#3176 = DIRECTION('',(0.,2.22044604925E-16,1.));
#3177 = DIRECTION('',(1.,0.,0.));
#3178 = ADVANCED_FACE('',(#3179),#3197,.T.);
#3179 = FACE_BOUND('',#3180,.T.);
#3180 = EDGE_LOOP('',(#3181,#3182,#3190,#3196));
#3181 = ORIENTED_EDGE('',*,*,#3167,.T.);
#3182 = ORIENTED_EDGE('',*,*,#3183,.T.);
#3183 = EDGE_CURVE('',#3160,#3184,#3186,.T.);
#3184 = VERTEX_POINT('',#3185);
#3185 = CARTESIAN_POINT('',(13.595620142159,-10.,107.5));
#3186 = LINE('',#3187,#3188);
#3187 = CARTESIAN_POINT('',(14.141575493558,-10.,109.));
#3188 = VECTOR('',#3189,1.);
#3189 = DIRECTION('',(-0.342020143326,-2.086536767334E-16,
    -0.939692620786));
#3190 = ORIENTED_EDGE('',*,*,#3191,.F.);
#3191 = EDGE_CURVE('',#789,#3184,#3192,.T.);
#3192 = LINE('',#3193,#3194);
#3193 = CARTESIAN_POINT('',(13.595620142159,2.386979502944E-14,107.5));
#3194 = VECTOR('',#3195,1.);
#3195 = DIRECTION('',(0.,-1.,2.22044604925E-16));
#3196 = ORIENTED_EDGE('',*,*,#788,.F.);
#3197 = PLANE('',#3198);
#3198 = AXIS2_PLACEMENT_3D('',#3199,#3200,#3201);
#3199 = CARTESIAN_POINT('',(14.141575493558,2.420286193683E-14,109.));
#3200 = DIRECTION('',(0.939692620786,-7.594372760115E-17,-0.342020143326
    ));
#3201 = DIRECTION('',(-0.342020143326,-2.086536767334E-16,
    -0.939692620786));
#3202 = ADVANCED_FACE('',(#3203),#3221,.T.);
#3203 = FACE_BOUND('',#3204,.T.);
#3204 = EDGE_LOOP('',(#3205,#3206,#3214,#3220));
#3205 = ORIENTED_EDGE('',*,*,#3191,.T.);
#3206 = ORIENTED_EDGE('',*,*,#3207,.T.);
#3207 = EDGE_CURVE('',#3184,#3208,#3210,.T.);
#3208 = VERTEX_POINT('',#3209);
#3209 = CARTESIAN_POINT('',(19.883357751766,-10.,107.5));
#3210 = LINE('',#3211,#3212);
#3211 = CARTESIAN_POINT('',(13.595620142159,-10.,107.5));
#3212 = VECTOR('',#3213,1.);
#3213 = DIRECTION('',(1.,0.,0.));
#3214 = ORIENTED_EDGE('',*,*,#3215,.F.);
#3215 = EDGE_CURVE('',#797,#3208,#3216,.T.);
#3216 = LINE('',#3217,#3218);
#3217 = CARTESIAN_POINT('',(19.883357751766,2.386979502944E-14,107.5));
#3218 = VECTOR('',#3219,1.);
#3219 = DIRECTION('',(0.,-1.,2.22044604925E-16));
#3220 = ORIENTED_EDGE('',*,*,#796,.F.);
#3221 = PLANE('',#3222);
#3222 = AXIS2_PLACEMENT_3D('',#3223,#3224,#3225);
#3223 = CARTESIAN_POINT('',(13.595620142159,2.386979502944E-14,107.5));
#3224 = DIRECTION('',(0.,2.22044604925E-16,1.));
#3225 = DIRECTION('',(1.,0.,0.));
#3226 = ADVANCED_FACE('',(#3227),#3238,.T.);
#3227 = FACE_BOUND('',#3228,.T.);
#3228 = EDGE_LOOP('',(#3229,#3230,#3236,#3237));
#3229 = ORIENTED_EDGE('',*,*,#3215,.T.);
#3230 = ORIENTED_EDGE('',*,*,#3231,.T.);
#3231 = EDGE_CURVE('',#3208,#2960,#3232,.T.);
#3232 = LINE('',#3233,#3234);
#3233 = CARTESIAN_POINT('',(19.883357751766,-10.,107.5));
#3234 = VECTOR('',#3235,1.);
#3235 = DIRECTION('',(-0.195920076549,2.177413509553E-16,0.980619867026)
  );
#3236 = ORIENTED_EDGE('',*,*,#2959,.F.);
#3237 = ORIENTED_EDGE('',*,*,#804,.F.);
#3238 = PLANE('',#3239);
#3239 = AXIS2_PLACEMENT_3D('',#3240,#3241,#3242);
#3240 = CARTESIAN_POINT('',(19.883357751766,2.386979502944E-14,107.5));
#3241 = DIRECTION('',(-0.980619867026,-4.35029959941E-17,-0.195920076549
    ));
#3242 = DIRECTION('',(-0.195920076549,2.177413509553E-16,0.980619867026)
  );
#3243 = ADVANCED_FACE('',(#3244),#3269,.T.);
#3244 = FACE_BOUND('',#3245,.T.);
#3245 = EDGE_LOOP('',(#3246,#3254,#3262,#3268));
#3246 = ORIENTED_EDGE('',*,*,#3247,.T.);
#3247 = EDGE_CURVE('',#813,#3248,#3250,.T.);
#3248 = VERTEX_POINT('',#3249);
#3249 = CARTESIAN_POINT('',(-9.552917165263,-10.,158.5));
#3250 = LINE('',#3251,#3252);
#3251 = CARTESIAN_POINT('',(-9.552917165263,3.519406988062E-14,158.5));
#3252 = VECTOR('',#3253,1.);
#3253 = DIRECTION('',(0.,-1.,2.22044604925E-16));
#3254 = ORIENTED_EDGE('',*,*,#3255,.T.);
#3255 = EDGE_CURVE('',#3248,#3256,#3258,.T.);
#3256 = VERTEX_POINT('',#3257);
#3257 = CARTESIAN_POINT('',(-14.47599408834,-10.,134.5));
#3258 = LINE('',#3259,#3260);
#3259 = CARTESIAN_POINT('',(-9.552917165263,-10.,158.5));
#3260 = VECTOR('',#3261,1.);
#3261 = DIRECTION('',(-0.200944143721,-2.175154946474E-16,
    -0.979602700641));
#3262 = ORIENTED_EDGE('',*,*,#3263,.F.);
#3263 = EDGE_CURVE('',#815,#3256,#3264,.T.);
#3264 = LINE('',#3265,#3266);
#3265 = CARTESIAN_POINT('',(-14.47599408834,2.986499936242E-14,134.5));
#3266 = VECTOR('',#3267,1.);
#3267 = DIRECTION('',(0.,-1.,2.22044604925E-16));
#3268 = ORIENTED_EDGE('',*,*,#812,.F.);
#3269 = PLANE('',#3270);
#3270 = AXIS2_PLACEMENT_3D('',#3271,#3272,#3273);
#3271 = CARTESIAN_POINT('',(-9.552917165263,3.519406988062E-14,158.5));
#3272 = DIRECTION('',(0.979602700641,-4.46185630046E-17,-0.200944143721)
  );
#3273 = DIRECTION('',(-0.200944143721,-2.175154946474E-16,
    -0.979602700641));
#3274 = ADVANCED_FACE('',(#3275),#3293,.F.);
#3275 = FACE_BOUND('',#3276,.F.);
#3276 = EDGE_LOOP('',(#3277,#3278,#3286,#3292));
#3277 = ORIENTED_EDGE('',*,*,#3247,.T.);
#3278 = ORIENTED_EDGE('',*,*,#3279,.T.);
#3279 = EDGE_CURVE('',#3248,#3280,#3282,.T.);
#3280 = VERTEX_POINT('',#3281);
#3281 = CARTESIAN_POINT('',(-2.671013629313,-10.,158.5));
#3282 = LINE('',#3283,#3284);
#3283 = CARTESIAN_POINT('',(-9.552917165263,-10.,158.5));
#3284 = VECTOR('',#3285,1.);
#3285 = DIRECTION('',(1.,0.,0.));
#3286 = ORIENTED_EDGE('',*,*,#3287,.F.);
#3287 = EDGE_CURVE('',#823,#3280,#3288,.T.);
#3288 = LINE('',#3289,#3290);
#3289 = CARTESIAN_POINT('',(-2.671013629313,3.519406988062E-14,158.5));
#3290 = VECTOR('',#3291,1.);
#3291 = DIRECTION('',(0.,-1.,2.22044604925E-16));
#3292 = ORIENTED_EDGE('',*,*,#822,.F.);
#3293 = PLANE('',#3294);
#3294 = AXIS2_PLACEMENT_3D('',#3295,#3296,#3297);
#3295 = CARTESIAN_POINT('',(-9.552917165263,3.519406988062E-14,158.5));
#3296 = DIRECTION('',(0.,2.22044604925E-16,1.));
#3297 = DIRECTION('',(1.,0.,0.));
#3298 = ADVANCED_FACE('',(#3299),#3317,.F.);
#3299 = FACE_BOUND('',#3300,.F.);
#3300 = EDGE_LOOP('',(#3301,#3302,#3310,#3316));
#3301 = ORIENTED_EDGE('',*,*,#3287,.T.);
#3302 = ORIENTED_EDGE('',*,*,#3303,.T.);
#3303 = EDGE_CURVE('',#3280,#3304,#3306,.T.);
#3304 = VERTEX_POINT('',#3305);
#3305 = CARTESIAN_POINT('',(-3.216968980713,-10.,157.));
#3306 = LINE('',#3307,#3308);
#3307 = CARTESIAN_POINT('',(-2.671013629313,-10.,158.5));
#3308 = VECTOR('',#3309,1.);
#3309 = DIRECTION('',(-0.342020143326,-2.086536767334E-16,
    -0.939692620786));
#3310 = ORIENTED_EDGE('',*,*,#3311,.F.);
#3311 = EDGE_CURVE('',#831,#3304,#3312,.T.);
#3312 = LINE('',#3313,#3314);
#3313 = CARTESIAN_POINT('',(-3.216968980713,3.486100297323E-14,157.));
#3314 = VECTOR('',#3315,1.);
#3315 = DIRECTION('',(0.,-1.,2.22044604925E-16));
#3316 = ORIENTED_EDGE('',*,*,#830,.F.);
#3317 = PLANE('',#3318);
#3318 = AXIS2_PLACEMENT_3D('',#3319,#3320,#3321);
#3319 = CARTESIAN_POINT('',(-2.671013629313,3.519406988062E-14,158.5));
#3320 = DIRECTION('',(0.939692620786,-7.594372760115E-17,-0.342020143326
    ));
#3321 = DIRECTION('',(-0.342020143326,-2.086536767334E-16,
    -0.939692620786));
#3322 = ADVANCED_FACE('',(#3323),#3341,.F.);
#3323 = FACE_BOUND('',#3324,.F.);
#3324 = EDGE_LOOP('',(#3325,#3326,#3334,#3340));
#3325 = ORIENTED_EDGE('',*,*,#3311,.T.);
#3326 = ORIENTED_EDGE('',*,*,#3327,.T.);
#3327 = EDGE_CURVE('',#3304,#3328,#3330,.T.);
#3328 = VERTEX_POINT('',#3329);
#3329 = CARTESIAN_POINT('',(3.216968980713,-10.,157.));
#3330 = LINE('',#3331,#3332);
#3331 = CARTESIAN_POINT('',(-3.216968980713,-10.,157.));
#3332 = VECTOR('',#3333,1.);
#3333 = DIRECTION('',(1.,0.,0.));
#3334 = ORIENTED_EDGE('',*,*,#3335,.F.);
#3335 = EDGE_CURVE('',#839,#3328,#3336,.T.);
#3336 = LINE('',#3337,#3338);
#3337 = CARTESIAN_POINT('',(3.216968980713,3.486100297323E-14,157.));
#3338 = VECTOR('',#3339,1.);
#3339 = DIRECTION('',(0.,-1.,2.22044604925E-16));
#3340 = ORIENTED_EDGE('',*,*,#838,.F.);
#3341 = PLANE('',#3342);
#3342 = AXIS2_PLACEMENT_3D('',#3343,#3344,#3345);
#3343 = CARTESIAN_POINT('',(-3.216968980713,3.486100297323E-14,157.));
#3344 = DIRECTION('',(0.,2.22044604925E-16,1.));
#3345 = DIRECTION('',(1.,0.,0.));
#3346 = ADVANCED_FACE('',(#3347),#3365,.F.);
#3347 = FACE_BOUND('',#3348,.F.);
#3348 = EDGE_LOOP('',(#3349,#3350,#3358,#3364));
#3349 = ORIENTED_EDGE('',*,*,#3335,.T.);
#3350 = ORIENTED_EDGE('',*,*,#3351,.T.);
#3351 = EDGE_CURVE('',#3328,#3352,#3354,.T.);
#3352 = VERTEX_POINT('',#3353);
#3353 = CARTESIAN_POINT('',(2.671013629313,-10.,158.5));
#3354 = LINE('',#3355,#3356);
#3355 = CARTESIAN_POINT('',(3.216968980713,-10.,157.));
#3356 = VECTOR('',#3357,1.);
#3357 = DIRECTION('',(-0.342020143326,2.086536767334E-16,0.939692620786)
  );
#3358 = ORIENTED_EDGE('',*,*,#3359,.F.);
#3359 = EDGE_CURVE('',#847,#3352,#3360,.T.);
#3360 = LINE('',#3361,#3362);
#3361 = CARTESIAN_POINT('',(2.671013629313,3.519406988062E-14,158.5));
#3362 = VECTOR('',#3363,1.);
#3363 = DIRECTION('',(0.,-1.,2.22044604925E-16));
#3364 = ORIENTED_EDGE('',*,*,#846,.F.);
#3365 = PLANE('',#3366);
#3366 = AXIS2_PLACEMENT_3D('',#3367,#3368,#3369);
#3367 = CARTESIAN_POINT('',(3.216968980713,3.486100297323E-14,157.));
#3368 = DIRECTION('',(-0.939692620786,-7.594372760115E-17,
    -0.342020143326));
#3369 = DIRECTION('',(-0.342020143326,2.086536767334E-16,0.939692620786)
  );
#3370 = ADVANCED_FACE('',(#3371),#3389,.F.);
#3371 = FACE_BOUND('',#3372,.F.);
#3372 = EDGE_LOOP('',(#3373,#3374,#3382,#3388));
#3373 = ORIENTED_EDGE('',*,*,#3359,.T.);
#3374 = ORIENTED_EDGE('',*,*,#3375,.T.);
#3375 = EDGE_CURVE('',#3352,#3376,#3378,.T.);
#3376 = VERTEX_POINT('',#3377);
#3377 = CARTESIAN_POINT('',(9.552918939346,-10.,158.5));
#3378 = LINE('',#3379,#3380);
#3379 = CARTESIAN_POINT('',(2.671013629313,-10.,158.5));
#3380 = VECTOR('',#3381,1.);
#3381 = DIRECTION('',(1.,0.,0.));
#3382 = ORIENTED_EDGE('',*,*,#3383,.F.);
#3383 = EDGE_CURVE('',#855,#3376,#3384,.T.);
#3384 = LINE('',#3385,#3386);
#3385 = CARTESIAN_POINT('',(9.552918939346,3.519406988062E-14,158.5));
#3386 = VECTOR('',#3387,1.);
#3387 = DIRECTION('',(0.,-1.,2.22044604925E-16));
#3388 = ORIENTED_EDGE('',*,*,#854,.F.);
#3389 = PLANE('',#3390);
#3390 = AXIS2_PLACEMENT_3D('',#3391,#3392,#3393);
#3391 = CARTESIAN_POINT('',(2.671013629313,3.519406988062E-14,158.5));
#3392 = DIRECTION('',(0.,2.22044604925E-16,1.));
#3393 = DIRECTION('',(1.,0.,0.));
#3394 = ADVANCED_FACE('',(#3395),#3413,.T.);
#3395 = FACE_BOUND('',#3396,.T.);
#3396 = EDGE_LOOP('',(#3397,#3405,#3411,#3412));
#3397 = ORIENTED_EDGE('',*,*,#3398,.T.);
#3398 = EDGE_CURVE('',#863,#3399,#3401,.T.);
#3399 = VERTEX_POINT('',#3400);
#3400 = CARTESIAN_POINT('',(14.348920731999,-10.,134.5));
#3401 = LINE('',#3402,#3403);
#3402 = CARTESIAN_POINT('',(14.348920731999,2.986499936242E-14,134.5));
#3403 = VECTOR('',#3404,1.);
#3404 = DIRECTION('',(0.,-1.,2.22044604925E-16));
#3405 = ORIENTED_EDGE('',*,*,#3406,.T.);
#3406 = EDGE_CURVE('',#3399,#3376,#3407,.T.);
#3407 = LINE('',#3408,#3409);
#3408 = CARTESIAN_POINT('',(14.348920731999,-10.,134.5));
#3409 = VECTOR('',#3410,1.);
#3410 = DIRECTION('',(-0.195959053679,2.177396216437E-16,0.980612078898)
  );
#3411 = ORIENTED_EDGE('',*,*,#3383,.F.);
#3412 = ORIENTED_EDGE('',*,*,#862,.F.);
#3413 = PLANE('',#3414);
#3414 = AXIS2_PLACEMENT_3D('',#3415,#3416,#3417);
#3415 = CARTESIAN_POINT('',(14.348920731999,2.986499936242E-14,134.5));
#3416 = DIRECTION('',(-0.980612078898,-4.351165065561E-17,
    -0.195959053679));
#3417 = DIRECTION('',(-0.195959053679,2.177396216437E-16,0.980612078898)
  );
#3418 = ADVANCED_FACE('',(#3419),#3437,.T.);
#3419 = FACE_BOUND('',#3420,.T.);
#3420 = EDGE_LOOP('',(#3421,#3429,#3435,#3436));
#3421 = ORIENTED_EDGE('',*,*,#3422,.T.);
#3422 = EDGE_CURVE('',#871,#3423,#3425,.T.);
#3423 = VERTEX_POINT('',#3424);
#3424 = CARTESIAN_POINT('',(7.810637568975,-10.,134.5));
#3425 = LINE('',#3426,#3427);
#3426 = CARTESIAN_POINT('',(7.810637568975,2.986499936242E-14,134.5));
#3427 = VECTOR('',#3428,1.);
#3428 = DIRECTION('',(0.,-1.,2.22044604925E-16));
#3429 = ORIENTED_EDGE('',*,*,#3430,.T.);
#3430 = EDGE_CURVE('',#3423,#3399,#3431,.T.);
#3431 = LINE('',#3432,#3433);
#3432 = CARTESIAN_POINT('',(7.810637568975,-10.,134.5));
#3433 = VECTOR('',#3434,1.);
#3434 = DIRECTION('',(1.,0.,0.));
#3435 = ORIENTED_EDGE('',*,*,#3398,.F.);
#3436 = ORIENTED_EDGE('',*,*,#870,.F.);
#3437 = PLANE('',#3438);
#3438 = AXIS2_PLACEMENT_3D('',#3439,#3440,#3441);
#3439 = CARTESIAN_POINT('',(7.810637568975,2.986499936242E-14,134.5));
#3440 = DIRECTION('',(0.,2.22044604925E-16,1.));
#3441 = DIRECTION('',(1.,0.,0.));
#3442 = ADVANCED_FACE('',(#3443),#3461,.T.);
#3443 = FACE_BOUND('',#3444,.T.);
#3444 = EDGE_LOOP('',(#3445,#3453,#3459,#3460));
#3445 = ORIENTED_EDGE('',*,*,#3446,.T.);
#3446 = EDGE_CURVE('',#879,#3447,#3449,.T.);
#3447 = VERTEX_POINT('',#3448);
#3448 = CARTESIAN_POINT('',(8.356592920374,-10.,136.));
#3449 = LINE('',#3450,#3451);
#3450 = CARTESIAN_POINT('',(8.356592920374,3.01980662698E-14,136.));
#3451 = VECTOR('',#3452,1.);
#3452 = DIRECTION('',(0.,-1.,2.22044604925E-16));
#3453 = ORIENTED_EDGE('',*,*,#3454,.T.);
#3454 = EDGE_CURVE('',#3447,#3423,#3455,.T.);
#3455 = LINE('',#3456,#3457);
#3456 = CARTESIAN_POINT('',(8.356592920374,-10.,136.));
#3457 = VECTOR('',#3458,1.);
#3458 = DIRECTION('',(-0.342020143326,-2.086536767334E-16,
    -0.939692620786));
#3459 = ORIENTED_EDGE('',*,*,#3422,.F.);
#3460 = ORIENTED_EDGE('',*,*,#878,.F.);
#3461 = PLANE('',#3462);
#3462 = AXIS2_PLACEMENT_3D('',#3463,#3464,#3465);
#3463 = CARTESIAN_POINT('',(8.356592920374,3.01980662698E-14,136.));
#3464 = DIRECTION('',(0.939692620786,-7.594372760115E-17,-0.342020143326
    ));
#3465 = DIRECTION('',(-0.342020143326,-2.086536767334E-16,
    -0.939692620786));
#3466 = ADVANCED_FACE('',(#3467),#3485,.T.);
#3467 = FACE_BOUND('',#3468,.T.);
#3468 = EDGE_LOOP('',(#3469,#3477,#3483,#3484));
#3469 = ORIENTED_EDGE('',*,*,#3470,.T.);
#3470 = EDGE_CURVE('',#887,#3471,#3473,.T.);
#3471 = VERTEX_POINT('',#3472);
#3472 = CARTESIAN_POINT('',(-8.356592920374,-10.,136.));
#3473 = LINE('',#3474,#3475);
#3474 = CARTESIAN_POINT('',(-8.356592920374,3.01980662698E-14,136.));
#3475 = VECTOR('',#3476,1.);
#3476 = DIRECTION('',(0.,-1.,2.22044604925E-16));
#3477 = ORIENTED_EDGE('',*,*,#3478,.T.);
#3478 = EDGE_CURVE('',#3471,#3447,#3479,.T.);
#3479 = LINE('',#3480,#3481);
#3480 = CARTESIAN_POINT('',(-8.356592920374,-10.,136.));
#3481 = VECTOR('',#3482,1.);
#3482 = DIRECTION('',(1.,0.,0.));
#3483 = ORIENTED_EDGE('',*,*,#3446,.F.);
#3484 = ORIENTED_EDGE('',*,*,#886,.F.);
#3485 = PLANE('',#3486);
#3486 = AXIS2_PLACEMENT_3D('',#3487,#3488,#3489);
#3487 = CARTESIAN_POINT('',(-8.356592920374,3.01980662698E-14,136.));
#3488 = DIRECTION('',(0.,2.22044604925E-16,1.));
#3489 = DIRECTION('',(1.,0.,0.));
#3490 = ADVANCED_FACE('',(#3491),#3509,.T.);
#3491 = FACE_BOUND('',#3492,.T.);
#3492 = EDGE_LOOP('',(#3493,#3501,#3507,#3508));
#3493 = ORIENTED_EDGE('',*,*,#3494,.T.);
#3494 = EDGE_CURVE('',#895,#3495,#3497,.T.);
#3495 = VERTEX_POINT('',#3496);
#3496 = CARTESIAN_POINT('',(-7.810637568975,-10.,134.5));
#3497 = LINE('',#3498,#3499);
#3498 = CARTESIAN_POINT('',(-7.810637568975,2.986499936242E-14,134.5));
#3499 = VECTOR('',#3500,1.);
#3500 = DIRECTION('',(0.,-1.,2.22044604925E-16));
#3501 = ORIENTED_EDGE('',*,*,#3502,.T.);
#3502 = EDGE_CURVE('',#3495,#3471,#3503,.T.);
#3503 = LINE('',#3504,#3505);
#3504 = CARTESIAN_POINT('',(-7.810637568975,-10.,134.5));
#3505 = VECTOR('',#3506,1.);
#3506 = DIRECTION('',(-0.342020143326,2.086536767334E-16,0.939692620786)
  );
#3507 = ORIENTED_EDGE('',*,*,#3470,.F.);
#3508 = ORIENTED_EDGE('',*,*,#894,.F.);
#3509 = PLANE('',#3510);
#3510 = AXIS2_PLACEMENT_3D('',#3511,#3512,#3513);
#3511 = CARTESIAN_POINT('',(-7.810637568975,2.986499936242E-14,134.5));
#3512 = DIRECTION('',(-0.939692620786,-7.594372760115E-17,
    -0.342020143326));
#3513 = DIRECTION('',(-0.342020143326,2.086536767334E-16,0.939692620786)
  );
#3514 = ADVANCED_FACE('',(#3515),#3526,.T.);
#3515 = FACE_BOUND('',#3516,.T.);
#3516 = EDGE_LOOP('',(#3517,#3518,#3524,#3525));
#3517 = ORIENTED_EDGE('',*,*,#3263,.T.);
#3518 = ORIENTED_EDGE('',*,*,#3519,.T.);
#3519 = EDGE_CURVE('',#3256,#3495,#3520,.T.);
#3520 = LINE('',#3521,#3522);
#3521 = CARTESIAN_POINT('',(-14.47599408834,-10.,134.5));
#3522 = VECTOR('',#3523,1.);
#3523 = DIRECTION('',(1.,0.,0.));
#3524 = ORIENTED_EDGE('',*,*,#3494,.F.);
#3525 = ORIENTED_EDGE('',*,*,#902,.F.);
#3526 = PLANE('',#3527);
#3527 = AXIS2_PLACEMENT_3D('',#3528,#3529,#3530);
#3528 = CARTESIAN_POINT('',(-14.47599408834,2.986499936242E-14,134.5));
#3529 = DIRECTION('',(0.,2.22044604925E-16,1.));
#3530 = DIRECTION('',(1.,0.,0.));
#3531 = ADVANCED_FACE('',(#3532,#3580,#3590,#3604,#3618,#3627,#3641),
  #3655,.F.);
#3532 = FACE_BOUND('',#3533,.F.);
#3533 = EDGE_LOOP('',(#3534,#3535,#3536,#3537,#3538,#3539,#3540,#3541,
    #3542,#3543,#3544,#3545,#3546,#3547,#3548,#3549,#3550,#3551,#3552,
    #3553,#3554,#3555,#3556,#3557,#3558,#3559,#3560,#3561,#3562,#3563,
    #3564,#3565,#3566,#3567,#3568,#3569,#3570,#3571,#3572,#3573,#3574,
    #3575,#3576,#3577,#3578,#3579));
#3534 = ORIENTED_EDGE('',*,*,#925,.F.);
#3535 = ORIENTED_EDGE('',*,*,#980,.F.);
#3536 = ORIENTED_EDGE('',*,*,#1028,.F.);
#3537 = ORIENTED_EDGE('',*,*,#1076,.F.);
#3538 = ORIENTED_EDGE('',*,*,#1124,.F.);
#3539 = ORIENTED_EDGE('',*,*,#1172,.F.);
#3540 = ORIENTED_EDGE('',*,*,#1220,.F.);
#3541 = ORIENTED_EDGE('',*,*,#1268,.F.);
#3542 = ORIENTED_EDGE('',*,*,#1316,.F.);
#3543 = ORIENTED_EDGE('',*,*,#1364,.F.);
#3544 = ORIENTED_EDGE('',*,*,#1413,.F.);
#3545 = ORIENTED_EDGE('',*,*,#1454,.F.);
#3546 = ORIENTED_EDGE('',*,*,#1503,.T.);
#3547 = ORIENTED_EDGE('',*,*,#1557,.F.);
#3548 = ORIENTED_EDGE('',*,*,#1605,.F.);
#3549 = ORIENTED_EDGE('',*,*,#1646,.T.);
#3550 = ORIENTED_EDGE('',*,*,#1701,.F.);
#3551 = ORIENTED_EDGE('',*,*,#1749,.F.);
#3552 = ORIENTED_EDGE('',*,*,#1791,.T.);
#3553 = ORIENTED_EDGE('',*,*,#1846,.F.);
#3554 = ORIENTED_EDGE('',*,*,#1894,.F.);
#3555 = ORIENTED_EDGE('',*,*,#1935,.T.);
#3556 = ORIENTED_EDGE('',*,*,#1990,.F.);
#3557 = ORIENTED_EDGE('',*,*,#2007,.F.);
#3558 = ORIENTED_EDGE('',*,*,#1966,.T.);
#3559 = ORIENTED_EDGE('',*,*,#1918,.T.);
#3560 = ORIENTED_EDGE('',*,*,#1870,.T.);
#3561 = ORIENTED_EDGE('',*,*,#1823,.T.);
#3562 = ORIENTED_EDGE('',*,*,#1774,.F.);
#3563 = ORIENTED_EDGE('',*,*,#1726,.T.);
#3564 = ORIENTED_EDGE('',*,*,#1677,.T.);
#3565 = ORIENTED_EDGE('',*,*,#1629,.T.);
#3566 = ORIENTED_EDGE('',*,*,#1581,.T.);
#3567 = ORIENTED_EDGE('',*,*,#1533,.T.);
#3568 = ORIENTED_EDGE('',*,*,#1485,.T.);
#3569 = ORIENTED_EDGE('',*,*,#1436,.T.);
#3570 = ORIENTED_EDGE('',*,*,#1388,.T.);
#3571 = ORIENTED_EDGE('',*,*,#1340,.T.);
#3572 = ORIENTED_EDGE('',*,*,#1292,.T.);
#3573 = ORIENTED_EDGE('',*,*,#1244,.T.);
#3574 = ORIENTED_EDGE('',*,*,#1196,.T.);
#3575 = ORIENTED_EDGE('',*,*,#1148,.T.);
#3576 = ORIENTED_EDGE('',*,*,#1100,.T.);
#3577 = ORIENTED_EDGE('',*,*,#1052,.T.);
#3578 = ORIENTED_EDGE('',*,*,#1005,.T.);
#3579 = ORIENTED_EDGE('',*,*,#956,.F.);
#3580 = FACE_BOUND('',#3581,.F.);
#3581 = EDGE_LOOP('',(#3582,#3583,#3584,#3585,#3586,#3587,#3588,#3589));
#3582 = ORIENTED_EDGE('',*,*,#2031,.T.);
#3583 = ORIENTED_EDGE('',*,*,#2062,.F.);
#3584 = ORIENTED_EDGE('',*,*,#2086,.F.);
#3585 = ORIENTED_EDGE('',*,*,#2110,.F.);
#3586 = ORIENTED_EDGE('',*,*,#2134,.F.);
#3587 = ORIENTED_EDGE('',*,*,#2158,.F.);
#3588 = ORIENTED_EDGE('',*,*,#2175,.T.);
#3589 = ORIENTED_EDGE('',*,*,#2199,.F.);
#3590 = FACE_BOUND('',#3591,.T.);
#3591 = EDGE_LOOP('',(#3592,#3593,#3594,#3595,#3596,#3597,#3598,#3599,
    #3600,#3601,#3602,#3603));
#3592 = ORIENTED_EDGE('',*,*,#2223,.T.);
#3593 = ORIENTED_EDGE('',*,*,#2247,.T.);
#3594 = ORIENTED_EDGE('',*,*,#2271,.T.);
#3595 = ORIENTED_EDGE('',*,*,#2295,.T.);
#3596 = ORIENTED_EDGE('',*,*,#2319,.T.);
#3597 = ORIENTED_EDGE('',*,*,#2350,.F.);
#3598 = ORIENTED_EDGE('',*,*,#2367,.T.);
#3599 = ORIENTED_EDGE('',*,*,#2391,.T.);
#3600 = ORIENTED_EDGE('',*,*,#2415,.T.);
#3601 = ORIENTED_EDGE('',*,*,#2439,.T.);
#3602 = ORIENTED_EDGE('',*,*,#2463,.T.);
#3603 = ORIENTED_EDGE('',*,*,#2487,.F.);
#3604 = FACE_BOUND('',#3605,.T.);
#3605 = EDGE_LOOP('',(#3606,#3607,#3608,#3609,#3610,#3611,#3612,#3613,
    #3614,#3615,#3616,#3617));
#3606 = ORIENTED_EDGE('',*,*,#2511,.T.);
#3607 = ORIENTED_EDGE('',*,*,#2535,.T.);
#3608 = ORIENTED_EDGE('',*,*,#2559,.T.);
#3609 = ORIENTED_EDGE('',*,*,#2583,.T.);
#3610 = ORIENTED_EDGE('',*,*,#2607,.T.);
#3611 = ORIENTED_EDGE('',*,*,#2638,.F.);
#3612 = ORIENTED_EDGE('',*,*,#2662,.F.);
#3613 = ORIENTED_EDGE('',*,*,#2686,.F.);
#3614 = ORIENTED_EDGE('',*,*,#2710,.F.);
#3615 = ORIENTED_EDGE('',*,*,#2734,.F.);
#3616 = ORIENTED_EDGE('',*,*,#2758,.F.);
#3617 = ORIENTED_EDGE('',*,*,#2775,.F.);
#3618 = FACE_BOUND('',#3619,.F.);
#3619 = EDGE_LOOP('',(#3620,#3621,#3622,#3623,#3624,#3625,#3626));
#3620 = ORIENTED_EDGE('',*,*,#2799,.T.);
#3621 = ORIENTED_EDGE('',*,*,#2823,.T.);
#3622 = ORIENTED_EDGE('',*,*,#2854,.F.);
#3623 = ORIENTED_EDGE('',*,*,#2878,.F.);
#3624 = ORIENTED_EDGE('',*,*,#2902,.F.);
#3625 = ORIENTED_EDGE('',*,*,#2926,.F.);
#3626 = ORIENTED_EDGE('',*,*,#2943,.F.);
#3627 = FACE_BOUND('',#3628,.F.);
#3628 = EDGE_LOOP('',(#3629,#3630,#3631,#3632,#3633,#3634,#3635,#3636,
    #3637,#3638,#3639,#3640));
#3629 = ORIENTED_EDGE('',*,*,#2967,.T.);
#3630 = ORIENTED_EDGE('',*,*,#2991,.T.);
#3631 = ORIENTED_EDGE('',*,*,#3015,.T.);
#3632 = ORIENTED_EDGE('',*,*,#3039,.T.);
#3633 = ORIENTED_EDGE('',*,*,#3063,.T.);
#3634 = ORIENTED_EDGE('',*,*,#3087,.T.);
#3635 = ORIENTED_EDGE('',*,*,#3111,.T.);
#3636 = ORIENTED_EDGE('',*,*,#3135,.T.);
#3637 = ORIENTED_EDGE('',*,*,#3159,.T.);
#3638 = ORIENTED_EDGE('',*,*,#3183,.T.);
#3639 = ORIENTED_EDGE('',*,*,#3207,.T.);
#3640 = ORIENTED_EDGE('',*,*,#3231,.T.);
#3641 = FACE_BOUND('',#3642,.T.);
#3642 = EDGE_LOOP('',(#3643,#3644,#3645,#3646,#3647,#3648,#3649,#3650,
    #3651,#3652,#3653,#3654));
#3643 = ORIENTED_EDGE('',*,*,#3255,.F.);
#3644 = ORIENTED_EDGE('',*,*,#3279,.T.);
#3645 = ORIENTED_EDGE('',*,*,#3303,.T.);
#3646 = ORIENTED_EDGE('',*,*,#3327,.T.);
#3647 = ORIENTED_EDGE('',*,*,#3351,.T.);
#3648 = ORIENTED_EDGE('',*,*,#3375,.T.);
#3649 = ORIENTED_EDGE('',*,*,#3406,.F.);
#3650 = ORIENTED_EDGE('',*,*,#3430,.F.);
#3651 = ORIENTED_EDGE('',*,*,#3454,.F.);
#3652 = ORIENTED_EDGE('',*,*,#3478,.F.);
#3653 = ORIENTED_EDGE('',*,*,#3502,.F.);
#3654 = ORIENTED_EDGE('',*,*,#3519,.F.);
#3655 = PLANE('',#3656);
#3656 = AXIS2_PLACEMENT_3D('',#3657,#3658,#3659);
#3657 = CARTESIAN_POINT('',(-9.05035356431E-03,-10.,92.035116201345));
#3658 = DIRECTION('',(0.,1.,-2.22044604925E-16));
#3659 = DIRECTION('',(0.,2.22044604925E-16,1.));
#3660 = ( GEOMETRIC_REPRESENTATION_CONTEXT(3) 
GLOBAL_UNCERTAINTY_ASSIGNED_CONTEXT((#3664)) 
GLOBAL_UNIT_ASSIGNED_CONTEXT((#3661,#3662,#3663)) REPRESENTATION_CONTEXT
('Context #1','3D Context with UNIT and UNCERTAINTY') );
#3661 = ( LENGTH_UNIT() NAMED_UNIT(*) SI_UNIT(.MILLI.,.METRE.) );
#3662 = ( NAMED_UNIT(*) PLANE_ANGLE_UNIT() SI_UNIT($,.RADIAN.) );
#3663 = ( NAMED_UNIT(*) SI_UNIT($,.STERADIAN.) SOLID_ANGLE_UNIT() );
#3664 = UNCERTAINTY_MEASURE_WITH_UNIT(LENGTH_MEASURE(1.E-07),#3661,
  'distance_accuracy_value','confusion accuracy');
#3665 = PRODUCT_RELATED_PRODUCT_CATEGORY('part',$,(#7));
#3666 = MECHANICAL_DESIGN_GEOMETRIC_PRESENTATION_REPRESENTATION('',(
    #3667),#3660);
#3667 = STYLED_ITEM('color',(#3668),#15);
#3668 = PRESENTATION_STYLE_ASSIGNMENT((#3669,#3675));
#3669 = SURFACE_STYLE_USAGE(.BOTH.,#3670);
#3670 = SURFACE_SIDE_STYLE('',(#3671));
#3671 = SURFACE_STYLE_FILL_AREA(#3672);
#3672 = FILL_AREA_STYLE('',(#3673));
#3673 = FILL_AREA_STYLE_COLOUR('',#3674);
#3674 = COLOUR_RGB('',0.447058818107,0.474509808674,0.501960817233);
#3675 = CURVE_STYLE('',#3676,POSITIVE_LENGTH_MEASURE(0.1),#3677);
#3676 = DRAUGHTING_PRE_DEFINED_CURVE_FONT('continuous');
#3677 = COLOUR_RGB('',9.803921802644E-02,9.803921802644E-02,
  9.803921802644E-02);
ENDSEC;
END-ISO-10303-21;
