ISO-10303-21;
HEADER;
FILE_DESCRIPTION(('FreeCAD Model'),'2;1');
FILE_NAME('Open CASCADE Shape Model','2026-08-21T22:55:35',(''),(''),
  'Open CASCADE STEP processor 7.9','FreeCAD','Unknown');
FILE_SCHEMA(('AUTOMOTIVE_DESIGN { 1 0 10303 214 1 1 1 1 }'));
ENDSEC;
DATA;
#1 = APPLICATION_PROTOCOL_DEFINITION('international standard',
  'automotive_design',2000,#2);
#2 = APPLICATION_CONTEXT(
  'core data for automotive mechanical design processes');
#3 = SHAPE_DEFINITION_REPRESENTATION(#4,#10);
#4 = PRODUCT_DEFINITION_SHAPE('','',#5);
#5 = PRODUCT_DEFINITION('design','',#6,#9);
#6 = PRODUCT_DEFINITION_FORMATION('','',#7);
#7 = PRODUCT('wheel','wheel','',(#8));
#8 = PRODUCT_CONTEXT('',#2,'mechanical');
#9 = PRODUCT_DEFINITION_CONTEXT('part definition',#2,'design');
#10 = SHAPE_REPRESENTATION('',(#11,#15,#19,#23),#27);
#11 = AXIS2_PLACEMENT_3D('',#12,#13,#14);
#12 = CARTESIAN_POINT('',(0.,0.,0.));
#13 = DIRECTION('',(0.,0.,1.));
#14 = DIRECTION('',(1.,0.,-0.));
#15 = AXIS2_PLACEMENT_3D('',#16,#17,#18);
#16 = CARTESIAN_POINT('',(0.,0.,0.));
#17 = DIRECTION('',(0.,0.,1.));
#18 = DIRECTION('',(1.,0.,0.));
#19 = AXIS2_PLACEMENT_3D('',#20,#21,#22);
#20 = CARTESIAN_POINT('',(0.,0.,0.));
#21 = DIRECTION('',(0.,0.,1.));
#22 = DIRECTION('',(1.,0.,0.));
#23 = AXIS2_PLACEMENT_3D('',#24,#25,#26);
#24 = CARTESIAN_POINT('',(0.,0.,0.));
#25 = DIRECTION('',(0.,0.,1.));
#26 = DIRECTION('',(1.,0.,0.));
#27 = ( GEOMETRIC_REPRESENTATION_CONTEXT(3) 
GLOBAL_UNCERTAINTY_ASSIGNED_CONTEXT((#31)) GLOBAL_UNIT_ASSIGNED_CONTEXT(
(#28,#29,#30)) REPRESENTATION_CONTEXT('Context #1',
  '3D Context with UNIT and UNCERTAINTY') );
#28 = ( LENGTH_UNIT() NAMED_UNIT(*) SI_UNIT(.MILLI.,.METRE.) );
#29 = ( NAMED_UNIT(*) PLANE_ANGLE_UNIT() SI_UNIT($,.RADIAN.) );
#30 = ( NAMED_UNIT(*) SI_UNIT($,.STERADIAN.) SOLID_ANGLE_UNIT() );
#31 = UNCERTAINTY_MEASURE_WITH_UNIT(LENGTH_MEASURE(2.E-06),#28,
  'distance_accuracy_value','confusion accuracy');
#32 = PRODUCT_RELATED_PRODUCT_CATEGORY('part',$,(#7));
#33 = SHAPE_DEFINITION_REPRESENTATION(#34,#40);
#34 = PRODUCT_DEFINITION_SHAPE('','',#35);
#35 = PRODUCT_DEFINITION('design','',#36,#39);
#36 = PRODUCT_DEFINITION_FORMATION('','',#37);
#37 = PRODUCT('Body002','Body002','',(#38));
#38 = PRODUCT_CONTEXT('',#2,'mechanical');
#39 = PRODUCT_DEFINITION_CONTEXT('part definition',#2,'design');
#40 = SHAPE_REPRESENTATION('',(#11,#41,#230,#419),#608);
#41 = MANIFOLD_SOLID_BREP('',#42);
#42 = CLOSED_SHELL('',(#43,#83,#114,#145,#167,#200,#215));
#43 = ADVANCED_FACE('',(#44),#78,.T.);
#44 = FACE_BOUND('',#45,.T.);
#45 = EDGE_LOOP('',(#46,#56,#64,#72));
#46 = ORIENTED_EDGE('',*,*,#47,.T.);
#47 = EDGE_CURVE('',#48,#50,#52,.T.);
#48 = VERTEX_POINT('',#49);
#49 = CARTESIAN_POINT('',(-21.23557158515,1.824964865172E-15,
    8.218911086754));
#50 = VERTEX_POINT('',#51);
#51 = CARTESIAN_POINT('',(-21.23557158515,-100.,8.218911086754));
#52 = LINE('',#53,#54);
#53 = CARTESIAN_POINT('',(-21.23557158515,1.824964865172E-15,
    8.218911086754));
#54 = VECTOR('',#55,1.);
#55 = DIRECTION('',(0.,-1.,2.22044604925E-16));
#56 = ORIENTED_EDGE('',*,*,#57,.T.);
#57 = EDGE_CURVE('',#50,#58,#60,.T.);
#58 = VERTEX_POINT('',#59);
#59 = CARTESIAN_POINT('',(-17.73557158515,-100.,14.281088913246));
#60 = LINE('',#61,#62);
#61 = CARTESIAN_POINT('',(-21.23557158515,-100.,8.218911086754));
#62 = VECTOR('',#63,1.);
#63 = DIRECTION('',(0.5,1.922962686384E-16,0.866025403784));
#64 = ORIENTED_EDGE('',*,*,#65,.F.);
#65 = EDGE_CURVE('',#66,#58,#68,.T.);
#66 = VERTEX_POINT('',#67);
#67 = CARTESIAN_POINT('',(-17.73557158515,3.171038745641E-15,
    14.281088913246));
#68 = LINE('',#69,#70);
#69 = CARTESIAN_POINT('',(-17.73557158515,3.171038745641E-15,
    14.281088913246));
#70 = VECTOR('',#71,1.);
#71 = DIRECTION('',(0.,-1.,2.22044604925E-16));
#72 = ORIENTED_EDGE('',*,*,#73,.F.);
#73 = EDGE_CURVE('',#48,#66,#74,.T.);
#74 = LINE('',#75,#76);
#75 = CARTESIAN_POINT('',(-21.23557158515,1.824964865172E-15,
    8.218911086754));
#76 = VECTOR('',#77,1.);
#77 = DIRECTION('',(0.5,1.922962686384E-16,0.866025403784));
#78 = PLANE('',#79);
#79 = AXIS2_PLACEMENT_3D('',#80,#81,#82);
#80 = CARTESIAN_POINT('',(-21.23557158515,1.824964865172E-15,
    8.218911086754));
#81 = DIRECTION('',(-0.866025403784,1.110223024625E-16,0.5));
#82 = DIRECTION('',(0.5,1.922962686384E-16,0.866025403784));
#83 = ADVANCED_FACE('',(#84),#109,.T.);
#84 = FACE_BOUND('',#85,.T.);
#85 = EDGE_LOOP('',(#86,#87,#95,#103));
#86 = ORIENTED_EDGE('',*,*,#65,.T.);
#87 = ORIENTED_EDGE('',*,*,#88,.T.);
#88 = EDGE_CURVE('',#58,#89,#91,.T.);
#89 = VERTEX_POINT('',#90);
#90 = CARTESIAN_POINT('',(-11.67339375865,-100.,10.781088913246));
#91 = LINE('',#92,#93);
#92 = CARTESIAN_POINT('',(-17.73557158515,-100.,14.281088913246));
#93 = VECTOR('',#94,1.);
#94 = DIRECTION('',(0.866025403784,-1.110223024625E-16,-0.5));
#95 = ORIENTED_EDGE('',*,*,#96,.F.);
#96 = EDGE_CURVE('',#97,#89,#99,.T.);
#97 = VERTEX_POINT('',#98);
#98 = CARTESIAN_POINT('',(-11.67339375865,2.393882628403E-15,
    10.781088913246));
#99 = LINE('',#100,#101);
#100 = CARTESIAN_POINT('',(-11.67339375865,2.393882628403E-15,
    10.781088913246));
#101 = VECTOR('',#102,1.);
#102 = DIRECTION('',(0.,-1.,2.22044604925E-16));
#103 = ORIENTED_EDGE('',*,*,#104,.F.);
#104 = EDGE_CURVE('',#66,#97,#105,.T.);
#105 = LINE('',#106,#107);
#106 = CARTESIAN_POINT('',(-17.73557158515,3.171038745641E-15,
    14.281088913246));
#107 = VECTOR('',#108,1.);
#108 = DIRECTION('',(0.866025403784,-1.110223024625E-16,-0.5));
#109 = PLANE('',#110);
#110 = AXIS2_PLACEMENT_3D('',#111,#112,#113);
#111 = CARTESIAN_POINT('',(-17.73557158515,3.171038745641E-15,
    14.281088913246));
#112 = DIRECTION('',(0.5,1.922962686384E-16,0.866025403784));
#113 = DIRECTION('',(0.866025403784,-1.110223024625E-16,-0.5));
#114 = ADVANCED_FACE('',(#115),#140,.T.);
#115 = FACE_BOUND('',#116,.T.);
#116 = EDGE_LOOP('',(#117,#118,#126,#134));
#117 = ORIENTED_EDGE('',*,*,#96,.T.);
#118 = ORIENTED_EDGE('',*,*,#119,.T.);
#119 = EDGE_CURVE('',#89,#120,#122,.T.);
#120 = VERTEX_POINT('',#121);
#121 = CARTESIAN_POINT('',(-15.17339375865,-100.,4.718911086754));
#122 = LINE('',#123,#124);
#123 = CARTESIAN_POINT('',(-11.67339375865,-100.,10.781088913246));
#124 = VECTOR('',#125,1.);
#125 = DIRECTION('',(-0.5,-1.922962686384E-16,-0.866025403784));
#126 = ORIENTED_EDGE('',*,*,#127,.F.);
#127 = EDGE_CURVE('',#128,#120,#130,.T.);
#128 = VERTEX_POINT('',#129);
#129 = CARTESIAN_POINT('',(-15.17339375865,1.047808747935E-15,
    4.718911086754));
#130 = LINE('',#131,#132);
#131 = CARTESIAN_POINT('',(-15.17339375865,1.047808747935E-15,
    4.718911086754));
#132 = VECTOR('',#133,1.);
#133 = DIRECTION('',(0.,-1.,2.22044604925E-16));
#134 = ORIENTED_EDGE('',*,*,#135,.F.);
#135 = EDGE_CURVE('',#97,#128,#136,.T.);
#136 = LINE('',#137,#138);
#137 = CARTESIAN_POINT('',(-11.67339375865,2.393882628403E-15,
    10.781088913246));
#138 = VECTOR('',#139,1.);
#139 = DIRECTION('',(-0.5,-1.922962686384E-16,-0.866025403784));
#140 = PLANE('',#141);
#141 = AXIS2_PLACEMENT_3D('',#142,#143,#144);
#142 = CARTESIAN_POINT('',(-11.67339375865,2.393882628403E-15,
    10.781088913246));
#143 = DIRECTION('',(0.866025403784,-1.110223024625E-16,-0.5));
#144 = DIRECTION('',(-0.5,-1.922962686384E-16,-0.866025403784));
#145 = ADVANCED_FACE('',(#146),#162,.T.);
#146 = FACE_BOUND('',#147,.T.);
#147 = EDGE_LOOP('',(#148,#149,#155,#156));
#148 = ORIENTED_EDGE('',*,*,#127,.T.);
#149 = ORIENTED_EDGE('',*,*,#150,.T.);
#150 = EDGE_CURVE('',#120,#50,#151,.T.);
#151 = LINE('',#152,#153);
#152 = CARTESIAN_POINT('',(-15.17339375865,-100.,4.718911086754));
#153 = VECTOR('',#154,1.);
#154 = DIRECTION('',(-0.866025403784,1.110223024625E-16,0.5));
#155 = ORIENTED_EDGE('',*,*,#47,.F.);
#156 = ORIENTED_EDGE('',*,*,#157,.F.);
#157 = EDGE_CURVE('',#128,#48,#158,.T.);
#158 = LINE('',#159,#160);
#159 = CARTESIAN_POINT('',(-15.17339375865,1.047808747935E-15,
    4.718911086754));
#160 = VECTOR('',#161,1.);
#161 = DIRECTION('',(-0.866025403784,1.110223024625E-16,0.5));
#162 = PLANE('',#163);
#163 = AXIS2_PLACEMENT_3D('',#164,#165,#166);
#164 = CARTESIAN_POINT('',(-15.17339375865,1.047808747935E-15,
    4.718911086754));
#165 = DIRECTION('',(-0.5,-1.922962686384E-16,-0.866025403784));
#166 = DIRECTION('',(-0.866025403784,1.110223024625E-16,0.5));
#167 = ADVANCED_FACE('',(#168),#195,.F.);
#168 = FACE_BOUND('',#169,.T.);
#169 = EDGE_LOOP('',(#170,#180,#187,#188));
#170 = ORIENTED_EDGE('',*,*,#171,.T.);
#171 = EDGE_CURVE('',#172,#174,#176,.T.);
#172 = VERTEX_POINT('',#173);
#173 = CARTESIAN_POINT('',(-14.8044826719,2.109423746788E-15,9.5));
#174 = VERTEX_POINT('',#175);
#175 = CARTESIAN_POINT('',(-14.8044826719,-100.,9.5));
#176 = LINE('',#177,#178);
#177 = CARTESIAN_POINT('',(-14.8044826719,2.109423746788E-15,9.5));
#178 = VECTOR('',#179,1.);
#179 = DIRECTION('',(0.,-1.,2.22044604925E-16));
#180 = ORIENTED_EDGE('',*,*,#181,.T.);
#181 = EDGE_CURVE('',#174,#174,#182,.T.);
#182 = CIRCLE('',#183,1.65);
#183 = AXIS2_PLACEMENT_3D('',#184,#185,#186);
#184 = CARTESIAN_POINT('',(-16.4544826719,-100.,9.5));
#185 = DIRECTION('',(0.,-1.,2.22044604925E-16));
#186 = DIRECTION('',(1.,0.,0.));
#187 = ORIENTED_EDGE('',*,*,#171,.F.);
#188 = ORIENTED_EDGE('',*,*,#189,.F.);
#189 = EDGE_CURVE('',#172,#172,#190,.T.);
#190 = CIRCLE('',#191,1.65);
#191 = AXIS2_PLACEMENT_3D('',#192,#193,#194);
#192 = CARTESIAN_POINT('',(-16.4544826719,2.109423746788E-15,9.5));
#193 = DIRECTION('',(0.,-1.,2.22044604925E-16));
#194 = DIRECTION('',(1.,0.,0.));
#195 = CYLINDRICAL_SURFACE('',#196,1.65);
#196 = AXIS2_PLACEMENT_3D('',#197,#198,#199);
#197 = CARTESIAN_POINT('',(-16.4544826719,2.109423746788E-15,9.5));
#198 = DIRECTION('',(0.,1.,-2.22044604925E-16));
#199 = DIRECTION('',(1.,0.,0.));
#200 = ADVANCED_FACE('',(#201,#207),#210,.T.);
#201 = FACE_BOUND('',#202,.T.);
#202 = EDGE_LOOP('',(#203,#204,#205,#206));
#203 = ORIENTED_EDGE('',*,*,#73,.T.);
#204 = ORIENTED_EDGE('',*,*,#104,.T.);
#205 = ORIENTED_EDGE('',*,*,#135,.T.);
#206 = ORIENTED_EDGE('',*,*,#157,.T.);
#207 = FACE_BOUND('',#208,.T.);
#208 = EDGE_LOOP('',(#209));
#209 = ORIENTED_EDGE('',*,*,#189,.T.);
#210 = PLANE('',#211);
#211 = AXIS2_PLACEMENT_3D('',#212,#213,#214);
#212 = CARTESIAN_POINT('',(-7.066833896819E-15,2.516395506261E-31,
    1.133283786431E-15));
#213 = DIRECTION('',(0.,1.,0.));
#214 = DIRECTION('',(0.,0.,1.));
#215 = ADVANCED_FACE('',(#216,#222),#225,.F.);
#216 = FACE_BOUND('',#217,.F.);
#217 = EDGE_LOOP('',(#218,#219,#220,#221));
#218 = ORIENTED_EDGE('',*,*,#57,.T.);
#219 = ORIENTED_EDGE('',*,*,#88,.T.);
#220 = ORIENTED_EDGE('',*,*,#119,.T.);
#221 = ORIENTED_EDGE('',*,*,#150,.T.);
#222 = FACE_BOUND('',#223,.F.);
#223 = EDGE_LOOP('',(#224));
#224 = ORIENTED_EDGE('',*,*,#181,.T.);
#225 = PLANE('',#226);
#226 = AXIS2_PLACEMENT_3D('',#227,#228,#229);
#227 = CARTESIAN_POINT('',(-7.066833896819E-15,-100.,2.333774427893E-14)
  );
#228 = DIRECTION('',(0.,1.,0.));
#229 = DIRECTION('',(0.,0.,1.));
#230 = MANIFOLD_SOLID_BREP('',#231);
#231 = CLOSED_SHELL('',(#232,#272,#303,#334,#356,#389,#404));
#232 = ADVANCED_FACE('',(#233),#267,.T.);
#233 = FACE_BOUND('',#234,.T.);
#234 = EDGE_LOOP('',(#235,#245,#253,#261));
#235 = ORIENTED_EDGE('',*,*,#236,.T.);
#236 = EDGE_CURVE('',#237,#239,#241,.T.);
#237 = VERTEX_POINT('',#238);
#238 = CARTESIAN_POINT('',(17.73557158515,3.171038745641E-15,
    14.281088913246));
#239 = VERTEX_POINT('',#240);
#240 = CARTESIAN_POINT('',(17.73557158515,-100.,14.281088913246));
#241 = LINE('',#242,#243);
#242 = CARTESIAN_POINT('',(17.73557158515,3.171038745641E-15,
    14.281088913246));
#243 = VECTOR('',#244,1.);
#244 = DIRECTION('',(0.,-1.,2.22044604925E-16));
#245 = ORIENTED_EDGE('',*,*,#246,.T.);
#246 = EDGE_CURVE('',#239,#247,#249,.T.);
#247 = VERTEX_POINT('',#248);
#248 = CARTESIAN_POINT('',(21.23557158515,-100.,8.218911086754));
#249 = LINE('',#250,#251);
#250 = CARTESIAN_POINT('',(17.73557158515,-100.,14.281088913246));
#251 = VECTOR('',#252,1.);
#252 = DIRECTION('',(0.5,-1.922962686384E-16,-0.866025403784));
#253 = ORIENTED_EDGE('',*,*,#254,.F.);
#254 = EDGE_CURVE('',#255,#247,#257,.T.);
#255 = VERTEX_POINT('',#256);
#256 = CARTESIAN_POINT('',(21.23557158515,1.824964865172E-15,
    8.218911086754));
#257 = LINE('',#258,#259);
#258 = CARTESIAN_POINT('',(21.23557158515,1.824964865172E-15,
    8.218911086754));
#259 = VECTOR('',#260,1.);
#260 = DIRECTION('',(0.,-1.,2.22044604925E-16));
#261 = ORIENTED_EDGE('',*,*,#262,.F.);
#262 = EDGE_CURVE('',#237,#255,#263,.T.);
#263 = LINE('',#264,#265);
#264 = CARTESIAN_POINT('',(17.73557158515,3.171038745641E-15,
    14.281088913246));
#265 = VECTOR('',#266,1.);
#266 = DIRECTION('',(0.5,-1.922962686384E-16,-0.866025403784));
#267 = PLANE('',#268);
#268 = AXIS2_PLACEMENT_3D('',#269,#270,#271);
#269 = CARTESIAN_POINT('',(17.73557158515,3.171038745641E-15,
    14.281088913246));
#270 = DIRECTION('',(0.866025403784,1.110223024625E-16,0.5));
#271 = DIRECTION('',(0.5,-1.922962686384E-16,-0.866025403784));
#272 = ADVANCED_FACE('',(#273),#298,.T.);
#273 = FACE_BOUND('',#274,.T.);
#274 = EDGE_LOOP('',(#275,#276,#284,#292));
#275 = ORIENTED_EDGE('',*,*,#254,.T.);
#276 = ORIENTED_EDGE('',*,*,#277,.T.);
#277 = EDGE_CURVE('',#247,#278,#280,.T.);
#278 = VERTEX_POINT('',#279);
#279 = CARTESIAN_POINT('',(15.173393758659,-100.,4.718911086754));
#280 = LINE('',#281,#282);
#281 = CARTESIAN_POINT('',(21.23557158515,-100.,8.218911086754));
#282 = VECTOR('',#283,1.);
#283 = DIRECTION('',(-0.866025403784,-1.110223024625E-16,-0.5));
#284 = ORIENTED_EDGE('',*,*,#285,.F.);
#285 = EDGE_CURVE('',#286,#278,#288,.T.);
#286 = VERTEX_POINT('',#287);
#287 = CARTESIAN_POINT('',(15.173393758659,1.047808747935E-15,
    4.718911086754));
#288 = LINE('',#289,#290);
#289 = CARTESIAN_POINT('',(15.173393758659,1.047808747935E-15,
    4.718911086754));
#290 = VECTOR('',#291,1.);
#291 = DIRECTION('',(0.,-1.,2.22044604925E-16));
#292 = ORIENTED_EDGE('',*,*,#293,.F.);
#293 = EDGE_CURVE('',#255,#286,#294,.T.);
#294 = LINE('',#295,#296);
#295 = CARTESIAN_POINT('',(21.23557158515,1.824964865172E-15,
    8.218911086754));
#296 = VECTOR('',#297,1.);
#297 = DIRECTION('',(-0.866025403784,-1.110223024625E-16,-0.5));
#298 = PLANE('',#299);
#299 = AXIS2_PLACEMENT_3D('',#300,#301,#302);
#300 = CARTESIAN_POINT('',(21.23557158515,1.824964865172E-15,
    8.218911086754));
#301 = DIRECTION('',(0.5,-1.922962686384E-16,-0.866025403784));
#302 = DIRECTION('',(-0.866025403784,-1.110223024625E-16,-0.5));
#303 = ADVANCED_FACE('',(#304),#329,.T.);
#304 = FACE_BOUND('',#305,.T.);
#305 = EDGE_LOOP('',(#306,#307,#315,#323));
#306 = ORIENTED_EDGE('',*,*,#285,.T.);
#307 = ORIENTED_EDGE('',*,*,#308,.T.);
#308 = EDGE_CURVE('',#278,#309,#311,.T.);
#309 = VERTEX_POINT('',#310);
#310 = CARTESIAN_POINT('',(11.673393758659,-100.,10.781088913246));
#311 = LINE('',#312,#313);
#312 = CARTESIAN_POINT('',(15.173393758659,-100.,4.718911086754));
#313 = VECTOR('',#314,1.);
#314 = DIRECTION('',(-0.5,1.922962686384E-16,0.866025403784));
#315 = ORIENTED_EDGE('',*,*,#316,.F.);
#316 = EDGE_CURVE('',#317,#309,#319,.T.);
#317 = VERTEX_POINT('',#318);
#318 = CARTESIAN_POINT('',(11.673393758659,2.393882628403E-15,
    10.781088913246));
#319 = LINE('',#320,#321);
#320 = CARTESIAN_POINT('',(11.673393758659,2.393882628403E-15,
    10.781088913246));
#321 = VECTOR('',#322,1.);
#322 = DIRECTION('',(0.,-1.,2.22044604925E-16));
#323 = ORIENTED_EDGE('',*,*,#324,.F.);
#324 = EDGE_CURVE('',#286,#317,#325,.T.);
#325 = LINE('',#326,#327);
#326 = CARTESIAN_POINT('',(15.173393758659,1.047808747935E-15,
    4.718911086754));
#327 = VECTOR('',#328,1.);
#328 = DIRECTION('',(-0.5,1.922962686384E-16,0.866025403784));
#329 = PLANE('',#330);
#330 = AXIS2_PLACEMENT_3D('',#331,#332,#333);
#331 = CARTESIAN_POINT('',(15.173393758659,1.047808747935E-15,
    4.718911086754));
#332 = DIRECTION('',(-0.866025403784,-1.110223024625E-16,-0.5));
#333 = DIRECTION('',(-0.5,1.922962686384E-16,0.866025403784));
#334 = ADVANCED_FACE('',(#335),#351,.T.);
#335 = FACE_BOUND('',#336,.T.);
#336 = EDGE_LOOP('',(#337,#338,#344,#345));
#337 = ORIENTED_EDGE('',*,*,#316,.T.);
#338 = ORIENTED_EDGE('',*,*,#339,.T.);
#339 = EDGE_CURVE('',#309,#239,#340,.T.);
#340 = LINE('',#341,#342);
#341 = CARTESIAN_POINT('',(11.673393758659,-100.,10.781088913246));
#342 = VECTOR('',#343,1.);
#343 = DIRECTION('',(0.866025403784,1.110223024625E-16,0.5));
#344 = ORIENTED_EDGE('',*,*,#236,.F.);
#345 = ORIENTED_EDGE('',*,*,#346,.F.);
#346 = EDGE_CURVE('',#317,#237,#347,.T.);
#347 = LINE('',#348,#349);
#348 = CARTESIAN_POINT('',(11.673393758659,2.393882628403E-15,
    10.781088913246));
#349 = VECTOR('',#350,1.);
#350 = DIRECTION('',(0.866025403784,1.110223024625E-16,0.5));
#351 = PLANE('',#352);
#352 = AXIS2_PLACEMENT_3D('',#353,#354,#355);
#353 = CARTESIAN_POINT('',(11.673393758659,2.393882628403E-15,
    10.781088913246));
#354 = DIRECTION('',(-0.5,1.922962686384E-16,0.866025403784));
#355 = DIRECTION('',(0.866025403784,1.110223024625E-16,0.5));
#356 = ADVANCED_FACE('',(#357),#384,.F.);
#357 = FACE_BOUND('',#358,.T.);
#358 = EDGE_LOOP('',(#359,#369,#376,#377));
#359 = ORIENTED_EDGE('',*,*,#360,.T.);
#360 = EDGE_CURVE('',#361,#363,#365,.T.);
#361 = VERTEX_POINT('',#362);
#362 = CARTESIAN_POINT('',(18.104482671904,2.109423746788E-15,9.5));
#363 = VERTEX_POINT('',#364);
#364 = CARTESIAN_POINT('',(18.104482671904,-100.,9.5));
#365 = LINE('',#366,#367);
#366 = CARTESIAN_POINT('',(18.104482671904,2.109423746788E-15,9.5));
#367 = VECTOR('',#368,1.);
#368 = DIRECTION('',(0.,-1.,2.22044604925E-16));
#369 = ORIENTED_EDGE('',*,*,#370,.T.);
#370 = EDGE_CURVE('',#363,#363,#371,.T.);
#371 = CIRCLE('',#372,1.65);
#372 = AXIS2_PLACEMENT_3D('',#373,#374,#375);
#373 = CARTESIAN_POINT('',(16.454482671904,-100.,9.5));
#374 = DIRECTION('',(0.,-1.,2.22044604925E-16));
#375 = DIRECTION('',(1.,0.,0.));
#376 = ORIENTED_EDGE('',*,*,#360,.F.);
#377 = ORIENTED_EDGE('',*,*,#378,.F.);
#378 = EDGE_CURVE('',#361,#361,#379,.T.);
#379 = CIRCLE('',#380,1.65);
#380 = AXIS2_PLACEMENT_3D('',#381,#382,#383);
#381 = CARTESIAN_POINT('',(16.454482671904,2.109423746788E-15,9.5));
#382 = DIRECTION('',(0.,-1.,2.22044604925E-16));
#383 = DIRECTION('',(1.,0.,0.));
#384 = CYLINDRICAL_SURFACE('',#385,1.65);
#385 = AXIS2_PLACEMENT_3D('',#386,#387,#388);
#386 = CARTESIAN_POINT('',(16.454482671904,2.109423746788E-15,9.5));
#387 = DIRECTION('',(0.,1.,-2.22044604925E-16));
#388 = DIRECTION('',(1.,0.,0.));
#389 = ADVANCED_FACE('',(#390,#396),#399,.T.);
#390 = FACE_BOUND('',#391,.T.);
#391 = EDGE_LOOP('',(#392,#393,#394,#395));
#392 = ORIENTED_EDGE('',*,*,#262,.T.);
#393 = ORIENTED_EDGE('',*,*,#293,.T.);
#394 = ORIENTED_EDGE('',*,*,#324,.T.);
#395 = ORIENTED_EDGE('',*,*,#346,.T.);
#396 = FACE_BOUND('',#397,.T.);
#397 = EDGE_LOOP('',(#398));
#398 = ORIENTED_EDGE('',*,*,#378,.T.);
#399 = PLANE('',#400);
#400 = AXIS2_PLACEMENT_3D('',#401,#402,#403);
#401 = CARTESIAN_POINT('',(-7.066833896819E-15,2.516395506261E-31,
    1.133283786431E-15));
#402 = DIRECTION('',(0.,1.,0.));
#403 = DIRECTION('',(0.,0.,1.));
#404 = ADVANCED_FACE('',(#405,#411),#414,.F.);
#405 = FACE_BOUND('',#406,.F.);
#406 = EDGE_LOOP('',(#407,#408,#409,#410));
#407 = ORIENTED_EDGE('',*,*,#246,.T.);
#408 = ORIENTED_EDGE('',*,*,#277,.T.);
#409 = ORIENTED_EDGE('',*,*,#308,.T.);
#410 = ORIENTED_EDGE('',*,*,#339,.T.);
#411 = FACE_BOUND('',#412,.F.);
#412 = EDGE_LOOP('',(#413));
#413 = ORIENTED_EDGE('',*,*,#370,.T.);
#414 = PLANE('',#415);
#415 = AXIS2_PLACEMENT_3D('',#416,#417,#418);
#416 = CARTESIAN_POINT('',(-7.066833896819E-15,-100.,2.333774427893E-14)
  );
#417 = DIRECTION('',(0.,1.,0.));
#418 = DIRECTION('',(0.,0.,1.));
#419 = MANIFOLD_SOLID_BREP('',#420);
#420 = CLOSED_SHELL('',(#421,#461,#492,#523,#545,#578,#593));
#421 = ADVANCED_FACE('',(#422),#456,.F.);
#422 = FACE_BOUND('',#423,.F.);
#423 = EDGE_LOOP('',(#424,#434,#442,#450));
#424 = ORIENTED_EDGE('',*,*,#425,.T.);
#425 = EDGE_CURVE('',#426,#428,#430,.T.);
#426 = VERTEX_POINT('',#427);
#427 = CARTESIAN_POINT('',(-3.5,-4.996003610813E-15,-22.5));
#428 = VERTEX_POINT('',#429);
#429 = CARTESIAN_POINT('',(-3.5,-100.,-22.5));
#430 = LINE('',#431,#432);
#431 = CARTESIAN_POINT('',(-3.5,-4.996003610813E-15,-22.5));
#432 = VECTOR('',#433,1.);
#433 = DIRECTION('',(0.,-1.,2.22044604925E-16));
#434 = ORIENTED_EDGE('',*,*,#435,.T.);
#435 = EDGE_CURVE('',#428,#436,#438,.T.);
#436 = VERTEX_POINT('',#437);
#437 = CARTESIAN_POINT('',(3.5,-100.,-22.5));
#438 = LINE('',#439,#440);
#439 = CARTESIAN_POINT('',(-3.5,-100.,-22.5));
#440 = VECTOR('',#441,1.);
#441 = DIRECTION('',(1.,-1.803110640505E-30,-8.120488408687E-15));
#442 = ORIENTED_EDGE('',*,*,#443,.F.);
#443 = EDGE_CURVE('',#444,#436,#446,.T.);
#444 = VERTEX_POINT('',#445);
#445 = CARTESIAN_POINT('',(3.5,-4.996003610813E-15,-22.5));
#446 = LINE('',#447,#448);
#447 = CARTESIAN_POINT('',(3.5,-4.996003610813E-15,-22.5));
#448 = VECTOR('',#449,1.);
#449 = DIRECTION('',(0.,-1.,2.22044604925E-16));
#450 = ORIENTED_EDGE('',*,*,#451,.F.);
#451 = EDGE_CURVE('',#426,#444,#452,.T.);
#452 = LINE('',#453,#454);
#453 = CARTESIAN_POINT('',(-3.5,-4.996003610813E-15,-22.5));
#454 = VECTOR('',#455,1.);
#455 = DIRECTION('',(1.,-1.803110640505E-30,-8.120488408687E-15));
#456 = PLANE('',#457);
#457 = AXIS2_PLACEMENT_3D('',#458,#459,#460);
#458 = CARTESIAN_POINT('',(-3.5,-4.996003610813E-15,-22.5));
#459 = DIRECTION('',(8.120488408687E-15,2.22044604925E-16,1.));
#460 = DIRECTION('',(1.,-1.803110640505E-30,-8.120488408687E-15));
#461 = ADVANCED_FACE('',(#462),#487,.F.);
#462 = FACE_BOUND('',#463,.F.);
#463 = EDGE_LOOP('',(#464,#465,#473,#481));
#464 = ORIENTED_EDGE('',*,*,#443,.T.);
#465 = ORIENTED_EDGE('',*,*,#466,.T.);
#466 = EDGE_CURVE('',#436,#467,#469,.T.);
#467 = VERTEX_POINT('',#468);
#468 = CARTESIAN_POINT('',(3.5,-100.,-15.5));
#469 = LINE('',#470,#471);
#470 = CARTESIAN_POINT('',(3.5,-100.,-22.5));
#471 = VECTOR('',#472,1.);
#472 = DIRECTION('',(4.060244204343E-15,2.22044604925E-16,1.));
#473 = ORIENTED_EDGE('',*,*,#474,.F.);
#474 = EDGE_CURVE('',#475,#467,#477,.T.);
#475 = VERTEX_POINT('',#476);
#476 = CARTESIAN_POINT('',(3.5,-3.441691376338E-15,-15.5));
#477 = LINE('',#478,#479);
#478 = CARTESIAN_POINT('',(3.5,-3.441691376338E-15,-15.5));
#479 = VECTOR('',#480,1.);
#480 = DIRECTION('',(0.,-1.,2.22044604925E-16));
#481 = ORIENTED_EDGE('',*,*,#482,.F.);
#482 = EDGE_CURVE('',#444,#475,#483,.T.);
#483 = LINE('',#484,#485);
#484 = CARTESIAN_POINT('',(3.5,-4.996003610813E-15,-22.5));
#485 = VECTOR('',#486,1.);
#486 = DIRECTION('',(4.060244204343E-15,2.22044604925E-16,1.));
#487 = PLANE('',#488);
#488 = AXIS2_PLACEMENT_3D('',#489,#490,#491);
#489 = CARTESIAN_POINT('',(3.5,-4.996003610813E-15,-22.5));
#490 = DIRECTION('',(-1.,9.015553202526E-31,4.060244204343E-15));
#491 = DIRECTION('',(4.060244204343E-15,2.22044604925E-16,1.));
#492 = ADVANCED_FACE('',(#493),#518,.F.);
#493 = FACE_BOUND('',#494,.F.);
#494 = EDGE_LOOP('',(#495,#496,#504,#512));
#495 = ORIENTED_EDGE('',*,*,#474,.T.);
#496 = ORIENTED_EDGE('',*,*,#497,.T.);
#497 = EDGE_CURVE('',#467,#498,#500,.T.);
#498 = VERTEX_POINT('',#499);
#499 = CARTESIAN_POINT('',(-3.5,-100.,-15.5));
#500 = LINE('',#501,#502);
#501 = CARTESIAN_POINT('',(3.5,-100.,-15.5));
#502 = VECTOR('',#503,1.);
#503 = DIRECTION('',(-1.,0.,0.));
#504 = ORIENTED_EDGE('',*,*,#505,.F.);
#505 = EDGE_CURVE('',#506,#498,#508,.T.);
#506 = VERTEX_POINT('',#507);
#507 = CARTESIAN_POINT('',(-3.5,-3.441691376338E-15,-15.5));
#508 = LINE('',#509,#510);
#509 = CARTESIAN_POINT('',(-3.5,-3.441691376338E-15,-15.5));
#510 = VECTOR('',#511,1.);
#511 = DIRECTION('',(0.,-1.,2.22044604925E-16));
#512 = ORIENTED_EDGE('',*,*,#513,.F.);
#513 = EDGE_CURVE('',#475,#506,#514,.T.);
#514 = LINE('',#515,#516);
#515 = CARTESIAN_POINT('',(3.5,-3.441691376338E-15,-15.5));
#516 = VECTOR('',#517,1.);
#517 = DIRECTION('',(-1.,0.,0.));
#518 = PLANE('',#519);
#519 = AXIS2_PLACEMENT_3D('',#520,#521,#522);
#520 = CARTESIAN_POINT('',(3.5,-3.441691376338E-15,-15.5));
#521 = DIRECTION('',(-0.,-2.22044604925E-16,-1.));
#522 = DIRECTION('',(-1.,0.,0.));
#523 = ADVANCED_FACE('',(#524),#540,.F.);
#524 = FACE_BOUND('',#525,.F.);
#525 = EDGE_LOOP('',(#526,#527,#533,#534));
#526 = ORIENTED_EDGE('',*,*,#505,.T.);
#527 = ORIENTED_EDGE('',*,*,#528,.T.);
#528 = EDGE_CURVE('',#498,#428,#529,.T.);
#529 = LINE('',#530,#531);
#530 = CARTESIAN_POINT('',(-3.5,-100.,-15.5));
#531 = VECTOR('',#532,1.);
#532 = DIRECTION('',(-2.036466233741E-14,-2.22044604925E-16,-1.));
#533 = ORIENTED_EDGE('',*,*,#425,.F.);
#534 = ORIENTED_EDGE('',*,*,#535,.F.);
#535 = EDGE_CURVE('',#506,#426,#536,.T.);
#536 = LINE('',#537,#538);
#537 = CARTESIAN_POINT('',(-3.5,-3.441691376338E-15,-15.5));
#538 = VECTOR('',#539,1.);
#539 = DIRECTION('',(-2.036466233741E-14,-2.22044604925E-16,-1.));
#540 = PLANE('',#541);
#541 = AXIS2_PLACEMENT_3D('',#542,#543,#544);
#542 = CARTESIAN_POINT('',(-3.5,-3.441691376338E-15,-15.5));
#543 = DIRECTION('',(1.,-4.521863403142E-30,-2.036466233741E-14));
#544 = DIRECTION('',(-2.036466233741E-14,-2.22044604925E-16,-1.));
#545 = ADVANCED_FACE('',(#546),#573,.F.);
#546 = FACE_BOUND('',#547,.T.);
#547 = EDGE_LOOP('',(#548,#558,#565,#566));
#548 = ORIENTED_EDGE('',*,*,#549,.T.);
#549 = EDGE_CURVE('',#550,#552,#554,.T.);
#550 = VERTEX_POINT('',#551);
#551 = CARTESIAN_POINT('',(1.65,-4.218847493576E-15,-19.));
#552 = VERTEX_POINT('',#553);
#553 = CARTESIAN_POINT('',(1.65,-100.,-19.));
#554 = LINE('',#555,#556);
#555 = CARTESIAN_POINT('',(1.65,-4.218847493576E-15,-19.));
#556 = VECTOR('',#557,1.);
#557 = DIRECTION('',(0.,-1.,2.22044604925E-16));
#558 = ORIENTED_EDGE('',*,*,#559,.T.);
#559 = EDGE_CURVE('',#552,#552,#560,.T.);
#560 = CIRCLE('',#561,1.65);
#561 = AXIS2_PLACEMENT_3D('',#562,#563,#564);
#562 = CARTESIAN_POINT('',(0.,-100.,-19.));
#563 = DIRECTION('',(0.,-1.,2.22044604925E-16));
#564 = DIRECTION('',(1.,0.,0.));
#565 = ORIENTED_EDGE('',*,*,#549,.F.);
#566 = ORIENTED_EDGE('',*,*,#567,.F.);
#567 = EDGE_CURVE('',#550,#550,#568,.T.);
#568 = CIRCLE('',#569,1.65);
#569 = AXIS2_PLACEMENT_3D('',#570,#571,#572);
#570 = CARTESIAN_POINT('',(0.,-4.218847493576E-15,-19.));
#571 = DIRECTION('',(0.,-1.,2.22044604925E-16));
#572 = DIRECTION('',(1.,0.,0.));
#573 = CYLINDRICAL_SURFACE('',#574,1.65);
#574 = AXIS2_PLACEMENT_3D('',#575,#576,#577);
#575 = CARTESIAN_POINT('',(0.,-4.218847493576E-15,-19.));
#576 = DIRECTION('',(0.,1.,-2.22044604925E-16));
#577 = DIRECTION('',(1.,0.,0.));
#578 = ADVANCED_FACE('',(#579,#585),#588,.T.);
#579 = FACE_BOUND('',#580,.F.);
#580 = EDGE_LOOP('',(#581,#582,#583,#584));
#581 = ORIENTED_EDGE('',*,*,#451,.T.);
#582 = ORIENTED_EDGE('',*,*,#482,.T.);
#583 = ORIENTED_EDGE('',*,*,#513,.T.);
#584 = ORIENTED_EDGE('',*,*,#535,.T.);
#585 = FACE_BOUND('',#586,.T.);
#586 = EDGE_LOOP('',(#587));
#587 = ORIENTED_EDGE('',*,*,#567,.T.);
#588 = PLANE('',#589);
#589 = AXIS2_PLACEMENT_3D('',#590,#591,#592);
#590 = CARTESIAN_POINT('',(-7.066833896819E-15,2.516395506261E-31,
    1.133283786431E-15));
#591 = DIRECTION('',(0.,1.,0.));
#592 = DIRECTION('',(0.,0.,1.));
#593 = ADVANCED_FACE('',(#594,#600),#603,.F.);
#594 = FACE_BOUND('',#595,.T.);
#595 = EDGE_LOOP('',(#596,#597,#598,#599));
#596 = ORIENTED_EDGE('',*,*,#435,.T.);
#597 = ORIENTED_EDGE('',*,*,#466,.T.);
#598 = ORIENTED_EDGE('',*,*,#497,.T.);
#599 = ORIENTED_EDGE('',*,*,#528,.T.);
#600 = FACE_BOUND('',#601,.F.);
#601 = EDGE_LOOP('',(#602));
#602 = ORIENTED_EDGE('',*,*,#559,.T.);
#603 = PLANE('',#604);
#604 = AXIS2_PLACEMENT_3D('',#605,#606,#607);
#605 = CARTESIAN_POINT('',(-7.066833896819E-15,-100.,2.333774427893E-14)
  );
#606 = DIRECTION('',(0.,1.,0.));
#607 = DIRECTION('',(0.,0.,1.));
#608 = ( GEOMETRIC_REPRESENTATION_CONTEXT(3) 
GLOBAL_UNCERTAINTY_ASSIGNED_CONTEXT((#612)) GLOBAL_UNIT_ASSIGNED_CONTEXT
((#609,#610,#611)) REPRESENTATION_CONTEXT('Context #1',
  '3D Context with UNIT and UNCERTAINTY') );
#609 = ( LENGTH_UNIT() NAMED_UNIT(*) SI_UNIT(.MILLI.,.METRE.) );
#610 = ( NAMED_UNIT(*) PLANE_ANGLE_UNIT() SI_UNIT($,.RADIAN.) );
#611 = ( NAMED_UNIT(*) SI_UNIT($,.STERADIAN.) SOLID_ANGLE_UNIT() );
#612 = UNCERTAINTY_MEASURE_WITH_UNIT(LENGTH_MEASURE(1.E-07),#609,
  'distance_accuracy_value','confusion accuracy');
#613 = CONTEXT_DEPENDENT_SHAPE_REPRESENTATION(#614,#616);
#614 = ( REPRESENTATION_RELATIONSHIP('','',#40,#10) 
REPRESENTATION_RELATIONSHIP_WITH_TRANSFORMATION(#615) 
SHAPE_REPRESENTATION_RELATIONSHIP() );
#615 = ITEM_DEFINED_TRANSFORMATION('','',#11,#15);
#616 = PRODUCT_DEFINITION_SHAPE('Placement','Placement of an item',#617
  );
#617 = NEXT_ASSEMBLY_USAGE_OCCURRENCE('1','Body002','',#5,#35,$);
#618 = PRODUCT_RELATED_PRODUCT_CATEGORY('part',$,(#37));
#619 = SHAPE_DEFINITION_REPRESENTATION(#620,#626);
#620 = PRODUCT_DEFINITION_SHAPE('','',#621);
#621 = PRODUCT_DEFINITION('design','',#622,#625);
#622 = PRODUCT_DEFINITION_FORMATION('','',#623);
#623 = PRODUCT('Array001','Array001','',(#624));
#624 = PRODUCT_CONTEXT('',#2,'mechanical');
#625 = PRODUCT_DEFINITION_CONTEXT('part definition',#2,'design');
#626 = SHAPE_REPRESENTATION('',(#11,#627,#983,#1339,#1695,#2051,#2407,
    #2763,#3119,#3475),#3831);
#627 = MANIFOLD_SOLID_BREP('',#628);
#628 = CLOSED_SHELL('',(#629,#670,#756,#780,#852,#869,#886,#903,#920,
    #937,#954,#971));
#629 = ADVANCED_FACE('',(#630),#665,.F.);
#630 = FACE_BOUND('',#631,.F.);
#631 = EDGE_LOOP('',(#632,#643,#651,#659));
#632 = ORIENTED_EDGE('',*,*,#633,.F.);
#633 = EDGE_CURVE('',#634,#636,#638,.T.);
#634 = VERTEX_POINT('',#635);
#635 = CARTESIAN_POINT('',(5.771624284362,0.,74.));
#636 = VERTEX_POINT('',#637);
#637 = CARTESIAN_POINT('',(-8.662134151932,-25.,76.355288907094));
#638 = ELLIPSE('',#639,461.88022900412,400.);
#639 = AXIS2_PLACEMENT_3D('',#640,#641,#642);
#640 = CARTESIAN_POINT('',(-23.09589258822,-50.,-322.8626966596));
#641 = DIRECTION('',(0.866025378186,-0.500000044338,0.));
#642 = DIRECTION('',(-0.500000044338,-0.866025378186,0.));
#643 = ORIENTED_EDGE('',*,*,#644,.T.);
#644 = EDGE_CURVE('',#634,#645,#647,.T.);
#645 = VERTEX_POINT('',#646);
#646 = CARTESIAN_POINT('',(5.771624284362,0.,78.5));
#647 = LINE('',#648,#649);
#648 = CARTESIAN_POINT('',(5.771624284362,0.,74.));
#649 = VECTOR('',#650,1.);
#650 = DIRECTION('',(0.,0.,1.));
#651 = ORIENTED_EDGE('',*,*,#652,.T.);
#652 = EDGE_CURVE('',#645,#653,#655,.T.);
#653 = VERTEX_POINT('',#654);
#654 = CARTESIAN_POINT('',(-8.662134151932,-25.,78.5));
#655 = LINE('',#656,#657);
#656 = CARTESIAN_POINT('',(5.771624284362,0.,78.5));
#657 = VECTOR('',#658,1.);
#658 = DIRECTION('',(-0.500000044338,-0.866025378186,0.));
#659 = ORIENTED_EDGE('',*,*,#660,.F.);
#660 = EDGE_CURVE('',#636,#653,#661,.T.);
#661 = LINE('',#662,#663);
#662 = CARTESIAN_POINT('',(-8.662134151932,-25.,74.));
#663 = VECTOR('',#664,1.);
#664 = DIRECTION('',(0.,0.,1.));
#665 = PLANE('',#666);
#666 = AXIS2_PLACEMENT_3D('',#667,#668,#669);
#667 = CARTESIAN_POINT('',(5.771624284362,0.,74.));
#668 = DIRECTION('',(0.866025378186,-0.500000044338,0.));
#669 = DIRECTION('',(-0.500000044338,-0.866025378186,0.));
#670 = ADVANCED_FACE('',(#671),#751,.F.);
#671 = FACE_BOUND('',#672,.T.);
#672 = EDGE_LOOP('',(#673,#674,#682,#691,#700,#709,#718,#726,#735,#744)
  );
#673 = ORIENTED_EDGE('',*,*,#633,.F.);
#674 = ORIENTED_EDGE('',*,*,#675,.T.);
#675 = EDGE_CURVE('',#634,#676,#678,.T.);
#676 = VERTEX_POINT('',#677);
#677 = CARTESIAN_POINT('',(8.658375715638,0.,74.));
#678 = LINE('',#679,#680);
#679 = CARTESIAN_POINT('',(5.771624284362,0.,74.));
#680 = VECTOR('',#681,1.);
#681 = DIRECTION('',(1.,0.,0.));
#682 = ORIENTED_EDGE('',*,*,#683,.T.);
#683 = EDGE_CURVE('',#676,#684,#686,.T.);
#684 = VERTEX_POINT('',#685);
#685 = CARTESIAN_POINT('',(-5.775382720656,-25.,76.355288907094));
#686 = ELLIPSE('',#687,461.88022900412,400.);
#687 = AXIS2_PLACEMENT_3D('',#688,#689,#690);
#688 = CARTESIAN_POINT('',(-20.20914115695,-50.,-322.8626966596));
#689 = DIRECTION('',(0.866025378186,-0.500000044338,-1.2816101705E-16));
#690 = DIRECTION('',(-0.500000044338,-0.866025378186,-2.219813668346E-16
    ));
#691 = ORIENTED_EDGE('',*,*,#692,.F.);
#692 = EDGE_CURVE('',#693,#684,#695,.T.);
#693 = VERTEX_POINT('',#694);
#694 = CARTESIAN_POINT('',(8.658375715638,-50.,77.137303340311));
#695 = ELLIPSE('',#696,461.88022900412,400.);
#696 = AXIS2_PLACEMENT_3D('',#697,#698,#699);
#697 = CARTESIAN_POINT('',(8.658375715638,-50.,-322.8626966596));
#698 = DIRECTION('',(-0.866025378186,-0.500000044338,-0.));
#699 = DIRECTION('',(-0.500000044338,0.866025378186,0.));
#700 = ORIENTED_EDGE('',*,*,#701,.F.);
#701 = EDGE_CURVE('',#702,#693,#704,.T.);
#702 = VERTEX_POINT('',#703);
#703 = CARTESIAN_POINT('',(-5.775382720656,-75.,76.355288907094));
#704 = ELLIPSE('',#705,461.88022900412,400.);
#705 = AXIS2_PLACEMENT_3D('',#706,#707,#708);
#706 = CARTESIAN_POINT('',(8.658375715638,-50.,-322.8626966596));
#707 = DIRECTION('',(-0.866025378186,0.500000044338,0.));
#708 = DIRECTION('',(-0.500000044338,-0.866025378186,0.));
#709 = ORIENTED_EDGE('',*,*,#710,.T.);
#710 = EDGE_CURVE('',#702,#711,#713,.T.);
#711 = VERTEX_POINT('',#712);
#712 = CARTESIAN_POINT('',(8.658375715638,-100.,74.));
#713 = ELLIPSE('',#714,461.88022900412,400.);
#714 = AXIS2_PLACEMENT_3D('',#715,#716,#717);
#715 = CARTESIAN_POINT('',(-20.20914115695,-50.,-322.8626966596));
#716 = DIRECTION('',(0.866025378186,0.500000044338,-0.));
#717 = DIRECTION('',(-0.500000044338,0.866025378186,0.));
#718 = ORIENTED_EDGE('',*,*,#719,.F.);
#719 = EDGE_CURVE('',#720,#711,#722,.T.);
#720 = VERTEX_POINT('',#721);
#721 = CARTESIAN_POINT('',(5.771624284362,-100.,74.));
#722 = LINE('',#723,#724);
#723 = CARTESIAN_POINT('',(7.215,-100.,74.));
#724 = VECTOR('',#725,1.);
#725 = DIRECTION('',(1.,0.,0.));
#726 = ORIENTED_EDGE('',*,*,#727,.F.);
#727 = EDGE_CURVE('',#728,#720,#730,.T.);
#728 = VERTEX_POINT('',#729);
#729 = CARTESIAN_POINT('',(-8.662134151932,-75.,76.355288907094));
#730 = ELLIPSE('',#731,461.88022900412,400.);
#731 = AXIS2_PLACEMENT_3D('',#732,#733,#734);
#732 = CARTESIAN_POINT('',(-23.09589258822,-50.,-322.8626966596));
#733 = DIRECTION('',(0.866025378186,0.500000044338,-0.));
#734 = DIRECTION('',(-0.500000044338,0.866025378186,0.));
#735 = ORIENTED_EDGE('',*,*,#736,.F.);
#736 = EDGE_CURVE('',#737,#728,#739,.T.);
#737 = VERTEX_POINT('',#738);
#738 = CARTESIAN_POINT('',(5.771624284362,-50.,77.137303340311));
#739 = ELLIPSE('',#740,461.88022900412,400.);
#740 = AXIS2_PLACEMENT_3D('',#741,#742,#743);
#741 = CARTESIAN_POINT('',(5.771624284362,-50.,-322.8626966596));
#742 = DIRECTION('',(0.866025378186,-0.500000044338,0.));
#743 = DIRECTION('',(-0.500000044338,-0.866025378186,0.));
#744 = ORIENTED_EDGE('',*,*,#745,.F.);
#745 = EDGE_CURVE('',#636,#737,#746,.T.);
#746 = ELLIPSE('',#747,461.88022900412,400.);
#747 = AXIS2_PLACEMENT_3D('',#748,#749,#750);
#748 = CARTESIAN_POINT('',(5.771624284362,-50.,-322.8626966596));
#749 = DIRECTION('',(0.866025378186,0.500000044338,-0.));
#750 = DIRECTION('',(-0.500000044338,0.866025378186,0.));
#751 = CYLINDRICAL_SURFACE('',#752,400.);
#752 = AXIS2_PLACEMENT_3D('',#753,#754,#755);
#753 = CARTESIAN_POINT('',(-12.785,-50.,-322.8626966596));
#754 = DIRECTION('',(-1.,-0.,-0.));
#755 = DIRECTION('',(0.,1.,0.));
#756 = ADVANCED_FACE('',(#757),#775,.F.);
#757 = FACE_BOUND('',#758,.F.);
#758 = EDGE_LOOP('',(#759,#760,#761,#769));
#759 = ORIENTED_EDGE('',*,*,#745,.F.);
#760 = ORIENTED_EDGE('',*,*,#660,.T.);
#761 = ORIENTED_EDGE('',*,*,#762,.T.);
#762 = EDGE_CURVE('',#653,#763,#765,.T.);
#763 = VERTEX_POINT('',#764);
#764 = CARTESIAN_POINT('',(5.771624284362,-50.,78.5));
#765 = LINE('',#766,#767);
#766 = CARTESIAN_POINT('',(-8.662134151932,-25.,78.5));
#767 = VECTOR('',#768,1.);
#768 = DIRECTION('',(0.500000044338,-0.866025378186,0.));
#769 = ORIENTED_EDGE('',*,*,#770,.F.);
#770 = EDGE_CURVE('',#737,#763,#771,.T.);
#771 = LINE('',#772,#773);
#772 = CARTESIAN_POINT('',(5.771624284362,-50.,74.));
#773 = VECTOR('',#774,1.);
#774 = DIRECTION('',(0.,0.,1.));
#775 = PLANE('',#776);
#776 = AXIS2_PLACEMENT_3D('',#777,#778,#779);
#777 = CARTESIAN_POINT('',(-8.662134151932,-25.,74.));
#778 = DIRECTION('',(0.866025378186,0.500000044338,0.));
#779 = DIRECTION('',(0.500000044338,-0.866025378186,0.));
#780 = ADVANCED_FACE('',(#781),#847,.T.);
#781 = FACE_BOUND('',#782,.T.);
#782 = EDGE_LOOP('',(#783,#784,#785,#793,#801,#809,#817,#825,#833,#841)
  );
#783 = ORIENTED_EDGE('',*,*,#652,.T.);
#784 = ORIENTED_EDGE('',*,*,#762,.T.);
#785 = ORIENTED_EDGE('',*,*,#786,.T.);
#786 = EDGE_CURVE('',#763,#787,#789,.T.);
#787 = VERTEX_POINT('',#788);
#788 = CARTESIAN_POINT('',(-8.662134151932,-75.,78.5));
#789 = LINE('',#790,#791);
#790 = CARTESIAN_POINT('',(5.771624284362,-50.,78.5));
#791 = VECTOR('',#792,1.);
#792 = DIRECTION('',(-0.500000044338,-0.866025378186,0.));
#793 = ORIENTED_EDGE('',*,*,#794,.T.);
#794 = EDGE_CURVE('',#787,#795,#797,.T.);
#795 = VERTEX_POINT('',#796);
#796 = CARTESIAN_POINT('',(5.771624284362,-100.,78.5));
#797 = LINE('',#798,#799);
#798 = CARTESIAN_POINT('',(-8.662134151932,-75.,78.5));
#799 = VECTOR('',#800,1.);
#800 = DIRECTION('',(0.500000044338,-0.866025378186,0.));
#801 = ORIENTED_EDGE('',*,*,#802,.T.);
#802 = EDGE_CURVE('',#795,#803,#805,.T.);
#803 = VERTEX_POINT('',#804);
#804 = CARTESIAN_POINT('',(8.658375715638,-100.,78.5));
#805 = LINE('',#806,#807);
#806 = CARTESIAN_POINT('',(5.771624284362,-100.,78.5));
#807 = VECTOR('',#808,1.);
#808 = DIRECTION('',(1.,0.,0.));
#809 = ORIENTED_EDGE('',*,*,#810,.F.);
#810 = EDGE_CURVE('',#811,#803,#813,.T.);
#811 = VERTEX_POINT('',#812);
#812 = CARTESIAN_POINT('',(-5.775382720656,-75.,78.5));
#813 = LINE('',#814,#815);
#814 = CARTESIAN_POINT('',(8.297531722733,-99.37499994457,78.5));
#815 = VECTOR('',#816,1.);
#816 = DIRECTION('',(0.500000044338,-0.866025378186,0.));
#817 = ORIENTED_EDGE('',*,*,#818,.T.);
#818 = EDGE_CURVE('',#811,#819,#821,.T.);
#819 = VERTEX_POINT('',#820);
#820 = CARTESIAN_POINT('',(8.658375715638,-50.,78.5));
#821 = LINE('',#822,#823);
#822 = CARTESIAN_POINT('',(-5.775382720656,-75.,78.5));
#823 = VECTOR('',#824,1.);
#824 = DIRECTION('',(0.500000044338,0.866025378186,0.));
#825 = ORIENTED_EDGE('',*,*,#826,.T.);
#826 = EDGE_CURVE('',#819,#827,#829,.T.);
#827 = VERTEX_POINT('',#828);
#828 = CARTESIAN_POINT('',(-5.775382720656,-25.,78.5));
#829 = LINE('',#830,#831);
#830 = CARTESIAN_POINT('',(8.658375715638,-50.,78.5));
#831 = VECTOR('',#832,1.);
#832 = DIRECTION('',(-0.500000044338,0.866025378186,0.));
#833 = ORIENTED_EDGE('',*,*,#834,.T.);
#834 = EDGE_CURVE('',#827,#835,#837,.T.);
#835 = VERTEX_POINT('',#836);
#836 = CARTESIAN_POINT('',(8.658375715638,0.,78.5));
#837 = LINE('',#838,#839);
#838 = CARTESIAN_POINT('',(-5.775382720656,-25.,78.5));
#839 = VECTOR('',#840,1.);
#840 = DIRECTION('',(0.500000044338,0.866025378186,0.));
#841 = ORIENTED_EDGE('',*,*,#842,.T.);
#842 = EDGE_CURVE('',#835,#645,#843,.T.);
#843 = LINE('',#844,#845);
#844 = CARTESIAN_POINT('',(8.658375715638,0.,78.5));
#845 = VECTOR('',#846,1.);
#846 = DIRECTION('',(-1.,0.,0.));
#847 = PLANE('',#848);
#848 = AXIS2_PLACEMENT_3D('',#849,#850,#851);
#849 = CARTESIAN_POINT('',(0.174142226198,-50.,78.5));
#850 = DIRECTION('',(0.,0.,1.));
#851 = DIRECTION('',(1.,0.,0.));
#852 = ADVANCED_FACE('',(#853),#864,.T.);
#853 = FACE_BOUND('',#854,.T.);
#854 = EDGE_LOOP('',(#855,#861,#862,#863));
#855 = ORIENTED_EDGE('',*,*,#856,.F.);
#856 = EDGE_CURVE('',#676,#835,#857,.T.);
#857 = LINE('',#858,#859);
#858 = CARTESIAN_POINT('',(8.658375715638,0.,74.));
#859 = VECTOR('',#860,1.);
#860 = DIRECTION('',(0.,0.,1.));
#861 = ORIENTED_EDGE('',*,*,#675,.F.);
#862 = ORIENTED_EDGE('',*,*,#644,.T.);
#863 = ORIENTED_EDGE('',*,*,#842,.F.);
#864 = PLANE('',#865);
#865 = AXIS2_PLACEMENT_3D('',#866,#867,#868);
#866 = CARTESIAN_POINT('',(7.215,0.,76.25));
#867 = DIRECTION('',(0.,1.,0.));
#868 = DIRECTION('',(0.,0.,1.));
#869 = ADVANCED_FACE('',(#870),#881,.F.);
#870 = FACE_BOUND('',#871,.F.);
#871 = EDGE_LOOP('',(#872,#873,#874,#875));
#872 = ORIENTED_EDGE('',*,*,#736,.F.);
#873 = ORIENTED_EDGE('',*,*,#770,.T.);
#874 = ORIENTED_EDGE('',*,*,#786,.T.);
#875 = ORIENTED_EDGE('',*,*,#876,.F.);
#876 = EDGE_CURVE('',#728,#787,#877,.T.);
#877 = LINE('',#878,#879);
#878 = CARTESIAN_POINT('',(-8.662134151932,-75.,74.));
#879 = VECTOR('',#880,1.);
#880 = DIRECTION('',(0.,0.,1.));
#881 = PLANE('',#882);
#882 = AXIS2_PLACEMENT_3D('',#883,#884,#885);
#883 = CARTESIAN_POINT('',(5.771624284362,-50.,74.));
#884 = DIRECTION('',(0.866025378186,-0.500000044338,0.));
#885 = DIRECTION('',(-0.500000044338,-0.866025378186,0.));
#886 = ADVANCED_FACE('',(#887),#898,.F.);
#887 = FACE_BOUND('',#888,.F.);
#888 = EDGE_LOOP('',(#889,#890,#891,#892));
#889 = ORIENTED_EDGE('',*,*,#727,.F.);
#890 = ORIENTED_EDGE('',*,*,#876,.T.);
#891 = ORIENTED_EDGE('',*,*,#794,.T.);
#892 = ORIENTED_EDGE('',*,*,#893,.F.);
#893 = EDGE_CURVE('',#720,#795,#894,.T.);
#894 = LINE('',#895,#896);
#895 = CARTESIAN_POINT('',(5.771624284362,-100.,74.));
#896 = VECTOR('',#897,1.);
#897 = DIRECTION('',(0.,0.,1.));
#898 = PLANE('',#899);
#899 = AXIS2_PLACEMENT_3D('',#900,#901,#902);
#900 = CARTESIAN_POINT('',(-8.662134151932,-75.,74.));
#901 = DIRECTION('',(0.866025378186,0.500000044338,0.));
#902 = DIRECTION('',(0.500000044338,-0.866025378186,0.));
#903 = ADVANCED_FACE('',(#904),#915,.T.);
#904 = FACE_BOUND('',#905,.T.);
#905 = EDGE_LOOP('',(#906,#907,#908,#914));
#906 = ORIENTED_EDGE('',*,*,#893,.F.);
#907 = ORIENTED_EDGE('',*,*,#719,.T.);
#908 = ORIENTED_EDGE('',*,*,#909,.T.);
#909 = EDGE_CURVE('',#711,#803,#910,.T.);
#910 = LINE('',#911,#912);
#911 = CARTESIAN_POINT('',(8.658375715638,-100.,74.));
#912 = VECTOR('',#913,1.);
#913 = DIRECTION('',(0.,0.,1.));
#914 = ORIENTED_EDGE('',*,*,#802,.F.);
#915 = PLANE('',#916);
#916 = AXIS2_PLACEMENT_3D('',#917,#918,#919);
#917 = CARTESIAN_POINT('',(7.215,-100.,76.25));
#918 = DIRECTION('',(-0.,-1.,-0.));
#919 = DIRECTION('',(0.,0.,-1.));
#920 = ADVANCED_FACE('',(#921),#932,.T.);
#921 = FACE_BOUND('',#922,.T.);
#922 = EDGE_LOOP('',(#923,#924,#925,#931));
#923 = ORIENTED_EDGE('',*,*,#909,.F.);
#924 = ORIENTED_EDGE('',*,*,#710,.F.);
#925 = ORIENTED_EDGE('',*,*,#926,.T.);
#926 = EDGE_CURVE('',#702,#811,#927,.T.);
#927 = LINE('',#928,#929);
#928 = CARTESIAN_POINT('',(-5.775382720656,-75.,74.));
#929 = VECTOR('',#930,1.);
#930 = DIRECTION('',(0.,0.,1.));
#931 = ORIENTED_EDGE('',*,*,#810,.T.);
#932 = PLANE('',#933);
#933 = AXIS2_PLACEMENT_3D('',#934,#935,#936);
#934 = CARTESIAN_POINT('',(1.441496497491,-87.5,76.25));
#935 = DIRECTION('',(0.866025378186,0.500000044338,0.));
#936 = DIRECTION('',(-0.500000044338,0.866025378186,0.));
#937 = ADVANCED_FACE('',(#938),#949,.F.);
#938 = FACE_BOUND('',#939,.F.);
#939 = EDGE_LOOP('',(#940,#941,#942,#943));
#940 = ORIENTED_EDGE('',*,*,#701,.F.);
#941 = ORIENTED_EDGE('',*,*,#926,.T.);
#942 = ORIENTED_EDGE('',*,*,#818,.T.);
#943 = ORIENTED_EDGE('',*,*,#944,.F.);
#944 = EDGE_CURVE('',#693,#819,#945,.T.);
#945 = LINE('',#946,#947);
#946 = CARTESIAN_POINT('',(8.658375715638,-50.,74.));
#947 = VECTOR('',#948,1.);
#948 = DIRECTION('',(0.,0.,1.));
#949 = PLANE('',#950);
#950 = AXIS2_PLACEMENT_3D('',#951,#952,#953);
#951 = CARTESIAN_POINT('',(-5.775382720656,-75.,74.));
#952 = DIRECTION('',(-0.866025378186,0.500000044338,0.));
#953 = DIRECTION('',(0.500000044338,0.866025378186,0.));
#954 = ADVANCED_FACE('',(#955),#966,.F.);
#955 = FACE_BOUND('',#956,.F.);
#956 = EDGE_LOOP('',(#957,#958,#959,#960));
#957 = ORIENTED_EDGE('',*,*,#692,.F.);
#958 = ORIENTED_EDGE('',*,*,#944,.T.);
#959 = ORIENTED_EDGE('',*,*,#826,.T.);
#960 = ORIENTED_EDGE('',*,*,#961,.F.);
#961 = EDGE_CURVE('',#684,#827,#962,.T.);
#962 = LINE('',#963,#964);
#963 = CARTESIAN_POINT('',(-5.775382720656,-25.,74.));
#964 = VECTOR('',#965,1.);
#965 = DIRECTION('',(0.,0.,1.));
#966 = PLANE('',#967);
#967 = AXIS2_PLACEMENT_3D('',#968,#969,#970);
#968 = CARTESIAN_POINT('',(8.658375715638,-50.,74.));
#969 = DIRECTION('',(-0.866025378186,-0.500000044338,0.));
#970 = DIRECTION('',(-0.500000044338,0.866025378186,0.));
#971 = ADVANCED_FACE('',(#972),#978,.T.);
#972 = FACE_BOUND('',#973,.T.);
#973 = EDGE_LOOP('',(#974,#975,#976,#977));
#974 = ORIENTED_EDGE('',*,*,#961,.F.);
#975 = ORIENTED_EDGE('',*,*,#683,.F.);
#976 = ORIENTED_EDGE('',*,*,#856,.T.);
#977 = ORIENTED_EDGE('',*,*,#834,.F.);
#978 = PLANE('',#979);
#979 = AXIS2_PLACEMENT_3D('',#980,#981,#982);
#980 = CARTESIAN_POINT('',(1.441496497491,-12.5,76.25));
#981 = DIRECTION('',(0.866025378186,-0.500000044338,-1.2816101705E-16));
#982 = DIRECTION('',(0.500000044338,0.866025378186,6.162975822039E-33));
#983 = MANIFOLD_SOLID_BREP('',#984);
#984 = CLOSED_SHELL('',(#985,#1026,#1112,#1136,#1208,#1225,#1242,#1259,
    #1276,#1293,#1310,#1327));
#985 = ADVANCED_FACE('',(#986),#1021,.F.);
#986 = FACE_BOUND('',#987,.F.);
#987 = EDGE_LOOP('',(#988,#999,#1007,#1015));
#988 = ORIENTED_EDGE('',*,*,#989,.F.);
#989 = EDGE_CURVE('',#990,#992,#994,.T.);
#990 = VERTEX_POINT('',#991);
#991 = CARTESIAN_POINT('',(51.98760382761,0.,52.97736021305));
#992 = VERTEX_POINT('',#993);
#993 = CARTESIAN_POINT('',(42.444653910878,-25.,64.059457276328));
#994 = ELLIPSE('',#995,461.88022900412,400.);
#995 = AXIS2_PLACEMENT_3D('',#996,#997,#998);
#996 = CARTESIAN_POINT('',(-225.2246212189,-50.,-232.4814210762));
#997 = DIRECTION('',(0.66341392856,-0.500000044338,-0.556670382772));
#998 = DIRECTION('',(-0.383022255524,-0.866025378186,0.321393833343));
#999 = ORIENTED_EDGE('',*,*,#1000,.T.);
#1000 = EDGE_CURVE('',#990,#1001,#1003,.T.);
#1001 = VERTEX_POINT('',#1002);
#1002 = CARTESIAN_POINT('',(54.880148071199,0.,56.424560207086));
#1003 = LINE('',#1004,#1005);
#1004 = CARTESIAN_POINT('',(51.98760382761,0.,52.97736021305));
#1005 = VECTOR('',#1006,1.);
#1006 = DIRECTION('',(0.642787609687,0.,0.766044443119));
#1007 = ORIENTED_EDGE('',*,*,#1008,.T.);
#1008 = EDGE_CURVE('',#1001,#1009,#1011,.T.);
#1009 = VERTEX_POINT('',#1010);
#1010 = CARTESIAN_POINT('',(43.823247627755,-25.,65.702401291144));
#1011 = LINE('',#1012,#1013);
#1012 = CARTESIAN_POINT('',(54.880148071199,0.,56.424560207086));
#1013 = VECTOR('',#1014,1.);
#1014 = DIRECTION('',(-0.383022255524,-0.866025378186,0.321393833343));
#1015 = ORIENTED_EDGE('',*,*,#1016,.F.);
#1016 = EDGE_CURVE('',#992,#1009,#1017,.T.);
#1017 = LINE('',#1018,#1019);
#1018 = CARTESIAN_POINT('',(40.930703384165,-25.,62.255201297109));
#1019 = VECTOR('',#1020,1.);
#1020 = DIRECTION('',(0.642787609687,0.,0.766044443119));
#1021 = PLANE('',#1022);
#1022 = AXIS2_PLACEMENT_3D('',#1023,#1024,#1025);
#1023 = CARTESIAN_POINT('',(51.98760382761,0.,52.97736021305));
#1024 = DIRECTION('',(0.66341392856,-0.500000044338,-0.556670382772));
#1025 = DIRECTION('',(-0.383022255524,-0.866025378186,0.321393833343));
#1026 = ADVANCED_FACE('',(#1027),#1107,.F.);
#1027 = FACE_BOUND('',#1028,.T.);
#1028 = EDGE_LOOP('',(#1029,#1030,#1038,#1047,#1056,#1065,#1074,#1082,
    #1091,#1100));
#1029 = ORIENTED_EDGE('',*,*,#989,.F.);
#1030 = ORIENTED_EDGE('',*,*,#1031,.T.);
#1031 = EDGE_CURVE('',#990,#1032,#1034,.T.);
#1032 = VERTEX_POINT('',#1033);
#1033 = CARTESIAN_POINT('',(54.198983720205,0.,51.121792160782));
#1034 = LINE('',#1035,#1036);
#1035 = CARTESIAN_POINT('',(51.98760382761,0.,52.97736021305));
#1036 = VECTOR('',#1037,1.);
#1037 = DIRECTION('',(0.766044443119,0.,-0.642787609687));
#1038 = ORIENTED_EDGE('',*,*,#1039,.T.);
#1039 = EDGE_CURVE('',#1032,#1040,#1042,.T.);
#1040 = VERTEX_POINT('',#1041);
#1041 = CARTESIAN_POINT('',(44.656033803472,-25.,62.203889224059));
#1042 = ELLIPSE('',#1043,461.88022900412,400.);
#1043 = AXIS2_PLACEMENT_3D('',#1044,#1045,#1046);
#1044 = CARTESIAN_POINT('',(-223.0132413263,-50.,-234.3369891284));
#1045 = DIRECTION('',(0.66341392856,-0.500000044338,-0.556670382772));
#1046 = DIRECTION('',(-0.383022255524,-0.866025378186,0.321393833343));
#1047 = ORIENTED_EDGE('',*,*,#1048,.F.);
#1048 = EDGE_CURVE('',#1049,#1040,#1051,.T.);
#1049 = VERTEX_POINT('',#1050);
#1050 = CARTESIAN_POINT('',(56.215603435185,-50.,53.525105951006));
#1051 = ELLIPSE('',#1052,461.88022900412,400.);
#1052 = AXIS2_PLACEMENT_3D('',#1053,#1054,#1055);
#1053 = CARTESIAN_POINT('',(-200.8994404394,-50.,-252.8926712965));
#1054 = DIRECTION('',(-0.66341392856,-0.500000044338,0.556670382772));
#1055 = DIRECTION('',(-0.383022255524,0.866025378186,0.321393833343));
#1056 = ORIENTED_EDGE('',*,*,#1057,.F.);
#1057 = EDGE_CURVE('',#1058,#1049,#1060,.T.);
#1058 = VERTEX_POINT('',#1059);
#1059 = CARTESIAN_POINT('',(44.656033803472,-75.,62.203889224059));
#1060 = ELLIPSE('',#1061,461.88022900412,400.);
#1061 = AXIS2_PLACEMENT_3D('',#1062,#1063,#1064);
#1062 = CARTESIAN_POINT('',(-200.8994404394,-50.,-252.8926712965));
#1063 = DIRECTION('',(-0.66341392856,0.500000044338,0.556670382772));
#1064 = DIRECTION('',(-0.383022255524,-0.866025378186,0.321393833343));
#1065 = ORIENTED_EDGE('',*,*,#1066,.T.);
#1066 = EDGE_CURVE('',#1058,#1067,#1069,.T.);
#1067 = VERTEX_POINT('',#1068);
#1068 = CARTESIAN_POINT('',(54.198983720205,-100.,51.121792160782));
#1069 = ELLIPSE('',#1070,461.88022900412,400.);
#1070 = AXIS2_PLACEMENT_3D('',#1071,#1072,#1073);
#1071 = CARTESIAN_POINT('',(-223.0132413263,-50.,-234.3369891284));
#1072 = DIRECTION('',(0.66341392856,0.500000044338,-0.556670382772));
#1073 = DIRECTION('',(-0.383022255524,0.866025378186,0.321393833343));
#1074 = ORIENTED_EDGE('',*,*,#1075,.F.);
#1075 = EDGE_CURVE('',#1076,#1067,#1078,.T.);
#1076 = VERTEX_POINT('',#1077);
#1077 = CARTESIAN_POINT('',(51.98760382761,-100.,52.97736021305));
#1078 = LINE('',#1079,#1080);
#1079 = CARTESIAN_POINT('',(53.093293773907,-100.,52.049576186916));
#1080 = VECTOR('',#1081,1.);
#1081 = DIRECTION('',(0.766044443119,0.,-0.642787609687));
#1082 = ORIENTED_EDGE('',*,*,#1083,.F.);
#1083 = EDGE_CURVE('',#1084,#1076,#1086,.T.);
#1084 = VERTEX_POINT('',#1085);
#1085 = CARTESIAN_POINT('',(42.444653910878,-75.,64.059457276328));
#1086 = ELLIPSE('',#1087,461.88022900412,400.);
#1087 = AXIS2_PLACEMENT_3D('',#1088,#1089,#1090);
#1088 = CARTESIAN_POINT('',(-225.2246212189,-50.,-232.4814210762));
#1089 = DIRECTION('',(0.66341392856,0.500000044338,-0.556670382772));
#1090 = DIRECTION('',(-0.383022255524,0.866025378186,0.321393833343));
#1091 = ORIENTED_EDGE('',*,*,#1092,.F.);
#1092 = EDGE_CURVE('',#1093,#1084,#1095,.T.);
#1093 = VERTEX_POINT('',#1094);
#1094 = CARTESIAN_POINT('',(54.00422354259,-50.,55.380674003275));
#1095 = ELLIPSE('',#1096,461.88022900412,400.);
#1096 = AXIS2_PLACEMENT_3D('',#1097,#1098,#1099);
#1097 = CARTESIAN_POINT('',(-203.110820332,-50.,-251.0371032443));
#1098 = DIRECTION('',(0.66341392856,-0.500000044338,-0.556670382772));
#1099 = DIRECTION('',(-0.383022255524,-0.866025378186,0.321393833343));
#1100 = ORIENTED_EDGE('',*,*,#1101,.F.);
#1101 = EDGE_CURVE('',#992,#1093,#1102,.T.);
#1102 = ELLIPSE('',#1103,461.88022900412,400.);
#1103 = AXIS2_PLACEMENT_3D('',#1104,#1105,#1106);
#1104 = CARTESIAN_POINT('',(-203.110820332,-50.,-251.0371032443));
#1105 = DIRECTION('',(0.66341392856,0.500000044338,-0.556670382772));
#1106 = DIRECTION('',(-0.383022255524,0.866025378186,0.321393833343));
#1107 = CYLINDRICAL_SURFACE('',#1108,400.);
#1108 = AXIS2_PLACEMENT_3D('',#1109,#1110,#1111);
#1109 = CARTESIAN_POINT('',(-217.3260192481,-50.,-239.1091350767));
#1110 = DIRECTION('',(-0.766044443119,-0.,0.642787609687));
#1111 = DIRECTION('',(0.,1.,0.));
#1112 = ADVANCED_FACE('',(#1113),#1131,.F.);
#1113 = FACE_BOUND('',#1114,.F.);
#1114 = EDGE_LOOP('',(#1115,#1116,#1117,#1125));
#1115 = ORIENTED_EDGE('',*,*,#1101,.F.);
#1116 = ORIENTED_EDGE('',*,*,#1016,.T.);
#1117 = ORIENTED_EDGE('',*,*,#1118,.T.);
#1118 = EDGE_CURVE('',#1009,#1119,#1121,.T.);
#1119 = VERTEX_POINT('',#1120);
#1120 = CARTESIAN_POINT('',(54.880148071199,-50.,56.424560207086));
#1121 = LINE('',#1122,#1123);
#1122 = CARTESIAN_POINT('',(43.823247627755,-25.,65.702401291144));
#1123 = VECTOR('',#1124,1.);
#1124 = DIRECTION('',(0.383022255524,-0.866025378186,-0.321393833343));
#1125 = ORIENTED_EDGE('',*,*,#1126,.F.);
#1126 = EDGE_CURVE('',#1093,#1119,#1127,.T.);
#1127 = LINE('',#1128,#1129);
#1128 = CARTESIAN_POINT('',(51.98760382761,-50.,52.97736021305));
#1129 = VECTOR('',#1130,1.);
#1130 = DIRECTION('',(0.642787609687,0.,0.766044443119));
#1131 = PLANE('',#1132);
#1132 = AXIS2_PLACEMENT_3D('',#1133,#1134,#1135);
#1133 = CARTESIAN_POINT('',(40.930703384165,-25.,62.255201297109));
#1134 = DIRECTION('',(0.66341392856,0.500000044338,-0.556670382772));
#1135 = DIRECTION('',(0.383022255524,-0.866025378186,-0.321393833343));
#1136 = ADVANCED_FACE('',(#1137),#1203,.T.);
#1137 = FACE_BOUND('',#1138,.T.);
#1138 = EDGE_LOOP('',(#1139,#1140,#1141,#1149,#1157,#1165,#1173,#1181,
    #1189,#1197));
#1139 = ORIENTED_EDGE('',*,*,#1008,.T.);
#1140 = ORIENTED_EDGE('',*,*,#1118,.T.);
#1141 = ORIENTED_EDGE('',*,*,#1142,.T.);
#1142 = EDGE_CURVE('',#1119,#1143,#1145,.T.);
#1143 = VERTEX_POINT('',#1144);
#1144 = CARTESIAN_POINT('',(43.823247627755,-75.,65.702401291144));
#1145 = LINE('',#1146,#1147);
#1146 = CARTESIAN_POINT('',(54.880148071199,-50.,56.424560207086));
#1147 = VECTOR('',#1148,1.);
#1148 = DIRECTION('',(-0.383022255524,-0.866025378186,0.321393833343));
#1149 = ORIENTED_EDGE('',*,*,#1150,.T.);
#1150 = EDGE_CURVE('',#1143,#1151,#1153,.T.);
#1151 = VERTEX_POINT('',#1152);
#1152 = CARTESIAN_POINT('',(54.880148071199,-100.,56.424560207086));
#1153 = LINE('',#1154,#1155);
#1154 = CARTESIAN_POINT('',(43.823247627755,-75.,65.702401291144));
#1155 = VECTOR('',#1156,1.);
#1156 = DIRECTION('',(0.383022255524,-0.866025378186,-0.321393833343));
#1157 = ORIENTED_EDGE('',*,*,#1158,.T.);
#1158 = EDGE_CURVE('',#1151,#1159,#1161,.T.);
#1159 = VERTEX_POINT('',#1160);
#1160 = CARTESIAN_POINT('',(57.091527963794,-100.,54.568992154817));
#1161 = LINE('',#1162,#1163);
#1162 = CARTESIAN_POINT('',(54.880148071199,-100.,56.424560207086));
#1163 = VECTOR('',#1164,1.);
#1164 = DIRECTION('',(0.766044443119,0.,-0.642787609687));
#1165 = ORIENTED_EDGE('',*,*,#1166,.F.);
#1166 = EDGE_CURVE('',#1167,#1159,#1169,.T.);
#1167 = VERTEX_POINT('',#1168);
#1168 = CARTESIAN_POINT('',(46.034627520349,-75.,63.846833238875));
#1169 = LINE('',#1170,#1171);
#1170 = CARTESIAN_POINT('',(56.815105428196,-99.37499994457,
    54.800938202486));
#1171 = VECTOR('',#1172,1.);
#1172 = DIRECTION('',(0.383022255524,-0.866025378186,-0.321393833343));
#1173 = ORIENTED_EDGE('',*,*,#1174,.T.);
#1174 = EDGE_CURVE('',#1167,#1175,#1177,.T.);
#1175 = VERTEX_POINT('',#1176);
#1176 = CARTESIAN_POINT('',(57.091527963794,-50.,54.568992154817));
#1177 = LINE('',#1178,#1179);
#1178 = CARTESIAN_POINT('',(46.034627520349,-75.,63.846833238875));
#1179 = VECTOR('',#1180,1.);
#1180 = DIRECTION('',(0.383022255524,0.866025378186,-0.321393833343));
#1181 = ORIENTED_EDGE('',*,*,#1182,.T.);
#1182 = EDGE_CURVE('',#1175,#1183,#1185,.T.);
#1183 = VERTEX_POINT('',#1184);
#1184 = CARTESIAN_POINT('',(46.034627520349,-25.,63.846833238875));
#1185 = LINE('',#1186,#1187);
#1186 = CARTESIAN_POINT('',(57.091527963794,-50.,54.568992154817));
#1187 = VECTOR('',#1188,1.);
#1188 = DIRECTION('',(-0.383022255524,0.866025378186,0.321393833343));
#1189 = ORIENTED_EDGE('',*,*,#1190,.T.);
#1190 = EDGE_CURVE('',#1183,#1191,#1193,.T.);
#1191 = VERTEX_POINT('',#1192);
#1192 = CARTESIAN_POINT('',(57.091527963794,0.,54.568992154817));
#1193 = LINE('',#1194,#1195);
#1194 = CARTESIAN_POINT('',(46.034627520349,-25.,63.846833238875));
#1195 = VECTOR('',#1196,1.);
#1196 = DIRECTION('',(0.383022255524,0.866025378186,-0.321393833343));
#1197 = ORIENTED_EDGE('',*,*,#1198,.T.);
#1198 = EDGE_CURVE('',#1191,#1001,#1199,.T.);
#1199 = LINE('',#1200,#1201);
#1200 = CARTESIAN_POINT('',(57.091527963794,0.,54.568992154817));
#1201 = VECTOR('',#1202,1.);
#1202 = DIRECTION('',(-0.766044443119,0.,0.642787609687));
#1203 = PLANE('',#1204);
#1204 = AXIS2_PLACEMENT_3D('',#1205,#1206,#1207);
#1205 = CARTESIAN_POINT('',(50.592228045085,-50.,60.022552319516));
#1206 = DIRECTION('',(0.642787609687,0.,0.766044443119));
#1207 = DIRECTION('',(0.766044443119,0.,-0.642787609687));
#1208 = ADVANCED_FACE('',(#1209),#1220,.T.);
#1209 = FACE_BOUND('',#1210,.T.);
#1210 = EDGE_LOOP('',(#1211,#1217,#1218,#1219));
#1211 = ORIENTED_EDGE('',*,*,#1212,.F.);
#1212 = EDGE_CURVE('',#1032,#1191,#1213,.T.);
#1213 = LINE('',#1214,#1215);
#1214 = CARTESIAN_POINT('',(54.198983720205,0.,51.121792160782));
#1215 = VECTOR('',#1216,1.);
#1216 = DIRECTION('',(0.642787609687,0.,0.766044443119));
#1217 = ORIENTED_EDGE('',*,*,#1031,.F.);
#1218 = ORIENTED_EDGE('',*,*,#1000,.T.);
#1219 = ORIENTED_EDGE('',*,*,#1198,.F.);
#1220 = PLANE('',#1221);
#1221 = AXIS2_PLACEMENT_3D('',#1222,#1223,#1224);
#1222 = CARTESIAN_POINT('',(54.539565895702,0.,53.773176183934));
#1223 = DIRECTION('',(0.,1.,0.));
#1224 = DIRECTION('',(0.642787609687,0.,0.766044443119));
#1225 = ADVANCED_FACE('',(#1226),#1237,.F.);
#1226 = FACE_BOUND('',#1227,.F.);
#1227 = EDGE_LOOP('',(#1228,#1229,#1230,#1231));
#1228 = ORIENTED_EDGE('',*,*,#1092,.F.);
#1229 = ORIENTED_EDGE('',*,*,#1126,.T.);
#1230 = ORIENTED_EDGE('',*,*,#1142,.T.);
#1231 = ORIENTED_EDGE('',*,*,#1232,.F.);
#1232 = EDGE_CURVE('',#1084,#1143,#1233,.T.);
#1233 = LINE('',#1234,#1235);
#1234 = CARTESIAN_POINT('',(40.930703384165,-75.,62.255201297109));
#1235 = VECTOR('',#1236,1.);
#1236 = DIRECTION('',(0.642787609687,0.,0.766044443119));
#1237 = PLANE('',#1238);
#1238 = AXIS2_PLACEMENT_3D('',#1239,#1240,#1241);
#1239 = CARTESIAN_POINT('',(51.98760382761,-50.,52.97736021305));
#1240 = DIRECTION('',(0.66341392856,-0.500000044338,-0.556670382772));
#1241 = DIRECTION('',(-0.383022255524,-0.866025378186,0.321393833343));
#1242 = ADVANCED_FACE('',(#1243),#1254,.F.);
#1243 = FACE_BOUND('',#1244,.F.);
#1244 = EDGE_LOOP('',(#1245,#1246,#1247,#1248));
#1245 = ORIENTED_EDGE('',*,*,#1083,.F.);
#1246 = ORIENTED_EDGE('',*,*,#1232,.T.);
#1247 = ORIENTED_EDGE('',*,*,#1150,.T.);
#1248 = ORIENTED_EDGE('',*,*,#1249,.F.);
#1249 = EDGE_CURVE('',#1076,#1151,#1250,.T.);
#1250 = LINE('',#1251,#1252);
#1251 = CARTESIAN_POINT('',(51.98760382761,-100.,52.97736021305));
#1252 = VECTOR('',#1253,1.);
#1253 = DIRECTION('',(0.642787609687,0.,0.766044443119));
#1254 = PLANE('',#1255);
#1255 = AXIS2_PLACEMENT_3D('',#1256,#1257,#1258);
#1256 = CARTESIAN_POINT('',(40.930703384165,-75.,62.255201297109));
#1257 = DIRECTION('',(0.66341392856,0.500000044338,-0.556670382772));
#1258 = DIRECTION('',(0.383022255524,-0.866025378186,-0.321393833343));
#1259 = ADVANCED_FACE('',(#1260),#1271,.T.);
#1260 = FACE_BOUND('',#1261,.T.);
#1261 = EDGE_LOOP('',(#1262,#1263,#1264,#1270));
#1262 = ORIENTED_EDGE('',*,*,#1249,.F.);
#1263 = ORIENTED_EDGE('',*,*,#1075,.T.);
#1264 = ORIENTED_EDGE('',*,*,#1265,.T.);
#1265 = EDGE_CURVE('',#1067,#1159,#1266,.T.);
#1266 = LINE('',#1267,#1268);
#1267 = CARTESIAN_POINT('',(54.198983720205,-100.,51.121792160782));
#1268 = VECTOR('',#1269,1.);
#1269 = DIRECTION('',(0.642787609687,0.,0.766044443119));
#1270 = ORIENTED_EDGE('',*,*,#1158,.F.);
#1271 = PLANE('',#1272);
#1272 = AXIS2_PLACEMENT_3D('',#1273,#1274,#1275);
#1273 = CARTESIAN_POINT('',(54.539565895702,-100.,53.773176183934));
#1274 = DIRECTION('',(-0.,-1.,0.));
#1275 = DIRECTION('',(-0.642787609687,0.,-0.766044443119));
#1276 = ADVANCED_FACE('',(#1277),#1288,.T.);
#1277 = FACE_BOUND('',#1278,.T.);
#1278 = EDGE_LOOP('',(#1279,#1280,#1281,#1287));
#1279 = ORIENTED_EDGE('',*,*,#1265,.F.);
#1280 = ORIENTED_EDGE('',*,*,#1066,.F.);
#1281 = ORIENTED_EDGE('',*,*,#1282,.T.);
#1282 = EDGE_CURVE('',#1058,#1167,#1283,.T.);
#1283 = LINE('',#1284,#1285);
#1284 = CARTESIAN_POINT('',(43.14208327676,-75.,60.39963324484));
#1285 = VECTOR('',#1286,1.);
#1286 = DIRECTION('',(0.642787609687,0.,0.766044443119));
#1287 = ORIENTED_EDGE('',*,*,#1166,.T.);
#1288 = PLANE('',#1289);
#1289 = AXIS2_PLACEMENT_3D('',#1290,#1291,#1292);
#1290 = CARTESIAN_POINT('',(50.116805620277,-87.5,57.484312699828));
#1291 = DIRECTION('',(0.66341392856,0.500000044338,-0.556670382772));
#1292 = DIRECTION('',(-0.383022255524,0.866025378186,0.321393833343));
#1293 = ADVANCED_FACE('',(#1294),#1305,.F.);
#1294 = FACE_BOUND('',#1295,.F.);
#1295 = EDGE_LOOP('',(#1296,#1297,#1298,#1299));
#1296 = ORIENTED_EDGE('',*,*,#1057,.F.);
#1297 = ORIENTED_EDGE('',*,*,#1282,.T.);
#1298 = ORIENTED_EDGE('',*,*,#1174,.T.);
#1299 = ORIENTED_EDGE('',*,*,#1300,.F.);
#1300 = EDGE_CURVE('',#1049,#1175,#1301,.T.);
#1301 = LINE('',#1302,#1303);
#1302 = CARTESIAN_POINT('',(54.198983720205,-50.,51.121792160782));
#1303 = VECTOR('',#1304,1.);
#1304 = DIRECTION('',(0.642787609687,0.,0.766044443119));
#1305 = PLANE('',#1306);
#1306 = AXIS2_PLACEMENT_3D('',#1307,#1308,#1309);
#1307 = CARTESIAN_POINT('',(43.14208327676,-75.,60.39963324484));
#1308 = DIRECTION('',(-0.66341392856,0.500000044338,0.556670382772));
#1309 = DIRECTION('',(0.383022255524,0.866025378186,-0.321393833343));
#1310 = ADVANCED_FACE('',(#1311),#1322,.F.);
#1311 = FACE_BOUND('',#1312,.F.);
#1312 = EDGE_LOOP('',(#1313,#1314,#1315,#1316));
#1313 = ORIENTED_EDGE('',*,*,#1048,.F.);
#1314 = ORIENTED_EDGE('',*,*,#1300,.T.);
#1315 = ORIENTED_EDGE('',*,*,#1182,.T.);
#1316 = ORIENTED_EDGE('',*,*,#1317,.F.);
#1317 = EDGE_CURVE('',#1040,#1183,#1318,.T.);
#1318 = LINE('',#1319,#1320);
#1319 = CARTESIAN_POINT('',(43.14208327676,-25.,60.39963324484));
#1320 = VECTOR('',#1321,1.);
#1321 = DIRECTION('',(0.642787609687,0.,0.766044443119));
#1322 = PLANE('',#1323);
#1323 = AXIS2_PLACEMENT_3D('',#1324,#1325,#1326);
#1324 = CARTESIAN_POINT('',(54.198983720205,-50.,51.121792160782));
#1325 = DIRECTION('',(-0.66341392856,-0.500000044338,0.556670382772));
#1326 = DIRECTION('',(-0.383022255524,0.866025378186,0.321393833343));
#1327 = ADVANCED_FACE('',(#1328),#1334,.T.);
#1328 = FACE_BOUND('',#1329,.T.);
#1329 = EDGE_LOOP('',(#1330,#1331,#1332,#1333));
#1330 = ORIENTED_EDGE('',*,*,#1317,.F.);
#1331 = ORIENTED_EDGE('',*,*,#1039,.F.);
#1332 = ORIENTED_EDGE('',*,*,#1212,.T.);
#1333 = ORIENTED_EDGE('',*,*,#1190,.F.);
#1334 = PLANE('',#1335);
#1335 = AXIS2_PLACEMENT_3D('',#1336,#1337,#1338);
#1336 = CARTESIAN_POINT('',(50.116805620277,-12.5,57.484312699828));
#1337 = DIRECTION('',(0.66341392856,-0.500000044338,-0.556670382772));
#1338 = DIRECTION('',(0.383022255524,0.866025378186,-0.321393833343));
#1339 = MANIFOLD_SOLID_BREP('',#1340);
#1340 = CLOSED_SHELL('',(#1341,#1382,#1468,#1492,#1564,#1581,#1598,#1615
    ,#1632,#1649,#1666,#1683));
#1341 = ADVANCED_FACE('',(#1342),#1377,.F.);
#1342 = FACE_BOUND('',#1343,.F.);
#1343 = EDGE_LOOP('',(#1344,#1355,#1363,#1371));
#1344 = ORIENTED_EDGE('',*,*,#1345,.F.);
#1345 = EDGE_CURVE('',#1346,#1348,#1350,.T.);
#1346 = VERTEX_POINT('',#1347);
#1347 = CARTESIAN_POINT('',(73.878005762061,0.,7.166024804639));
#1348 = VERTEX_POINT('',#1349);
#1349 = CARTESIAN_POINT('',(73.691116689004,-25.,21.789493644403));
#1350 = ELLIPSE('',#1351,461.88022900412,400.);
#1351 = AXIS2_PLACEMENT_3D('',#1352,#1353,#1354);
#1352 = CARTESIAN_POINT('',(-321.9682464884,-50.,-33.31950482796));
#1353 = DIRECTION('',(0.150383728735,-0.500000044338,-0.852868506743));
#1354 = DIRECTION('',(-8.68240965326E-02,-0.866025378186,0.49240392017)
  );
#1355 = ORIENTED_EDGE('',*,*,#1356,.T.);
#1356 = EDGE_CURVE('',#1346,#1357,#1359,.T.);
#1357 = VERTEX_POINT('',#1358);
#1358 = CARTESIAN_POINT('',(78.309640650616,0.,7.947441604141));
#1359 = LINE('',#1360,#1361);
#1360 = CARTESIAN_POINT('',(73.878005762061,0.,7.166024804639));
#1361 = VECTOR('',#1362,1.);
#1362 = DIRECTION('',(0.984807753012,0.,0.173648177667));
#1363 = ORIENTED_EDGE('',*,*,#1364,.T.);
#1364 = EDGE_CURVE('',#1357,#1365,#1367,.T.);
#1365 = VERTEX_POINT('',#1366);
#1366 = CARTESIAN_POINT('',(75.803244801269,-25.,22.161918817308));
#1367 = LINE('',#1368,#1369);
#1368 = CARTESIAN_POINT('',(78.309640650616,0.,7.947441604141));
#1369 = VECTOR('',#1370,1.);
#1370 = DIRECTION('',(-8.68240965326E-02,-0.866025378186,0.49240392017)
  );
#1371 = ORIENTED_EDGE('',*,*,#1372,.F.);
#1372 = EDGE_CURVE('',#1348,#1365,#1373,.T.);
#1373 = LINE('',#1374,#1375);
#1374 = CARTESIAN_POINT('',(71.371609912714,-25.,21.380502017807));
#1375 = VECTOR('',#1376,1.);
#1376 = DIRECTION('',(0.984807753012,0.,0.173648177667));
#1377 = PLANE('',#1378);
#1378 = AXIS2_PLACEMENT_3D('',#1379,#1380,#1381);
#1379 = CARTESIAN_POINT('',(73.878005762061,0.,7.166024804639));
#1380 = DIRECTION('',(0.150383728735,-0.500000044338,-0.852868506743));
#1381 = DIRECTION('',(-8.68240965326E-02,-0.866025378186,0.49240392017)
  );
#1382 = ADVANCED_FACE('',(#1383),#1463,.F.);
#1383 = FACE_BOUND('',#1384,.T.);
#1384 = EDGE_LOOP('',(#1385,#1386,#1394,#1403,#1412,#1421,#1430,#1438,
    #1447,#1456));
#1385 = ORIENTED_EDGE('',*,*,#1345,.F.);
#1386 = ORIENTED_EDGE('',*,*,#1387,.T.);
#1387 = EDGE_CURVE('',#1346,#1388,#1390,.T.);
#1388 = VERTEX_POINT('',#1389);
#1389 = CARTESIAN_POINT('',(74.37928488748,0.,4.3231296141));
#1390 = LINE('',#1391,#1392);
#1391 = CARTESIAN_POINT('',(73.878005762061,0.,7.166024804639));
#1392 = VECTOR('',#1393,1.);
#1393 = DIRECTION('',(0.173648177667,0.,-0.984807753012));
#1394 = ORIENTED_EDGE('',*,*,#1395,.T.);
#1395 = EDGE_CURVE('',#1388,#1396,#1398,.T.);
#1396 = VERTEX_POINT('',#1397);
#1397 = CARTESIAN_POINT('',(74.192395814422,-25.,18.946598453864));
#1398 = ELLIPSE('',#1399,461.88022900412,400.);
#1399 = AXIS2_PLACEMENT_3D('',#1400,#1401,#1402);
#1400 = CARTESIAN_POINT('',(-321.466967363,-50.,-36.1624000185));
#1401 = DIRECTION('',(0.150383728735,-0.500000044338,-0.852868506743));
#1402 = DIRECTION('',(-8.68240965326E-02,-0.866025378186,0.49240392017)
  );
#1403 = ORIENTED_EDGE('',*,*,#1404,.F.);
#1404 = EDGE_CURVE('',#1405,#1396,#1407,.T.);
#1405 = VERTEX_POINT('',#1406);
#1406 = CARTESIAN_POINT('',(77.468925540569,-50.,4.867916621934));
#1407 = ELLIPSE('',#1408,461.88022900412,400.);
#1408 = AXIS2_PLACEMENT_3D('',#1409,#1410,#1411);
#1409 = CARTESIAN_POINT('',(-316.4541756643,-50.,-64.59135444483));
#1410 = DIRECTION('',(-0.150383728735,-0.500000044338,0.852868506743));
#1411 = DIRECTION('',(-8.68240965326E-02,0.866025378186,0.49240392017));
#1412 = ORIENTED_EDGE('',*,*,#1413,.F.);
#1413 = EDGE_CURVE('',#1414,#1405,#1416,.T.);
#1414 = VERTEX_POINT('',#1415);
#1415 = CARTESIAN_POINT('',(74.192395814422,-75.,18.946598453864));
#1416 = ELLIPSE('',#1417,461.88022900412,400.);
#1417 = AXIS2_PLACEMENT_3D('',#1418,#1419,#1420);
#1418 = CARTESIAN_POINT('',(-316.4541756643,-50.,-64.59135444483));
#1419 = DIRECTION('',(-0.150383728735,0.500000044338,0.852868506743));
#1420 = DIRECTION('',(-8.68240965326E-02,-0.866025378186,0.49240392017)
  );
#1421 = ORIENTED_EDGE('',*,*,#1422,.T.);
#1422 = EDGE_CURVE('',#1414,#1423,#1425,.T.);
#1423 = VERTEX_POINT('',#1424);
#1424 = CARTESIAN_POINT('',(74.37928488748,-100.,4.3231296141));
#1425 = ELLIPSE('',#1426,461.88022900412,400.);
#1426 = AXIS2_PLACEMENT_3D('',#1427,#1428,#1429);
#1427 = CARTESIAN_POINT('',(-321.466967363,-50.,-36.1624000185));
#1428 = DIRECTION('',(0.150383728735,0.500000044338,-0.852868506743));
#1429 = DIRECTION('',(-8.68240965326E-02,0.866025378186,0.49240392017));
#1430 = ORIENTED_EDGE('',*,*,#1431,.F.);
#1431 = EDGE_CURVE('',#1432,#1423,#1434,.T.);
#1432 = VERTEX_POINT('',#1433);
#1433 = CARTESIAN_POINT('',(73.878005762061,-100.,7.166024804639));
#1434 = LINE('',#1435,#1436);
#1435 = CARTESIAN_POINT('',(74.12864532477,-100.,5.74457720937));
#1436 = VECTOR('',#1437,1.);
#1437 = DIRECTION('',(0.173648177667,0.,-0.984807753012));
#1438 = ORIENTED_EDGE('',*,*,#1439,.F.);
#1439 = EDGE_CURVE('',#1440,#1432,#1442,.T.);
#1440 = VERTEX_POINT('',#1441);
#1441 = CARTESIAN_POINT('',(73.691116689004,-75.,21.789493644403));
#1442 = ELLIPSE('',#1443,461.88022900412,400.);
#1443 = AXIS2_PLACEMENT_3D('',#1444,#1445,#1446);
#1444 = CARTESIAN_POINT('',(-321.9682464884,-50.,-33.31950482796));
#1445 = DIRECTION('',(0.150383728735,0.500000044338,-0.852868506743));
#1446 = DIRECTION('',(-8.68240965326E-02,0.866025378186,0.49240392017));
#1447 = ORIENTED_EDGE('',*,*,#1448,.F.);
#1448 = EDGE_CURVE('',#1449,#1440,#1451,.T.);
#1449 = VERTEX_POINT('',#1450);
#1450 = CARTESIAN_POINT('',(76.967646415151,-50.,7.710811812473));
#1451 = ELLIPSE('',#1452,461.88022900412,400.);
#1452 = AXIS2_PLACEMENT_3D('',#1453,#1454,#1455);
#1453 = CARTESIAN_POINT('',(-316.9554547897,-50.,-61.74845925429));
#1454 = DIRECTION('',(0.150383728735,-0.500000044338,-0.852868506743));
#1455 = DIRECTION('',(-8.68240965326E-02,-0.866025378186,0.49240392017)
  );
#1456 = ORIENTED_EDGE('',*,*,#1457,.F.);
#1457 = EDGE_CURVE('',#1348,#1449,#1458,.T.);
#1458 = ELLIPSE('',#1459,461.88022900412,400.);
#1459 = AXIS2_PLACEMENT_3D('',#1460,#1461,#1462);
#1460 = CARTESIAN_POINT('',(-316.9554547897,-50.,-61.74845925429));
#1461 = DIRECTION('',(0.150383728735,0.500000044338,-0.852868506743));
#1462 = DIRECTION('',(-8.68240965326E-02,0.866025378186,0.49240392017));
#1463 = CYLINDRICAL_SURFACE('',#1464,400.);
#1464 = AXIS2_PLACEMENT_3D('',#1465,#1466,#1467);
#1465 = CARTESIAN_POINT('',(-320.1777787803,-50.,-43.47375178932));
#1466 = DIRECTION('',(-0.173648177667,-0.,0.984807753012));
#1467 = DIRECTION('',(0.,1.,0.));
#1468 = ADVANCED_FACE('',(#1469),#1487,.F.);
#1469 = FACE_BOUND('',#1470,.F.);
#1470 = EDGE_LOOP('',(#1471,#1472,#1473,#1481));
#1471 = ORIENTED_EDGE('',*,*,#1457,.F.);
#1472 = ORIENTED_EDGE('',*,*,#1372,.T.);
#1473 = ORIENTED_EDGE('',*,*,#1474,.T.);
#1474 = EDGE_CURVE('',#1365,#1475,#1477,.T.);
#1475 = VERTEX_POINT('',#1476);
#1476 = CARTESIAN_POINT('',(78.309640650616,-50.,7.947441604141));
#1477 = LINE('',#1478,#1479);
#1478 = CARTESIAN_POINT('',(75.803244801269,-25.,22.161918817308));
#1479 = VECTOR('',#1480,1.);
#1480 = DIRECTION('',(8.68240965326E-02,-0.866025378186,-0.49240392017)
  );
#1481 = ORIENTED_EDGE('',*,*,#1482,.F.);
#1482 = EDGE_CURVE('',#1449,#1475,#1483,.T.);
#1483 = LINE('',#1484,#1485);
#1484 = CARTESIAN_POINT('',(73.878005762061,-50.,7.166024804639));
#1485 = VECTOR('',#1486,1.);
#1486 = DIRECTION('',(0.984807753012,0.,0.173648177667));
#1487 = PLANE('',#1488);
#1488 = AXIS2_PLACEMENT_3D('',#1489,#1490,#1491);
#1489 = CARTESIAN_POINT('',(71.371609912714,-25.,21.380502017807));
#1490 = DIRECTION('',(0.150383728735,0.500000044338,-0.852868506743));
#1491 = DIRECTION('',(8.68240965326E-02,-0.866025378186,-0.49240392017)
  );
#1492 = ADVANCED_FACE('',(#1493),#1559,.T.);
#1493 = FACE_BOUND('',#1494,.T.);
#1494 = EDGE_LOOP('',(#1495,#1496,#1497,#1505,#1513,#1521,#1529,#1537,
    #1545,#1553));
#1495 = ORIENTED_EDGE('',*,*,#1364,.T.);
#1496 = ORIENTED_EDGE('',*,*,#1474,.T.);
#1497 = ORIENTED_EDGE('',*,*,#1498,.T.);
#1498 = EDGE_CURVE('',#1475,#1499,#1501,.T.);
#1499 = VERTEX_POINT('',#1500);
#1500 = CARTESIAN_POINT('',(75.803244801269,-75.,22.161918817308));
#1501 = LINE('',#1502,#1503);
#1502 = CARTESIAN_POINT('',(78.309640650616,-50.,7.947441604141));
#1503 = VECTOR('',#1504,1.);
#1504 = DIRECTION('',(-8.68240965326E-02,-0.866025378186,0.49240392017)
  );
#1505 = ORIENTED_EDGE('',*,*,#1506,.T.);
#1506 = EDGE_CURVE('',#1499,#1507,#1509,.T.);
#1507 = VERTEX_POINT('',#1508);
#1508 = CARTESIAN_POINT('',(78.309640650616,-100.,7.947441604141));
#1509 = LINE('',#1510,#1511);
#1510 = CARTESIAN_POINT('',(75.803244801269,-75.,22.161918817308));
#1511 = VECTOR('',#1512,1.);
#1512 = DIRECTION('',(8.68240965326E-02,-0.866025378186,-0.49240392017)
  );
#1513 = ORIENTED_EDGE('',*,*,#1514,.T.);
#1514 = EDGE_CURVE('',#1507,#1515,#1517,.T.);
#1515 = VERTEX_POINT('',#1516);
#1516 = CARTESIAN_POINT('',(78.810919776034,-100.,5.104546413601));
#1517 = LINE('',#1518,#1519);
#1518 = CARTESIAN_POINT('',(78.309640650616,-100.,7.947441604141));
#1519 = VECTOR('',#1520,1.);
#1520 = DIRECTION('',(0.173648177667,0.,-0.984807753012));
#1521 = ORIENTED_EDGE('',*,*,#1522,.F.);
#1522 = EDGE_CURVE('',#1523,#1515,#1525,.T.);
#1523 = VERTEX_POINT('',#1524);
#1524 = CARTESIAN_POINT('',(76.304523926687,-75.,19.319023626769));
#1525 = LINE('',#1526,#1527);
#1526 = CARTESIAN_POINT('',(78.748259874244,-99.37499994457,
    5.459908375442));
#1527 = VECTOR('',#1528,1.);
#1528 = DIRECTION('',(8.68240965326E-02,-0.866025378186,-0.49240392017)
  );
#1529 = ORIENTED_EDGE('',*,*,#1530,.T.);
#1530 = EDGE_CURVE('',#1523,#1531,#1533,.T.);
#1531 = VERTEX_POINT('',#1532);
#1532 = CARTESIAN_POINT('',(78.810919776034,-50.,5.104546413601));
#1533 = LINE('',#1534,#1535);
#1534 = CARTESIAN_POINT('',(76.304523926687,-75.,19.319023626769));
#1535 = VECTOR('',#1536,1.);
#1536 = DIRECTION('',(8.68240965326E-02,0.866025378186,-0.49240392017));
#1537 = ORIENTED_EDGE('',*,*,#1538,.T.);
#1538 = EDGE_CURVE('',#1531,#1539,#1541,.T.);
#1539 = VERTEX_POINT('',#1540);
#1540 = CARTESIAN_POINT('',(76.304523926687,-25.,19.319023626769));
#1541 = LINE('',#1542,#1543);
#1542 = CARTESIAN_POINT('',(78.810919776034,-50.,5.104546413601));
#1543 = VECTOR('',#1544,1.);
#1544 = DIRECTION('',(-8.68240965326E-02,0.866025378186,0.49240392017));
#1545 = ORIENTED_EDGE('',*,*,#1546,.T.);
#1546 = EDGE_CURVE('',#1539,#1547,#1549,.T.);
#1547 = VERTEX_POINT('',#1548);
#1548 = CARTESIAN_POINT('',(78.810919776034,0.,5.104546413601));
#1549 = LINE('',#1550,#1551);
#1550 = CARTESIAN_POINT('',(76.304523926687,-25.,19.319023626769));
#1551 = VECTOR('',#1552,1.);
#1552 = DIRECTION('',(8.68240965326E-02,0.866025378186,-0.49240392017));
#1553 = ORIENTED_EDGE('',*,*,#1554,.T.);
#1554 = EDGE_CURVE('',#1547,#1357,#1555,.T.);
#1555 = LINE('',#1556,#1557);
#1556 = CARTESIAN_POINT('',(78.810919776034,0.,5.104546413601));
#1557 = VECTOR('',#1558,1.);
#1558 = DIRECTION('',(-0.173648177667,0.,0.984807753012));
#1559 = PLANE('',#1560);
#1560 = AXIS2_PLACEMENT_3D('',#1561,#1562,#1563);
#1561 = CARTESIAN_POINT('',(77.337648091692,-50.,13.459885332367));
#1562 = DIRECTION('',(0.984807753012,0.,0.173648177667));
#1563 = DIRECTION('',(0.173648177667,0.,-0.984807753012));
#1564 = ADVANCED_FACE('',(#1565),#1576,.T.);
#1565 = FACE_BOUND('',#1566,.T.);
#1566 = EDGE_LOOP('',(#1567,#1573,#1574,#1575));
#1567 = ORIENTED_EDGE('',*,*,#1568,.F.);
#1568 = EDGE_CURVE('',#1388,#1547,#1569,.T.);
#1569 = LINE('',#1570,#1571);
#1570 = CARTESIAN_POINT('',(74.37928488748,0.,4.3231296141));
#1571 = VECTOR('',#1572,1.);
#1572 = DIRECTION('',(0.984807753012,0.,0.173648177667));
#1573 = ORIENTED_EDGE('',*,*,#1387,.F.);
#1574 = ORIENTED_EDGE('',*,*,#1356,.T.);
#1575 = ORIENTED_EDGE('',*,*,#1554,.F.);
#1576 = PLANE('',#1577);
#1577 = AXIS2_PLACEMENT_3D('',#1578,#1579,#1580);
#1578 = CARTESIAN_POINT('',(76.344462769048,0.,6.13528560912));
#1579 = DIRECTION('',(0.,1.,0.));
#1580 = DIRECTION('',(0.984807753012,0.,0.173648177667));
#1581 = ADVANCED_FACE('',(#1582),#1593,.F.);
#1582 = FACE_BOUND('',#1583,.F.);
#1583 = EDGE_LOOP('',(#1584,#1585,#1586,#1587));
#1584 = ORIENTED_EDGE('',*,*,#1448,.F.);
#1585 = ORIENTED_EDGE('',*,*,#1482,.T.);
#1586 = ORIENTED_EDGE('',*,*,#1498,.T.);
#1587 = ORIENTED_EDGE('',*,*,#1588,.F.);
#1588 = EDGE_CURVE('',#1440,#1499,#1589,.T.);
#1589 = LINE('',#1590,#1591);
#1590 = CARTESIAN_POINT('',(71.371609912714,-75.,21.380502017807));
#1591 = VECTOR('',#1592,1.);
#1592 = DIRECTION('',(0.984807753012,0.,0.173648177667));
#1593 = PLANE('',#1594);
#1594 = AXIS2_PLACEMENT_3D('',#1595,#1596,#1597);
#1595 = CARTESIAN_POINT('',(73.878005762061,-50.,7.166024804639));
#1596 = DIRECTION('',(0.150383728735,-0.500000044338,-0.852868506743));
#1597 = DIRECTION('',(-8.68240965326E-02,-0.866025378186,0.49240392017)
  );
#1598 = ADVANCED_FACE('',(#1599),#1610,.F.);
#1599 = FACE_BOUND('',#1600,.F.);
#1600 = EDGE_LOOP('',(#1601,#1602,#1603,#1604));
#1601 = ORIENTED_EDGE('',*,*,#1439,.F.);
#1602 = ORIENTED_EDGE('',*,*,#1588,.T.);
#1603 = ORIENTED_EDGE('',*,*,#1506,.T.);
#1604 = ORIENTED_EDGE('',*,*,#1605,.F.);
#1605 = EDGE_CURVE('',#1432,#1507,#1606,.T.);
#1606 = LINE('',#1607,#1608);
#1607 = CARTESIAN_POINT('',(73.878005762061,-100.,7.166024804639));
#1608 = VECTOR('',#1609,1.);
#1609 = DIRECTION('',(0.984807753012,0.,0.173648177667));
#1610 = PLANE('',#1611);
#1611 = AXIS2_PLACEMENT_3D('',#1612,#1613,#1614);
#1612 = CARTESIAN_POINT('',(71.371609912714,-75.,21.380502017807));
#1613 = DIRECTION('',(0.150383728735,0.500000044338,-0.852868506743));
#1614 = DIRECTION('',(8.68240965326E-02,-0.866025378186,-0.49240392017)
  );
#1615 = ADVANCED_FACE('',(#1616),#1627,.T.);
#1616 = FACE_BOUND('',#1617,.T.);
#1617 = EDGE_LOOP('',(#1618,#1619,#1620,#1626));
#1618 = ORIENTED_EDGE('',*,*,#1605,.F.);
#1619 = ORIENTED_EDGE('',*,*,#1431,.T.);
#1620 = ORIENTED_EDGE('',*,*,#1621,.T.);
#1621 = EDGE_CURVE('',#1423,#1515,#1622,.T.);
#1622 = LINE('',#1623,#1624);
#1623 = CARTESIAN_POINT('',(74.37928488748,-100.,4.3231296141));
#1624 = VECTOR('',#1625,1.);
#1625 = DIRECTION('',(0.984807753012,0.,0.173648177667));
#1626 = ORIENTED_EDGE('',*,*,#1514,.F.);
#1627 = PLANE('',#1628);
#1628 = AXIS2_PLACEMENT_3D('',#1629,#1630,#1631);
#1629 = CARTESIAN_POINT('',(76.344462769048,-100.,6.13528560912));
#1630 = DIRECTION('',(-0.,-1.,0.));
#1631 = DIRECTION('',(-0.984807753012,0.,-0.173648177667));
#1632 = ADVANCED_FACE('',(#1633),#1644,.T.);
#1633 = FACE_BOUND('',#1634,.T.);
#1634 = EDGE_LOOP('',(#1635,#1636,#1637,#1643));
#1635 = ORIENTED_EDGE('',*,*,#1621,.F.);
#1636 = ORIENTED_EDGE('',*,*,#1422,.F.);
#1637 = ORIENTED_EDGE('',*,*,#1638,.T.);
#1638 = EDGE_CURVE('',#1414,#1523,#1639,.T.);
#1639 = LINE('',#1640,#1641);
#1640 = CARTESIAN_POINT('',(71.872889038132,-75.,18.537606827268));
#1641 = VECTOR('',#1642,1.);
#1642 = DIRECTION('',(0.984807753012,0.,0.173648177667));
#1643 = ORIENTED_EDGE('',*,*,#1522,.T.);
#1644 = PLANE('',#1645);
#1645 = AXIS2_PLACEMENT_3D('',#1646,#1647,#1648);
#1646 = CARTESIAN_POINT('',(75.341904407083,-87.5,11.821076620434));
#1647 = DIRECTION('',(0.150383728735,0.500000044338,-0.852868506743));
#1648 = DIRECTION('',(-8.68240965326E-02,0.866025378186,0.49240392017));
#1649 = ADVANCED_FACE('',(#1650),#1661,.F.);
#1650 = FACE_BOUND('',#1651,.F.);
#1651 = EDGE_LOOP('',(#1652,#1653,#1654,#1655));
#1652 = ORIENTED_EDGE('',*,*,#1413,.F.);
#1653 = ORIENTED_EDGE('',*,*,#1638,.T.);
#1654 = ORIENTED_EDGE('',*,*,#1530,.T.);
#1655 = ORIENTED_EDGE('',*,*,#1656,.F.);
#1656 = EDGE_CURVE('',#1405,#1531,#1657,.T.);
#1657 = LINE('',#1658,#1659);
#1658 = CARTESIAN_POINT('',(74.37928488748,-50.,4.3231296141));
#1659 = VECTOR('',#1660,1.);
#1660 = DIRECTION('',(0.984807753012,0.,0.173648177667));
#1661 = PLANE('',#1662);
#1662 = AXIS2_PLACEMENT_3D('',#1663,#1664,#1665);
#1663 = CARTESIAN_POINT('',(71.872889038132,-75.,18.537606827268));
#1664 = DIRECTION('',(-0.150383728735,0.500000044338,0.852868506743));
#1665 = DIRECTION('',(8.68240965326E-02,0.866025378186,-0.49240392017));
#1666 = ADVANCED_FACE('',(#1667),#1678,.F.);
#1667 = FACE_BOUND('',#1668,.F.);
#1668 = EDGE_LOOP('',(#1669,#1670,#1671,#1672));
#1669 = ORIENTED_EDGE('',*,*,#1404,.F.);
#1670 = ORIENTED_EDGE('',*,*,#1656,.T.);
#1671 = ORIENTED_EDGE('',*,*,#1538,.T.);
#1672 = ORIENTED_EDGE('',*,*,#1673,.F.);
#1673 = EDGE_CURVE('',#1396,#1539,#1674,.T.);
#1674 = LINE('',#1675,#1676);
#1675 = CARTESIAN_POINT('',(71.872889038132,-25.,18.537606827268));
#1676 = VECTOR('',#1677,1.);
#1677 = DIRECTION('',(0.984807753012,0.,0.173648177667));
#1678 = PLANE('',#1679);
#1679 = AXIS2_PLACEMENT_3D('',#1680,#1681,#1682);
#1680 = CARTESIAN_POINT('',(74.37928488748,-50.,4.3231296141));
#1681 = DIRECTION('',(-0.150383728735,-0.500000044338,0.852868506743));
#1682 = DIRECTION('',(-8.68240965326E-02,0.866025378186,0.49240392017));
#1683 = ADVANCED_FACE('',(#1684),#1690,.T.);
#1684 = FACE_BOUND('',#1685,.T.);
#1685 = EDGE_LOOP('',(#1686,#1687,#1688,#1689));
#1686 = ORIENTED_EDGE('',*,*,#1673,.F.);
#1687 = ORIENTED_EDGE('',*,*,#1395,.F.);
#1688 = ORIENTED_EDGE('',*,*,#1568,.T.);
#1689 = ORIENTED_EDGE('',*,*,#1546,.F.);
#1690 = PLANE('',#1691);
#1691 = AXIS2_PLACEMENT_3D('',#1692,#1693,#1694);
#1692 = CARTESIAN_POINT('',(75.341904407083,-12.5,11.821076620434));
#1693 = DIRECTION('',(0.150383728735,-0.500000044338,-0.852868506743));
#1694 = DIRECTION('',(8.68240965326E-02,0.866025378186,-0.49240392017));
#1695 = MANIFOLD_SOLID_BREP('',#1696);
#1696 = CLOSED_SHELL('',(#1697,#1738,#1824,#1848,#1920,#1937,#1954,#1971
    ,#1988,#2005,#2022,#2039));
#1697 = ADVANCED_FACE('',(#1698),#1733,.F.);
#1698 = FACE_BOUND('',#1699,.F.);
#1699 = EDGE_LOOP('',(#1700,#1711,#1719,#1727));
#1700 = ORIENTED_EDGE('',*,*,#1701,.F.);
#1701 = EDGE_CURVE('',#1702,#1704,#1706,.T.);
#1702 = VERTEX_POINT('',#1703);
#1703 = CARTESIAN_POINT('',(61.200067737867,0.,-41.99837325135));
#1704 = VERTEX_POINT('',#1705);
#1705 = CARTESIAN_POINT('',(70.45668698281,-25.,-30.67601622698));
#1706 = ELLIPSE('',#1707,461.88022900412,400.);
#1707 = AXIS2_PLACEMENT_3D('',#1708,#1709,#1710);
#1708 = CARTESIAN_POINT('',(-268.0593509475,-50.,181.43297803432));
#1709 = DIRECTION('',(-0.433012689093,-0.500000044338,-0.749999977831));
#1710 = DIRECTION('',(0.250000022169,-0.866025378186,0.43301274029));
#1711 = ORIENTED_EDGE('',*,*,#1712,.T.);
#1712 = EDGE_CURVE('',#1702,#1713,#1715,.T.);
#1713 = VERTEX_POINT('',#1714);
#1714 = CARTESIAN_POINT('',(65.097182054897,0.,-44.24837325135));
#1715 = LINE('',#1716,#1717);
#1716 = CARTESIAN_POINT('',(61.200067737867,0.,-41.99837325135));
#1717 = VECTOR('',#1718,1.);
#1718 = DIRECTION('',(0.866025403784,0.,-0.5));
#1719 = ORIENTED_EDGE('',*,*,#1720,.T.);
#1720 = EDGE_CURVE('',#1713,#1721,#1723,.T.);
#1721 = VERTEX_POINT('',#1722);
#1722 = CARTESIAN_POINT('',(72.314061273044,-25.,-31.74837177343));
#1723 = LINE('',#1724,#1725);
#1724 = CARTESIAN_POINT('',(65.097182054897,0.,-44.24837325135));
#1725 = VECTOR('',#1726,1.);
#1726 = DIRECTION('',(0.250000022169,-0.866025378186,0.43301274029));
#1727 = ORIENTED_EDGE('',*,*,#1728,.F.);
#1728 = EDGE_CURVE('',#1704,#1721,#1729,.T.);
#1729 = LINE('',#1730,#1731);
#1730 = CARTESIAN_POINT('',(68.416946956014,-25.,-29.49837177343));
#1731 = VECTOR('',#1732,1.);
#1732 = DIRECTION('',(0.866025403784,0.,-0.5));
#1733 = PLANE('',#1734);
#1734 = AXIS2_PLACEMENT_3D('',#1735,#1736,#1737);
#1735 = CARTESIAN_POINT('',(61.200067737867,0.,-41.99837325135));
#1736 = DIRECTION('',(-0.433012689093,-0.500000044338,-0.749999977831));
#1737 = DIRECTION('',(0.250000022169,-0.866025378186,0.43301274029));
#1738 = ADVANCED_FACE('',(#1739),#1819,.F.);
#1739 = FACE_BOUND('',#1740,.T.);
#1740 = EDGE_LOOP('',(#1741,#1742,#1750,#1759,#1768,#1777,#1786,#1794,
    #1803,#1812));
#1741 = ORIENTED_EDGE('',*,*,#1701,.F.);
#1742 = ORIENTED_EDGE('',*,*,#1743,.T.);
#1743 = EDGE_CURVE('',#1702,#1744,#1746,.T.);
#1744 = VERTEX_POINT('',#1745);
#1745 = CARTESIAN_POINT('',(59.75669202223,0.,-44.49837332525));
#1746 = LINE('',#1747,#1748);
#1747 = CARTESIAN_POINT('',(61.200067737867,0.,-41.99837325135));
#1748 = VECTOR('',#1749,1.);
#1749 = DIRECTION('',(-0.5,0.,-0.866025403784));
#1750 = ORIENTED_EDGE('',*,*,#1751,.T.);
#1751 = EDGE_CURVE('',#1744,#1752,#1754,.T.);
#1752 = VERTEX_POINT('',#1753);
#1753 = CARTESIAN_POINT('',(69.013311267172,-25.,-33.17601630088));
#1754 = ELLIPSE('',#1755,461.88022900412,400.);
#1755 = AXIS2_PLACEMENT_3D('',#1756,#1757,#1758);
#1756 = CARTESIAN_POINT('',(-269.5027266631,-50.,178.93297796042));
#1757 = DIRECTION('',(-0.433012689093,-0.500000044338,-0.749999977831));
#1758 = DIRECTION('',(0.250000022169,-0.866025378186,0.43301274029));
#1759 = ORIENTED_EDGE('',*,*,#1760,.F.);
#1760 = EDGE_CURVE('',#1761,#1752,#1763,.T.);
#1761 = VERTEX_POINT('',#1762);
#1762 = CARTESIAN_POINT('',(62.473676414317,-50.,-46.0670249954));
#1763 = ELLIPSE('',#1764,461.88022900412,400.);
#1764 = AXIS2_PLACEMENT_3D('',#1765,#1766,#1767);
#1765 = CARTESIAN_POINT('',(-283.9364850994,-50.,153.93297500459));
#1766 = DIRECTION('',(0.433012689093,-0.500000044338,0.749999977831));
#1767 = DIRECTION('',(0.250000022169,0.866025378186,0.43301274029));
#1768 = ORIENTED_EDGE('',*,*,#1769,.F.);
#1769 = EDGE_CURVE('',#1770,#1761,#1772,.T.);
#1770 = VERTEX_POINT('',#1771);
#1771 = CARTESIAN_POINT('',(69.013311267172,-75.,-33.17601630088));
#1772 = ELLIPSE('',#1773,461.88022900412,400.);
#1773 = AXIS2_PLACEMENT_3D('',#1774,#1775,#1776);
#1774 = CARTESIAN_POINT('',(-283.9364850994,-50.,153.93297500459));
#1775 = DIRECTION('',(0.433012689093,0.500000044338,0.749999977831));
#1776 = DIRECTION('',(0.250000022169,-0.866025378186,0.43301274029));
#1777 = ORIENTED_EDGE('',*,*,#1778,.T.);
#1778 = EDGE_CURVE('',#1770,#1779,#1781,.T.);
#1779 = VERTEX_POINT('',#1780);
#1780 = CARTESIAN_POINT('',(59.75669202223,-100.,-44.49837332525));
#1781 = ELLIPSE('',#1782,461.88022900412,400.);
#1782 = AXIS2_PLACEMENT_3D('',#1783,#1784,#1785);
#1783 = CARTESIAN_POINT('',(-269.5027266631,-50.,178.93297796042));
#1784 = DIRECTION('',(-0.433012689093,0.500000044338,-0.749999977831));
#1785 = DIRECTION('',(0.250000022169,0.866025378186,0.43301274029));
#1786 = ORIENTED_EDGE('',*,*,#1787,.F.);
#1787 = EDGE_CURVE('',#1788,#1779,#1790,.T.);
#1788 = VERTEX_POINT('',#1789);
#1789 = CARTESIAN_POINT('',(61.200067737867,-100.,-41.99837325135));
#1790 = LINE('',#1791,#1792);
#1791 = CARTESIAN_POINT('',(60.478379880048,-100.,-43.2483732883));
#1792 = VECTOR('',#1793,1.);
#1793 = DIRECTION('',(-0.5,0.,-0.866025403784));
#1794 = ORIENTED_EDGE('',*,*,#1795,.F.);
#1795 = EDGE_CURVE('',#1796,#1788,#1798,.T.);
#1796 = VERTEX_POINT('',#1797);
#1797 = CARTESIAN_POINT('',(70.45668698281,-75.,-30.67601622698));
#1798 = ELLIPSE('',#1799,461.88022900412,400.);
#1799 = AXIS2_PLACEMENT_3D('',#1800,#1801,#1802);
#1800 = CARTESIAN_POINT('',(-268.0593509475,-50.,181.43297803432));
#1801 = DIRECTION('',(-0.433012689093,0.500000044338,-0.749999977831));
#1802 = DIRECTION('',(0.250000022169,0.866025378186,0.43301274029));
#1803 = ORIENTED_EDGE('',*,*,#1804,.F.);
#1804 = EDGE_CURVE('',#1805,#1796,#1807,.T.);
#1805 = VERTEX_POINT('',#1806);
#1806 = CARTESIAN_POINT('',(63.917052129955,-50.,-43.56702492151));
#1807 = ELLIPSE('',#1808,461.88022900412,400.);
#1808 = AXIS2_PLACEMENT_3D('',#1809,#1810,#1811);
#1809 = CARTESIAN_POINT('',(-282.4931093838,-50.,156.43297507848));
#1810 = DIRECTION('',(-0.433012689093,-0.500000044338,-0.749999977831));
#1811 = DIRECTION('',(0.250000022169,-0.866025378186,0.43301274029));
#1812 = ORIENTED_EDGE('',*,*,#1813,.F.);
#1813 = EDGE_CURVE('',#1704,#1805,#1814,.T.);
#1814 = ELLIPSE('',#1815,461.88022900412,400.);
#1815 = AXIS2_PLACEMENT_3D('',#1816,#1817,#1818);
#1816 = CARTESIAN_POINT('',(-282.4931093838,-50.,156.43297507848));
#1817 = DIRECTION('',(-0.433012689093,0.500000044338,-0.749999977831));
#1818 = DIRECTION('',(0.250000022169,0.866025378186,0.43301274029));
#1819 = CYLINDRICAL_SURFACE('',#1820,400.);
#1820 = AXIS2_PLACEMENT_3D('',#1821,#1822,#1823);
#1821 = CARTESIAN_POINT('',(-273.2147972416,-50.,172.50348311722));
#1822 = DIRECTION('',(0.5,-0.,0.866025403784));
#1823 = DIRECTION('',(0.,1.,0.));
#1824 = ADVANCED_FACE('',(#1825),#1843,.F.);
#1825 = FACE_BOUND('',#1826,.F.);
#1826 = EDGE_LOOP('',(#1827,#1828,#1829,#1837));
#1827 = ORIENTED_EDGE('',*,*,#1813,.F.);
#1828 = ORIENTED_EDGE('',*,*,#1728,.T.);
#1829 = ORIENTED_EDGE('',*,*,#1830,.T.);
#1830 = EDGE_CURVE('',#1721,#1831,#1833,.T.);
#1831 = VERTEX_POINT('',#1832);
#1832 = CARTESIAN_POINT('',(65.097182054897,-50.,-44.24837325135));
#1833 = LINE('',#1834,#1835);
#1834 = CARTESIAN_POINT('',(72.314061273044,-25.,-31.74837177343));
#1835 = VECTOR('',#1836,1.);
#1836 = DIRECTION('',(-0.250000022169,-0.866025378186,-0.43301274029));
#1837 = ORIENTED_EDGE('',*,*,#1838,.F.);
#1838 = EDGE_CURVE('',#1805,#1831,#1839,.T.);
#1839 = LINE('',#1840,#1841);
#1840 = CARTESIAN_POINT('',(61.200067737867,-50.,-41.99837325135));
#1841 = VECTOR('',#1842,1.);
#1842 = DIRECTION('',(0.866025403784,0.,-0.5));
#1843 = PLANE('',#1844);
#1844 = AXIS2_PLACEMENT_3D('',#1845,#1846,#1847);
#1845 = CARTESIAN_POINT('',(68.416946956014,-25.,-29.49837177343));
#1846 = DIRECTION('',(-0.433012689093,0.500000044338,-0.749999977831));
#1847 = DIRECTION('',(-0.250000022169,-0.866025378186,-0.43301274029));
#1848 = ADVANCED_FACE('',(#1849),#1915,.T.);
#1849 = FACE_BOUND('',#1850,.T.);
#1850 = EDGE_LOOP('',(#1851,#1852,#1853,#1861,#1869,#1877,#1885,#1893,
    #1901,#1909));
#1851 = ORIENTED_EDGE('',*,*,#1720,.T.);
#1852 = ORIENTED_EDGE('',*,*,#1830,.T.);
#1853 = ORIENTED_EDGE('',*,*,#1854,.T.);
#1854 = EDGE_CURVE('',#1831,#1855,#1857,.T.);
#1855 = VERTEX_POINT('',#1856);
#1856 = CARTESIAN_POINT('',(72.314061273044,-75.,-31.74837177343));
#1857 = LINE('',#1858,#1859);
#1858 = CARTESIAN_POINT('',(65.097182054897,-50.,-44.24837325135));
#1859 = VECTOR('',#1860,1.);
#1860 = DIRECTION('',(0.250000022169,-0.866025378186,0.43301274029));
#1861 = ORIENTED_EDGE('',*,*,#1862,.T.);
#1862 = EDGE_CURVE('',#1855,#1863,#1865,.T.);
#1863 = VERTEX_POINT('',#1864);
#1864 = CARTESIAN_POINT('',(65.097182054897,-100.,-44.24837325135));
#1865 = LINE('',#1866,#1867);
#1866 = CARTESIAN_POINT('',(72.314061273044,-75.,-31.74837177343));
#1867 = VECTOR('',#1868,1.);
#1868 = DIRECTION('',(-0.250000022169,-0.866025378186,-0.43301274029));
#1869 = ORIENTED_EDGE('',*,*,#1870,.T.);
#1870 = EDGE_CURVE('',#1863,#1871,#1873,.T.);
#1871 = VERTEX_POINT('',#1872);
#1872 = CARTESIAN_POINT('',(63.65380633926,-100.,-46.74837332525));
#1873 = LINE('',#1874,#1875);
#1874 = CARTESIAN_POINT('',(65.097182054897,-100.,-44.24837325135));
#1875 = VECTOR('',#1876,1.);
#1876 = DIRECTION('',(-0.5,0.,-0.866025403784));
#1877 = ORIENTED_EDGE('',*,*,#1878,.F.);
#1878 = EDGE_CURVE('',#1879,#1871,#1881,.T.);
#1879 = VERTEX_POINT('',#1880);
#1880 = CARTESIAN_POINT('',(70.870685557406,-75.,-34.24837184733));
#1881 = LINE('',#1882,#1883);
#1882 = CARTESIAN_POINT('',(63.834228335712,-99.37499994457,
    -46.43587326059));
#1883 = VECTOR('',#1884,1.);
#1884 = DIRECTION('',(-0.250000022169,-0.866025378186,-0.43301274029));
#1885 = ORIENTED_EDGE('',*,*,#1886,.T.);
#1886 = EDGE_CURVE('',#1879,#1887,#1889,.T.);
#1887 = VERTEX_POINT('',#1888);
#1888 = CARTESIAN_POINT('',(63.65380633926,-50.,-46.74837332525));
#1889 = LINE('',#1890,#1891);
#1890 = CARTESIAN_POINT('',(70.870685557406,-75.,-34.24837184733));
#1891 = VECTOR('',#1892,1.);
#1892 = DIRECTION('',(-0.250000022169,0.866025378186,-0.43301274029));
#1893 = ORIENTED_EDGE('',*,*,#1894,.T.);
#1894 = EDGE_CURVE('',#1887,#1895,#1897,.T.);
#1895 = VERTEX_POINT('',#1896);
#1896 = CARTESIAN_POINT('',(70.870685557406,-25.,-34.24837184733));
#1897 = LINE('',#1898,#1899);
#1898 = CARTESIAN_POINT('',(63.65380633926,-50.,-46.74837332525));
#1899 = VECTOR('',#1900,1.);
#1900 = DIRECTION('',(0.250000022169,0.866025378186,0.43301274029));
#1901 = ORIENTED_EDGE('',*,*,#1902,.T.);
#1902 = EDGE_CURVE('',#1895,#1903,#1905,.T.);
#1903 = VERTEX_POINT('',#1904);
#1904 = CARTESIAN_POINT('',(63.65380633926,0.,-46.74837332525));
#1905 = LINE('',#1906,#1907);
#1906 = CARTESIAN_POINT('',(70.870685557406,-25.,-34.24837184733));
#1907 = VECTOR('',#1908,1.);
#1908 = DIRECTION('',(-0.250000022169,0.866025378186,-0.43301274029));
#1909 = ORIENTED_EDGE('',*,*,#1910,.T.);
#1910 = EDGE_CURVE('',#1903,#1713,#1911,.T.);
#1911 = LINE('',#1912,#1913);
#1912 = CARTESIAN_POINT('',(63.65380633926,0.,-46.74837332525));
#1913 = VECTOR('',#1914,1.);
#1914 = DIRECTION('',(0.5,0.,0.866025403784));
#1915 = PLANE('',#1916);
#1916 = AXIS2_PLACEMENT_3D('',#1917,#1918,#1919);
#1917 = CARTESIAN_POINT('',(67.895923083979,-50.,-39.40081159175));
#1918 = DIRECTION('',(0.866025403784,0.,-0.5));
#1919 = DIRECTION('',(-0.5,0.,-0.866025403784));
#1920 = ADVANCED_FACE('',(#1921),#1932,.T.);
#1921 = FACE_BOUND('',#1922,.T.);
#1922 = EDGE_LOOP('',(#1923,#1929,#1930,#1931));
#1923 = ORIENTED_EDGE('',*,*,#1924,.F.);
#1924 = EDGE_CURVE('',#1744,#1903,#1925,.T.);
#1925 = LINE('',#1926,#1927);
#1926 = CARTESIAN_POINT('',(59.75669202223,0.,-44.49837332525));
#1927 = VECTOR('',#1928,1.);
#1928 = DIRECTION('',(0.866025403784,0.,-0.5));
#1929 = ORIENTED_EDGE('',*,*,#1743,.F.);
#1930 = ORIENTED_EDGE('',*,*,#1712,.T.);
#1931 = ORIENTED_EDGE('',*,*,#1910,.F.);
#1932 = PLANE('',#1933);
#1933 = AXIS2_PLACEMENT_3D('',#1934,#1935,#1936);
#1934 = CARTESIAN_POINT('',(62.426937038563,0.,-44.3733732883));
#1935 = DIRECTION('',(0.,1.,0.));
#1936 = DIRECTION('',(0.866025403784,0.,-0.5));
#1937 = ADVANCED_FACE('',(#1938),#1949,.F.);
#1938 = FACE_BOUND('',#1939,.F.);
#1939 = EDGE_LOOP('',(#1940,#1941,#1942,#1943));
#1940 = ORIENTED_EDGE('',*,*,#1804,.F.);
#1941 = ORIENTED_EDGE('',*,*,#1838,.T.);
#1942 = ORIENTED_EDGE('',*,*,#1854,.T.);
#1943 = ORIENTED_EDGE('',*,*,#1944,.F.);
#1944 = EDGE_CURVE('',#1796,#1855,#1945,.T.);
#1945 = LINE('',#1946,#1947);
#1946 = CARTESIAN_POINT('',(68.416946956014,-75.,-29.49837177343));
#1947 = VECTOR('',#1948,1.);
#1948 = DIRECTION('',(0.866025403784,0.,-0.5));
#1949 = PLANE('',#1950);
#1950 = AXIS2_PLACEMENT_3D('',#1951,#1952,#1953);
#1951 = CARTESIAN_POINT('',(61.200067737867,-50.,-41.99837325135));
#1952 = DIRECTION('',(-0.433012689093,-0.500000044338,-0.749999977831));
#1953 = DIRECTION('',(0.250000022169,-0.866025378186,0.43301274029));
#1954 = ADVANCED_FACE('',(#1955),#1966,.F.);
#1955 = FACE_BOUND('',#1956,.F.);
#1956 = EDGE_LOOP('',(#1957,#1958,#1959,#1960));
#1957 = ORIENTED_EDGE('',*,*,#1795,.F.);
#1958 = ORIENTED_EDGE('',*,*,#1944,.T.);
#1959 = ORIENTED_EDGE('',*,*,#1862,.T.);
#1960 = ORIENTED_EDGE('',*,*,#1961,.F.);
#1961 = EDGE_CURVE('',#1788,#1863,#1962,.T.);
#1962 = LINE('',#1963,#1964);
#1963 = CARTESIAN_POINT('',(61.200067737867,-100.,-41.99837325135));
#1964 = VECTOR('',#1965,1.);
#1965 = DIRECTION('',(0.866025403784,0.,-0.5));
#1966 = PLANE('',#1967);
#1967 = AXIS2_PLACEMENT_3D('',#1968,#1969,#1970);
#1968 = CARTESIAN_POINT('',(68.416946956014,-75.,-29.49837177343));
#1969 = DIRECTION('',(-0.433012689093,0.500000044338,-0.749999977831));
#1970 = DIRECTION('',(-0.250000022169,-0.866025378186,-0.43301274029));
#1971 = ADVANCED_FACE('',(#1972),#1983,.T.);
#1972 = FACE_BOUND('',#1973,.T.);
#1973 = EDGE_LOOP('',(#1974,#1975,#1976,#1982));
#1974 = ORIENTED_EDGE('',*,*,#1961,.F.);
#1975 = ORIENTED_EDGE('',*,*,#1787,.T.);
#1976 = ORIENTED_EDGE('',*,*,#1977,.T.);
#1977 = EDGE_CURVE('',#1779,#1871,#1978,.T.);
#1978 = LINE('',#1979,#1980);
#1979 = CARTESIAN_POINT('',(59.75669202223,-100.,-44.49837332525));
#1980 = VECTOR('',#1981,1.);
#1981 = DIRECTION('',(0.866025403784,0.,-0.5));
#1982 = ORIENTED_EDGE('',*,*,#1870,.F.);
#1983 = PLANE('',#1984);
#1984 = AXIS2_PLACEMENT_3D('',#1985,#1986,#1987);
#1985 = CARTESIAN_POINT('',(62.426937038563,-100.,-44.3733732883));
#1986 = DIRECTION('',(0.,-1.,0.));
#1987 = DIRECTION('',(-0.866025403784,0.,0.5));
#1988 = ADVANCED_FACE('',(#1989),#2000,.T.);
#1989 = FACE_BOUND('',#1990,.T.);
#1990 = EDGE_LOOP('',(#1991,#1992,#1993,#1999));
#1991 = ORIENTED_EDGE('',*,*,#1977,.F.);
#1992 = ORIENTED_EDGE('',*,*,#1778,.F.);
#1993 = ORIENTED_EDGE('',*,*,#1994,.T.);
#1994 = EDGE_CURVE('',#1770,#1879,#1995,.T.);
#1995 = LINE('',#1996,#1997);
#1996 = CARTESIAN_POINT('',(66.973571240377,-75.,-31.99837184733));
#1997 = VECTOR('',#1998,1.);
#1998 = DIRECTION('',(0.866025403784,0.,-0.5));
#1999 = ORIENTED_EDGE('',*,*,#1878,.T.);
#2000 = PLANE('',#2001);
#2001 = AXIS2_PLACEMENT_3D('',#2002,#2003,#2004);
#2002 = CARTESIAN_POINT('',(65.313688789818,-87.5,-39.37337258629));
#2003 = DIRECTION('',(-0.433012689093,0.500000044338,-0.749999977831));
#2004 = DIRECTION('',(0.250000022169,0.866025378186,0.43301274029));
#2005 = ADVANCED_FACE('',(#2006),#2017,.F.);
#2006 = FACE_BOUND('',#2007,.F.);
#2007 = EDGE_LOOP('',(#2008,#2009,#2010,#2011));
#2008 = ORIENTED_EDGE('',*,*,#1769,.F.);
#2009 = ORIENTED_EDGE('',*,*,#1994,.T.);
#2010 = ORIENTED_EDGE('',*,*,#1886,.T.);
#2011 = ORIENTED_EDGE('',*,*,#2012,.F.);
#2012 = EDGE_CURVE('',#1761,#1887,#2013,.T.);
#2013 = LINE('',#2014,#2015);
#2014 = CARTESIAN_POINT('',(59.75669202223,-50.,-44.49837332525));
#2015 = VECTOR('',#2016,1.);
#2016 = DIRECTION('',(0.866025403784,0.,-0.5));
#2017 = PLANE('',#2018);
#2018 = AXIS2_PLACEMENT_3D('',#2019,#2020,#2021);
#2019 = CARTESIAN_POINT('',(66.973571240377,-75.,-31.99837184733));
#2020 = DIRECTION('',(0.433012689093,0.500000044338,0.749999977831));
#2021 = DIRECTION('',(-0.250000022169,0.866025378186,-0.43301274029));
#2022 = ADVANCED_FACE('',(#2023),#2034,.F.);
#2023 = FACE_BOUND('',#2024,.F.);
#2024 = EDGE_LOOP('',(#2025,#2026,#2027,#2028));
#2025 = ORIENTED_EDGE('',*,*,#1760,.F.);
#2026 = ORIENTED_EDGE('',*,*,#2012,.T.);
#2027 = ORIENTED_EDGE('',*,*,#1894,.T.);
#2028 = ORIENTED_EDGE('',*,*,#2029,.F.);
#2029 = EDGE_CURVE('',#1752,#1895,#2030,.T.);
#2030 = LINE('',#2031,#2032);
#2031 = CARTESIAN_POINT('',(66.973571240377,-25.,-31.99837184733));
#2032 = VECTOR('',#2033,1.);
#2033 = DIRECTION('',(0.866025403784,0.,-0.5));
#2034 = PLANE('',#2035);
#2035 = AXIS2_PLACEMENT_3D('',#2036,#2037,#2038);
#2036 = CARTESIAN_POINT('',(59.75669202223,-50.,-44.49837332525));
#2037 = DIRECTION('',(0.433012689093,-0.500000044338,0.749999977831));
#2038 = DIRECTION('',(0.250000022169,0.866025378186,0.43301274029));
#2039 = ADVANCED_FACE('',(#2040),#2046,.T.);
#2040 = FACE_BOUND('',#2041,.T.);
#2041 = EDGE_LOOP('',(#2042,#2043,#2044,#2045));
#2042 = ORIENTED_EDGE('',*,*,#2029,.F.);
#2043 = ORIENTED_EDGE('',*,*,#1751,.F.);
#2044 = ORIENTED_EDGE('',*,*,#1924,.T.);
#2045 = ORIENTED_EDGE('',*,*,#1902,.F.);
#2046 = PLANE('',#2047);
#2047 = AXIS2_PLACEMENT_3D('',#2048,#2049,#2050);
#2048 = CARTESIAN_POINT('',(65.313688789818,-12.5,-39.37337258629));
#2049 = DIRECTION('',(-0.433012689093,-0.500000044338,-0.749999977831));
#2050 = DIRECTION('',(-0.250000022169,0.866025378186,-0.43301274029));
#2051 = MANIFOLD_SOLID_BREP('',#2052);
#2052 = CLOSED_SHELL('',(#2053,#2094,#2180,#2204,#2276,#2293,#2310,#2327
    ,#2344,#2361,#2378,#2395));
#2053 = ADVANCED_FACE('',(#2054),#2089,.F.);
#2054 = FACE_BOUND('',#2055,.F.);
#2055 = EDGE_LOOP('',(#2056,#2067,#2075,#2083));
#2056 = ORIENTED_EDGE('',*,*,#2057,.F.);
#2057 = EDGE_CURVE('',#2058,#2060,#2062,.T.);
#2058 = VERTEX_POINT('',#2059);
#2059 = CARTESIAN_POINT('',(19.885937856136,0.,-71.51126570311));
#2060 = VERTEX_POINT('',#2061);
#2061 = CARTESIAN_POINT('',(34.254790398505,-25.,-68.78787717982));
#2062 = ELLIPSE('',#2063,461.88022900412,400.);
#2063 = AXIS2_PLACEMENT_3D('',#2064,#2065,#2066);
#2064 = CARTESIAN_POINT('',(-88.72250595043,-50.,311.2909540714));
#2065 = DIRECTION('',(-0.813797657295,-0.500000044338,-0.296198123971));
#2066 = DIRECTION('',(0.469846352057,-0.866025378186,0.171010086827));
#2067 = ORIENTED_EDGE('',*,*,#2068,.T.);
#2068 = EDGE_CURVE('',#2058,#2069,#2071,.T.);
#2069 = VERTEX_POINT('',#2070);
#2070 = CARTESIAN_POINT('',(21.425028501101,0.,-75.73988249665));
#2071 = LINE('',#2072,#2073);
#2072 = CARTESIAN_POINT('',(19.885937856136,0.,-71.51126570311));
#2073 = VECTOR('',#2074,1.);
#2074 = DIRECTION('',(0.342020143326,0.,-0.939692620786));
#2075 = ORIENTED_EDGE('',*,*,#2076,.T.);
#2076 = EDGE_CURVE('',#2069,#2077,#2079,.T.);
#2077 = VERTEX_POINT('',#2078);
#2078 = CARTESIAN_POINT('',(34.988324793893,-25.,-70.80324636754));
#2079 = LINE('',#2080,#2081);
#2080 = CARTESIAN_POINT('',(21.425028501101,0.,-75.73988249665));
#2081 = VECTOR('',#2082,1.);
#2082 = DIRECTION('',(0.469846352057,-0.866025378186,0.171010086827));
#2083 = ORIENTED_EDGE('',*,*,#2084,.F.);
#2084 = EDGE_CURVE('',#2060,#2077,#2085,.T.);
#2085 = LINE('',#2086,#2087);
#2086 = CARTESIAN_POINT('',(33.449234148927,-25.,-66.574629574));
#2087 = VECTOR('',#2088,1.);
#2088 = DIRECTION('',(0.342020143326,0.,-0.939692620786));
#2089 = PLANE('',#2090);
#2090 = AXIS2_PLACEMENT_3D('',#2091,#2092,#2093);
#2091 = CARTESIAN_POINT('',(19.885937856136,0.,-71.51126570311));
#2092 = DIRECTION('',(-0.813797657295,-0.500000044338,-0.296198123971));
#2093 = DIRECTION('',(0.469846352057,-0.866025378186,0.171010086827));
#2094 = ADVANCED_FACE('',(#2095),#2175,.F.);
#2095 = FACE_BOUND('',#2096,.T.);
#2096 = EDGE_LOOP('',(#2097,#2098,#2106,#2115,#2124,#2133,#2142,#2150,
    #2159,#2168));
#2097 = ORIENTED_EDGE('',*,*,#2057,.F.);
#2098 = ORIENTED_EDGE('',*,*,#2099,.T.);
#2099 = EDGE_CURVE('',#2058,#2100,#2102,.T.);
#2100 = VERTEX_POINT('',#2101);
#2101 = CARTESIAN_POINT('',(17.173278838123,0.,-72.49859284138));
#2102 = LINE('',#2103,#2104);
#2103 = CARTESIAN_POINT('',(19.885937856136,0.,-71.51126570311));
#2104 = VECTOR('',#2105,1.);
#2105 = DIRECTION('',(-0.939692620786,0.,-0.342020143326));
#2106 = ORIENTED_EDGE('',*,*,#2107,.T.);
#2107 = EDGE_CURVE('',#2100,#2108,#2110,.T.);
#2108 = VERTEX_POINT('',#2109);
#2109 = CARTESIAN_POINT('',(31.542131380492,-25.,-69.77520431809));
#2110 = ELLIPSE('',#2111,461.88022900412,400.);
#2111 = AXIS2_PLACEMENT_3D('',#2112,#2113,#2114);
#2112 = CARTESIAN_POINT('',(-91.43516496845,-50.,310.30362693313));
#2113 = DIRECTION('',(-0.813797657295,-0.500000044338,-0.296198123971));
#2114 = DIRECTION('',(0.469846352057,-0.866025378186,0.171010086827));
#2115 = ORIENTED_EDGE('',*,*,#2116,.F.);
#2116 = EDGE_CURVE('',#2117,#2108,#2119,.T.);
#2117 = VERTEX_POINT('',#2118);
#2118 = CARTESIAN_POINT('',(18.246299776232,-50.,-75.44669363944));
#2119 = ELLIPSE('',#2120,461.88022900412,400.);
#2120 = AXIS2_PLACEMENT_3D('',#2121,#2122,#2123);
#2121 = CARTESIAN_POINT('',(-118.561757554,-50.,300.43035467491));
#2122 = DIRECTION('',(0.813797657295,-0.500000044338,0.296198123971));
#2123 = DIRECTION('',(0.469846352057,0.866025378186,0.171010086827));
#2124 = ORIENTED_EDGE('',*,*,#2125,.F.);
#2125 = EDGE_CURVE('',#2126,#2117,#2128,.T.);
#2126 = VERTEX_POINT('',#2127);
#2127 = CARTESIAN_POINT('',(31.542131380492,-75.,-69.77520431809));
#2128 = ELLIPSE('',#2129,461.88022900412,400.);
#2129 = AXIS2_PLACEMENT_3D('',#2130,#2131,#2132);
#2130 = CARTESIAN_POINT('',(-118.561757554,-50.,300.43035467491));
#2131 = DIRECTION('',(0.813797657295,0.500000044338,0.296198123971));
#2132 = DIRECTION('',(0.469846352057,-0.866025378186,0.171010086827));
#2133 = ORIENTED_EDGE('',*,*,#2134,.T.);
#2134 = EDGE_CURVE('',#2126,#2135,#2137,.T.);
#2135 = VERTEX_POINT('',#2136);
#2136 = CARTESIAN_POINT('',(17.173278838123,-100.,-72.49859284138));
#2137 = ELLIPSE('',#2138,461.88022900412,400.);
#2138 = AXIS2_PLACEMENT_3D('',#2139,#2140,#2141);
#2139 = CARTESIAN_POINT('',(-91.43516496845,-50.,310.30362693313));
#2140 = DIRECTION('',(-0.813797657295,0.500000044338,-0.296198123971));
#2141 = DIRECTION('',(0.469846352057,0.866025378186,0.171010086827));
#2142 = ORIENTED_EDGE('',*,*,#2143,.F.);
#2143 = EDGE_CURVE('',#2144,#2135,#2146,.T.);
#2144 = VERTEX_POINT('',#2145);
#2145 = CARTESIAN_POINT('',(19.885937856136,-100.,-71.51126570311));
#2146 = LINE('',#2147,#2148);
#2147 = CARTESIAN_POINT('',(18.529608347129,-100.,-72.00492927225));
#2148 = VECTOR('',#2149,1.);
#2149 = DIRECTION('',(-0.939692620786,0.,-0.342020143326));
#2150 = ORIENTED_EDGE('',*,*,#2151,.F.);
#2151 = EDGE_CURVE('',#2152,#2144,#2154,.T.);
#2152 = VERTEX_POINT('',#2153);
#2153 = CARTESIAN_POINT('',(34.254790398505,-75.,-68.78787717982));
#2154 = ELLIPSE('',#2155,461.88022900412,400.);
#2155 = AXIS2_PLACEMENT_3D('',#2156,#2157,#2158);
#2156 = CARTESIAN_POINT('',(-88.72250595043,-50.,311.2909540714));
#2157 = DIRECTION('',(-0.813797657295,0.500000044338,-0.296198123971));
#2158 = DIRECTION('',(0.469846352057,0.866025378186,0.171010086827));
#2159 = ORIENTED_EDGE('',*,*,#2160,.F.);
#2160 = EDGE_CURVE('',#2161,#2152,#2163,.T.);
#2161 = VERTEX_POINT('',#2162);
#2162 = CARTESIAN_POINT('',(20.958958794245,-50.,-74.45936650117));
#2163 = ELLIPSE('',#2164,461.88022900412,400.);
#2164 = AXIS2_PLACEMENT_3D('',#2165,#2166,#2167);
#2165 = CARTESIAN_POINT('',(-115.849098536,-50.,301.41768181318));
#2166 = DIRECTION('',(-0.813797657295,-0.500000044338,-0.296198123971));
#2167 = DIRECTION('',(0.469846352057,-0.866025378186,0.171010086827));
#2168 = ORIENTED_EDGE('',*,*,#2169,.F.);
#2169 = EDGE_CURVE('',#2060,#2161,#2170,.T.);
#2170 = ELLIPSE('',#2171,461.88022900412,400.);
#2171 = AXIS2_PLACEMENT_3D('',#2172,#2173,#2174);
#2172 = CARTESIAN_POINT('',(-115.849098536,-50.,301.41768181318));
#2173 = DIRECTION('',(-0.813797657295,0.500000044338,-0.296198123971));
#2174 = DIRECTION('',(0.469846352057,0.866025378186,0.171010086827));
#2175 = CYLINDRICAL_SURFACE('',#2176,400.);
#2176 = AXIS2_PLACEMENT_3D('',#2177,#2178,#2179);
#2177 = CARTESIAN_POINT('',(-98.41157562931,-50.,307.76442111056));
#2178 = DIRECTION('',(0.939692620786,-0.,0.342020143326));
#2179 = DIRECTION('',(0.,1.,0.));
#2180 = ADVANCED_FACE('',(#2181),#2199,.F.);
#2181 = FACE_BOUND('',#2182,.F.);
#2182 = EDGE_LOOP('',(#2183,#2184,#2185,#2193));
#2183 = ORIENTED_EDGE('',*,*,#2169,.F.);
#2184 = ORIENTED_EDGE('',*,*,#2084,.T.);
#2185 = ORIENTED_EDGE('',*,*,#2186,.T.);
#2186 = EDGE_CURVE('',#2077,#2187,#2189,.T.);
#2187 = VERTEX_POINT('',#2188);
#2188 = CARTESIAN_POINT('',(21.425028501101,-50.,-75.73988249665));
#2189 = LINE('',#2190,#2191);
#2190 = CARTESIAN_POINT('',(34.988324793893,-25.,-70.80324636754));
#2191 = VECTOR('',#2192,1.);
#2192 = DIRECTION('',(-0.469846352057,-0.866025378186,-0.171010086827));
#2193 = ORIENTED_EDGE('',*,*,#2194,.F.);
#2194 = EDGE_CURVE('',#2161,#2187,#2195,.T.);
#2195 = LINE('',#2196,#2197);
#2196 = CARTESIAN_POINT('',(19.885937856136,-50.,-71.51126570311));
#2197 = VECTOR('',#2198,1.);
#2198 = DIRECTION('',(0.342020143326,0.,-0.939692620786));
#2199 = PLANE('',#2200);
#2200 = AXIS2_PLACEMENT_3D('',#2201,#2202,#2203);
#2201 = CARTESIAN_POINT('',(33.449234148927,-25.,-66.574629574));
#2202 = DIRECTION('',(-0.813797657295,0.500000044338,-0.296198123971));
#2203 = DIRECTION('',(-0.469846352057,-0.866025378186,-0.171010086827));
#2204 = ADVANCED_FACE('',(#2205),#2271,.T.);
#2205 = FACE_BOUND('',#2206,.T.);
#2206 = EDGE_LOOP('',(#2207,#2208,#2209,#2217,#2225,#2233,#2241,#2249,
    #2257,#2265));
#2207 = ORIENTED_EDGE('',*,*,#2076,.T.);
#2208 = ORIENTED_EDGE('',*,*,#2186,.T.);
#2209 = ORIENTED_EDGE('',*,*,#2210,.T.);
#2210 = EDGE_CURVE('',#2187,#2211,#2213,.T.);
#2211 = VERTEX_POINT('',#2212);
#2212 = CARTESIAN_POINT('',(34.988324793893,-75.,-70.80324636754));
#2213 = LINE('',#2214,#2215);
#2214 = CARTESIAN_POINT('',(21.425028501101,-50.,-75.73988249665));
#2215 = VECTOR('',#2216,1.);
#2216 = DIRECTION('',(0.469846352057,-0.866025378186,0.171010086827));
#2217 = ORIENTED_EDGE('',*,*,#2218,.T.);
#2218 = EDGE_CURVE('',#2211,#2219,#2221,.T.);
#2219 = VERTEX_POINT('',#2220);
#2220 = CARTESIAN_POINT('',(21.425028501101,-100.,-75.73988249665));
#2221 = LINE('',#2222,#2223);
#2222 = CARTESIAN_POINT('',(34.988324793893,-75.,-70.80324636754));
#2223 = VECTOR('',#2224,1.);
#2224 = DIRECTION('',(-0.469846352057,-0.866025378186,-0.171010086827));
#2225 = ORIENTED_EDGE('',*,*,#2226,.T.);
#2226 = EDGE_CURVE('',#2219,#2227,#2229,.T.);
#2227 = VERTEX_POINT('',#2228);
#2228 = CARTESIAN_POINT('',(18.712369483088,-100.,-76.72720963492));
#2229 = LINE('',#2230,#2231);
#2230 = CARTESIAN_POINT('',(21.425028501101,-100.,-75.73988249665));
#2231 = VECTOR('',#2232,1.);
#2232 = DIRECTION('',(-0.939692620786,0.,-0.342020143326));
#2233 = ORIENTED_EDGE('',*,*,#2234,.F.);
#2234 = EDGE_CURVE('',#2235,#2227,#2237,.T.);
#2235 = VERTEX_POINT('',#2236);
#2236 = CARTESIAN_POINT('',(32.27566577588,-75.,-71.79057350581));
#2237 = LINE('',#2238,#2239);
#2238 = CARTESIAN_POINT('',(19.051451920476,-99.37499994457,
    -76.60379372075));
#2239 = VECTOR('',#2240,1.);
#2240 = DIRECTION('',(-0.469846352057,-0.866025378186,-0.171010086827));
#2241 = ORIENTED_EDGE('',*,*,#2242,.T.);
#2242 = EDGE_CURVE('',#2235,#2243,#2245,.T.);
#2243 = VERTEX_POINT('',#2244);
#2244 = CARTESIAN_POINT('',(18.712369483088,-50.,-76.72720963492));
#2245 = LINE('',#2246,#2247);
#2246 = CARTESIAN_POINT('',(32.27566577588,-75.,-71.79057350581));
#2247 = VECTOR('',#2248,1.);
#2248 = DIRECTION('',(-0.469846352057,0.866025378186,-0.171010086827));
#2249 = ORIENTED_EDGE('',*,*,#2250,.T.);
#2250 = EDGE_CURVE('',#2243,#2251,#2253,.T.);
#2251 = VERTEX_POINT('',#2252);
#2252 = CARTESIAN_POINT('',(32.27566577588,-25.,-71.79057350581));
#2253 = LINE('',#2254,#2255);
#2254 = CARTESIAN_POINT('',(18.712369483088,-50.,-76.72720963492));
#2255 = VECTOR('',#2256,1.);
#2256 = DIRECTION('',(0.469846352057,0.866025378186,0.171010086827));
#2257 = ORIENTED_EDGE('',*,*,#2258,.T.);
#2258 = EDGE_CURVE('',#2251,#2259,#2261,.T.);
#2259 = VERTEX_POINT('',#2260);
#2260 = CARTESIAN_POINT('',(18.712369483088,0.,-76.72720963492));
#2261 = LINE('',#2262,#2263);
#2262 = CARTESIAN_POINT('',(32.27566577588,-25.,-71.79057350581));
#2263 = VECTOR('',#2264,1.);
#2264 = DIRECTION('',(-0.469846352057,0.866025378186,-0.171010086827));
#2265 = ORIENTED_EDGE('',*,*,#2266,.T.);
#2266 = EDGE_CURVE('',#2259,#2069,#2267,.T.);
#2267 = LINE('',#2268,#2269);
#2268 = CARTESIAN_POINT('',(18.712369483088,0.,-76.72720963492));
#2269 = VECTOR('',#2270,1.);
#2270 = DIRECTION('',(0.939692620786,0.,0.342020143326));
#2271 = PLANE('',#2272);
#2272 = AXIS2_PLACEMENT_3D('',#2273,#2274,#2275);
#2273 = CARTESIAN_POINT('',(26.684941086139,-50.,-73.82543088085));
#2274 = DIRECTION('',(0.342020143326,0.,-0.939692620786));
#2275 = DIRECTION('',(-0.939692620786,0.,-0.342020143326));
#2276 = ADVANCED_FACE('',(#2277),#2288,.T.);
#2277 = FACE_BOUND('',#2278,.T.);
#2278 = EDGE_LOOP('',(#2279,#2285,#2286,#2287));
#2279 = ORIENTED_EDGE('',*,*,#2280,.F.);
#2280 = EDGE_CURVE('',#2100,#2259,#2281,.T.);
#2281 = LINE('',#2282,#2283);
#2282 = CARTESIAN_POINT('',(17.173278838123,0.,-72.49859284138));
#2283 = VECTOR('',#2284,1.);
#2284 = DIRECTION('',(0.342020143326,0.,-0.939692620786));
#2285 = ORIENTED_EDGE('',*,*,#2099,.F.);
#2286 = ORIENTED_EDGE('',*,*,#2068,.T.);
#2287 = ORIENTED_EDGE('',*,*,#2266,.F.);
#2288 = PLANE('',#2289);
#2289 = AXIS2_PLACEMENT_3D('',#2290,#2291,#2292);
#2290 = CARTESIAN_POINT('',(19.299153669612,0.,-74.11923766902));
#2291 = DIRECTION('',(0.,1.,0.));
#2292 = DIRECTION('',(0.342020143326,0.,-0.939692620786));
#2293 = ADVANCED_FACE('',(#2294),#2305,.F.);
#2294 = FACE_BOUND('',#2295,.F.);
#2295 = EDGE_LOOP('',(#2296,#2297,#2298,#2299));
#2296 = ORIENTED_EDGE('',*,*,#2160,.F.);
#2297 = ORIENTED_EDGE('',*,*,#2194,.T.);
#2298 = ORIENTED_EDGE('',*,*,#2210,.T.);
#2299 = ORIENTED_EDGE('',*,*,#2300,.F.);
#2300 = EDGE_CURVE('',#2152,#2211,#2301,.T.);
#2301 = LINE('',#2302,#2303);
#2302 = CARTESIAN_POINT('',(33.449234148927,-75.,-66.574629574));
#2303 = VECTOR('',#2304,1.);
#2304 = DIRECTION('',(0.342020143326,0.,-0.939692620786));
#2305 = PLANE('',#2306);
#2306 = AXIS2_PLACEMENT_3D('',#2307,#2308,#2309);
#2307 = CARTESIAN_POINT('',(19.885937856136,-50.,-71.51126570311));
#2308 = DIRECTION('',(-0.813797657295,-0.500000044338,-0.296198123971));
#2309 = DIRECTION('',(0.469846352057,-0.866025378186,0.171010086827));
#2310 = ADVANCED_FACE('',(#2311),#2322,.F.);
#2311 = FACE_BOUND('',#2312,.F.);
#2312 = EDGE_LOOP('',(#2313,#2314,#2315,#2316));
#2313 = ORIENTED_EDGE('',*,*,#2151,.F.);
#2314 = ORIENTED_EDGE('',*,*,#2300,.T.);
#2315 = ORIENTED_EDGE('',*,*,#2218,.T.);
#2316 = ORIENTED_EDGE('',*,*,#2317,.F.);
#2317 = EDGE_CURVE('',#2144,#2219,#2318,.T.);
#2318 = LINE('',#2319,#2320);
#2319 = CARTESIAN_POINT('',(19.885937856136,-100.,-71.51126570311));
#2320 = VECTOR('',#2321,1.);
#2321 = DIRECTION('',(0.342020143326,0.,-0.939692620786));
#2322 = PLANE('',#2323);
#2323 = AXIS2_PLACEMENT_3D('',#2324,#2325,#2326);
#2324 = CARTESIAN_POINT('',(33.449234148927,-75.,-66.574629574));
#2325 = DIRECTION('',(-0.813797657295,0.500000044338,-0.296198123971));
#2326 = DIRECTION('',(-0.469846352057,-0.866025378186,-0.171010086827));
#2327 = ADVANCED_FACE('',(#2328),#2339,.T.);
#2328 = FACE_BOUND('',#2329,.T.);
#2329 = EDGE_LOOP('',(#2330,#2331,#2332,#2338));
#2330 = ORIENTED_EDGE('',*,*,#2317,.F.);
#2331 = ORIENTED_EDGE('',*,*,#2143,.T.);
#2332 = ORIENTED_EDGE('',*,*,#2333,.T.);
#2333 = EDGE_CURVE('',#2135,#2227,#2334,.T.);
#2334 = LINE('',#2335,#2336);
#2335 = CARTESIAN_POINT('',(17.173278838123,-100.,-72.49859284138));
#2336 = VECTOR('',#2337,1.);
#2337 = DIRECTION('',(0.342020143326,0.,-0.939692620786));
#2338 = ORIENTED_EDGE('',*,*,#2226,.F.);
#2339 = PLANE('',#2340);
#2340 = AXIS2_PLACEMENT_3D('',#2341,#2342,#2343);
#2341 = CARTESIAN_POINT('',(19.299153669612,-100.,-74.11923766902));
#2342 = DIRECTION('',(0.,-1.,0.));
#2343 = DIRECTION('',(-0.342020143326,0.,0.939692620786));
#2344 = ADVANCED_FACE('',(#2345),#2356,.T.);
#2345 = FACE_BOUND('',#2346,.T.);
#2346 = EDGE_LOOP('',(#2347,#2348,#2349,#2355));
#2347 = ORIENTED_EDGE('',*,*,#2333,.F.);
#2348 = ORIENTED_EDGE('',*,*,#2134,.F.);
#2349 = ORIENTED_EDGE('',*,*,#2350,.T.);
#2350 = EDGE_CURVE('',#2126,#2235,#2351,.T.);
#2351 = LINE('',#2352,#2353);
#2352 = CARTESIAN_POINT('',(30.736575130914,-75.,-67.56195671227));
#2353 = VECTOR('',#2354,1.);
#2354 = DIRECTION('',(0.342020143326,0.,-0.939692620786));
#2355 = ORIENTED_EDGE('',*,*,#2234,.T.);
#2356 = PLANE('',#2357);
#2357 = AXIS2_PLACEMENT_3D('',#2358,#2359,#2360);
#2358 = CARTESIAN_POINT('',(24.724472307001,-87.5,-72.1445831736));
#2359 = DIRECTION('',(-0.813797657295,0.500000044338,-0.296198123971));
#2360 = DIRECTION('',(0.469846352057,0.866025378186,0.171010086827));
#2361 = ADVANCED_FACE('',(#2362),#2373,.F.);
#2362 = FACE_BOUND('',#2363,.F.);
#2363 = EDGE_LOOP('',(#2364,#2365,#2366,#2367));
#2364 = ORIENTED_EDGE('',*,*,#2125,.F.);
#2365 = ORIENTED_EDGE('',*,*,#2350,.T.);
#2366 = ORIENTED_EDGE('',*,*,#2242,.T.);
#2367 = ORIENTED_EDGE('',*,*,#2368,.F.);
#2368 = EDGE_CURVE('',#2117,#2243,#2369,.T.);
#2369 = LINE('',#2370,#2371);
#2370 = CARTESIAN_POINT('',(17.173278838123,-50.,-72.49859284138));
#2371 = VECTOR('',#2372,1.);
#2372 = DIRECTION('',(0.342020143326,0.,-0.939692620786));
#2373 = PLANE('',#2374);
#2374 = AXIS2_PLACEMENT_3D('',#2375,#2376,#2377);
#2375 = CARTESIAN_POINT('',(30.736575130914,-75.,-67.56195671227));
#2376 = DIRECTION('',(0.813797657295,0.500000044338,0.296198123971));
#2377 = DIRECTION('',(-0.469846352057,0.866025378186,-0.171010086827));
#2378 = ADVANCED_FACE('',(#2379),#2390,.F.);
#2379 = FACE_BOUND('',#2380,.F.);
#2380 = EDGE_LOOP('',(#2381,#2382,#2383,#2384));
#2381 = ORIENTED_EDGE('',*,*,#2116,.F.);
#2382 = ORIENTED_EDGE('',*,*,#2368,.T.);
#2383 = ORIENTED_EDGE('',*,*,#2250,.T.);
#2384 = ORIENTED_EDGE('',*,*,#2385,.F.);
#2385 = EDGE_CURVE('',#2108,#2251,#2386,.T.);
#2386 = LINE('',#2387,#2388);
#2387 = CARTESIAN_POINT('',(30.736575130914,-25.,-67.56195671227));
#2388 = VECTOR('',#2389,1.);
#2389 = DIRECTION('',(0.342020143326,0.,-0.939692620786));
#2390 = PLANE('',#2391);
#2391 = AXIS2_PLACEMENT_3D('',#2392,#2393,#2394);
#2392 = CARTESIAN_POINT('',(17.173278838123,-50.,-72.49859284138));
#2393 = DIRECTION('',(0.813797657295,-0.500000044338,0.296198123971));
#2394 = DIRECTION('',(0.469846352057,0.866025378186,0.171010086827));
#2395 = ADVANCED_FACE('',(#2396),#2402,.T.);
#2396 = FACE_BOUND('',#2397,.T.);
#2397 = EDGE_LOOP('',(#2398,#2399,#2400,#2401));
#2398 = ORIENTED_EDGE('',*,*,#2385,.F.);
#2399 = ORIENTED_EDGE('',*,*,#2107,.F.);
#2400 = ORIENTED_EDGE('',*,*,#2280,.T.);
#2401 = ORIENTED_EDGE('',*,*,#2258,.F.);
#2402 = PLANE('',#2403);
#2403 = AXIS2_PLACEMENT_3D('',#2404,#2405,#2406);
#2404 = CARTESIAN_POINT('',(24.724472307001,-12.5,-72.1445831736));
#2405 = DIRECTION('',(-0.813797657295,-0.500000044338,-0.296198123971));
#2406 = DIRECTION('',(-0.469846352057,0.866025378186,-0.171010086827));
#2407 = MANIFOLD_SOLID_BREP('',#2408);
#2408 = CLOSED_SHELL('',(#2409,#2450,#2536,#2560,#2632,#2649,#2666,#2683
    ,#2700,#2717,#2734,#2751));
#2409 = ADVANCED_FACE('',(#2410),#2445,.F.);
#2410 = FACE_BOUND('',#2411,.F.);
#2411 = EDGE_LOOP('',(#2412,#2423,#2431,#2439));
#2412 = ORIENTED_EDGE('',*,*,#2413,.F.);
#2413 = EDGE_CURVE('',#2414,#2416,#2418,.T.);
#2414 = VERTEX_POINT('',#2415);
#2415 = CARTESIAN_POINT('',(-30.73304335606,0.,-67.56324217319));
#2416 = VERTEX_POINT('',#2417);
#2417 = CARTESIAN_POINT('',(-17.97530331284,-25.,-74.71312590812));
#2418 = ELLIPSE('',#2419,461.88022900412,400.);
#2419 = AXIS2_PLACEMENT_3D('',#2420,#2421,#2422);
#2420 = CARTESIAN_POINT('',(132.12858562167,-50.,295.49243308488));
#2421 = DIRECTION('',(-0.813797657295,-0.500000044338,0.296198123971));
#2422 = DIRECTION('',(0.469846352057,-0.866025378186,-0.171010086827));
#2423 = ORIENTED_EDGE('',*,*,#2424,.T.);
#2424 = EDGE_CURVE('',#2414,#2425,#2427,.T.);
#2425 = VERTEX_POINT('',#2426);
#2426 = CARTESIAN_POINT('',(-32.27213400102,0.,-71.79185896673));
#2427 = LINE('',#2428,#2429);
#2428 = CARTESIAN_POINT('',(-30.73304335606,0.,-67.56324217319));
#2429 = VECTOR('',#2430,1.);
#2430 = DIRECTION('',(-0.342020143326,0.,-0.939692620786));
#2431 = ORIENTED_EDGE('',*,*,#2432,.T.);
#2432 = EDGE_CURVE('',#2425,#2433,#2435,.T.);
#2433 = VERTEX_POINT('',#2434);
#2434 = CARTESIAN_POINT('',(-18.70883770823,-25.,-76.72849509584));
#2435 = LINE('',#2436,#2437);
#2436 = CARTESIAN_POINT('',(-32.27213400102,0.,-71.79185896673));
#2437 = VECTOR('',#2438,1.);
#2438 = DIRECTION('',(0.469846352057,-0.866025378186,-0.171010086827));
#2439 = ORIENTED_EDGE('',*,*,#2440,.F.);
#2440 = EDGE_CURVE('',#2416,#2433,#2441,.T.);
#2441 = LINE('',#2442,#2443);
#2442 = CARTESIAN_POINT('',(-17.16974706327,-25.,-72.4998783023));
#2443 = VECTOR('',#2444,1.);
#2444 = DIRECTION('',(-0.342020143326,0.,-0.939692620786));
#2445 = PLANE('',#2446);
#2446 = AXIS2_PLACEMENT_3D('',#2447,#2448,#2449);
#2447 = CARTESIAN_POINT('',(-30.73304335606,0.,-67.56324217319));
#2448 = DIRECTION('',(-0.813797657295,-0.500000044338,0.296198123971));
#2449 = DIRECTION('',(0.469846352057,-0.866025378186,-0.171010086827));
#2450 = ADVANCED_FACE('',(#2451),#2531,.F.);
#2451 = FACE_BOUND('',#2452,.T.);
#2452 = EDGE_LOOP('',(#2453,#2454,#2462,#2471,#2480,#2489,#2498,#2506,
    #2515,#2524));
#2453 = ORIENTED_EDGE('',*,*,#2413,.F.);
#2454 = ORIENTED_EDGE('',*,*,#2455,.T.);
#2455 = EDGE_CURVE('',#2414,#2456,#2458,.T.);
#2456 = VERTEX_POINT('',#2457);
#2457 = CARTESIAN_POINT('',(-33.44570237407,0.,-66.57591503492));
#2458 = LINE('',#2459,#2460);
#2459 = CARTESIAN_POINT('',(-30.73304335606,0.,-67.56324217319));
#2460 = VECTOR('',#2461,1.);
#2461 = DIRECTION('',(-0.939692620786,0.,0.342020143326));
#2462 = ORIENTED_EDGE('',*,*,#2463,.T.);
#2463 = EDGE_CURVE('',#2456,#2464,#2466,.T.);
#2464 = VERTEX_POINT('',#2465);
#2465 = CARTESIAN_POINT('',(-20.68796233086,-25.,-73.72579876985));
#2466 = ELLIPSE('',#2467,461.88022900412,400.);
#2467 = AXIS2_PLACEMENT_3D('',#2468,#2469,#2470);
#2468 = CARTESIAN_POINT('',(129.41592660366,-50.,296.47976022316));
#2469 = DIRECTION('',(-0.813797657295,-0.500000044338,0.296198123971));
#2470 = DIRECTION('',(0.469846352057,-0.866025378186,-0.171010086827));
#2471 = ORIENTED_EDGE('',*,*,#2472,.F.);
#2472 = EDGE_CURVE('',#2473,#2464,#2475,.T.);
#2473 = VERTEX_POINT('',#2474);
#2474 = CARTESIAN_POINT('',(-34.51872331218,-50.,-69.52401583298));
#2475 = ELLIPSE('',#2476,461.88022900412,400.);
#2476 = AXIS2_PLACEMENT_3D('',#2477,#2478,#2479);
#2477 = CARTESIAN_POINT('',(102.28933401808,-50.,306.35303248137));
#2478 = DIRECTION('',(0.813797657295,-0.500000044338,-0.296198123971));
#2479 = DIRECTION('',(0.469846352057,0.866025378186,-0.171010086827));
#2480 = ORIENTED_EDGE('',*,*,#2481,.F.);
#2481 = EDGE_CURVE('',#2482,#2473,#2484,.T.);
#2482 = VERTEX_POINT('',#2483);
#2483 = CARTESIAN_POINT('',(-20.68796233086,-75.,-73.72579876985));
#2484 = ELLIPSE('',#2485,461.88022900412,400.);
#2485 = AXIS2_PLACEMENT_3D('',#2486,#2487,#2488);
#2486 = CARTESIAN_POINT('',(102.28933401808,-50.,306.35303248137));
#2487 = DIRECTION('',(0.813797657295,0.500000044338,-0.296198123971));
#2488 = DIRECTION('',(0.469846352057,-0.866025378186,-0.171010086827));
#2489 = ORIENTED_EDGE('',*,*,#2490,.T.);
#2490 = EDGE_CURVE('',#2482,#2491,#2493,.T.);
#2491 = VERTEX_POINT('',#2492);
#2492 = CARTESIAN_POINT('',(-33.44570237407,-100.,-66.57591503492));
#2493 = ELLIPSE('',#2494,461.88022900412,400.);
#2494 = AXIS2_PLACEMENT_3D('',#2495,#2496,#2497);
#2495 = CARTESIAN_POINT('',(129.41592660366,-50.,296.47976022316));
#2496 = DIRECTION('',(-0.813797657295,0.500000044338,0.296198123971));
#2497 = DIRECTION('',(0.469846352057,0.866025378186,-0.171010086827));
#2498 = ORIENTED_EDGE('',*,*,#2499,.F.);
#2499 = EDGE_CURVE('',#2500,#2491,#2502,.T.);
#2500 = VERTEX_POINT('',#2501);
#2501 = CARTESIAN_POINT('',(-30.73304335606,-100.,-67.56324217319));
#2502 = LINE('',#2503,#2504);
#2503 = CARTESIAN_POINT('',(-32.08937286507,-100.,-67.06957860406));
#2504 = VECTOR('',#2505,1.);
#2505 = DIRECTION('',(-0.939692620786,0.,0.342020143326));
#2506 = ORIENTED_EDGE('',*,*,#2507,.F.);
#2507 = EDGE_CURVE('',#2508,#2500,#2510,.T.);
#2508 = VERTEX_POINT('',#2509);
#2509 = CARTESIAN_POINT('',(-17.97530331284,-75.,-74.71312590812));
#2510 = ELLIPSE('',#2511,461.88022900412,400.);
#2511 = AXIS2_PLACEMENT_3D('',#2512,#2513,#2514);
#2512 = CARTESIAN_POINT('',(132.12858562167,-50.,295.49243308488));
#2513 = DIRECTION('',(-0.813797657295,0.500000044338,0.296198123971));
#2514 = DIRECTION('',(0.469846352057,0.866025378186,-0.171010086827));
#2515 = ORIENTED_EDGE('',*,*,#2516,.F.);
#2516 = EDGE_CURVE('',#2517,#2508,#2519,.T.);
#2517 = VERTEX_POINT('',#2518);
#2518 = CARTESIAN_POINT('',(-31.80606429417,-50.,-70.51134297125));
#2519 = ELLIPSE('',#2520,461.88022900412,400.);
#2520 = AXIS2_PLACEMENT_3D('',#2521,#2522,#2523);
#2521 = CARTESIAN_POINT('',(105.00199303609,-50.,305.3657053431));
#2522 = DIRECTION('',(-0.813797657295,-0.500000044338,0.296198123971));
#2523 = DIRECTION('',(0.469846352057,-0.866025378186,-0.171010086827));
#2524 = ORIENTED_EDGE('',*,*,#2525,.F.);
#2525 = EDGE_CURVE('',#2416,#2517,#2526,.T.);
#2526 = ELLIPSE('',#2527,461.88022900412,400.);
#2527 = AXIS2_PLACEMENT_3D('',#2528,#2529,#2530);
#2528 = CARTESIAN_POINT('',(105.00199303609,-50.,305.3657053431));
#2529 = DIRECTION('',(-0.813797657295,0.500000044338,0.296198123971));
#2530 = DIRECTION('',(0.469846352057,0.866025378186,-0.171010086827));
#2531 = CYLINDRICAL_SURFACE('',#2532,400.);
#2532 = AXIS2_PLACEMENT_3D('',#2533,#2534,#2535);
#2533 = CARTESIAN_POINT('',(122.4395159428,-50.,299.01896604573));
#2534 = DIRECTION('',(0.939692620786,-0.,-0.342020143326));
#2535 = DIRECTION('',(0.,1.,0.));
#2536 = ADVANCED_FACE('',(#2537),#2555,.F.);
#2537 = FACE_BOUND('',#2538,.F.);
#2538 = EDGE_LOOP('',(#2539,#2540,#2541,#2549));
#2539 = ORIENTED_EDGE('',*,*,#2525,.F.);
#2540 = ORIENTED_EDGE('',*,*,#2440,.T.);
#2541 = ORIENTED_EDGE('',*,*,#2542,.T.);
#2542 = EDGE_CURVE('',#2433,#2543,#2545,.T.);
#2543 = VERTEX_POINT('',#2544);
#2544 = CARTESIAN_POINT('',(-32.27213400102,-50.,-71.79185896673));
#2545 = LINE('',#2546,#2547);
#2546 = CARTESIAN_POINT('',(-18.70883770823,-25.,-76.72849509584));
#2547 = VECTOR('',#2548,1.);
#2548 = DIRECTION('',(-0.469846352057,-0.866025378186,0.171010086827));
#2549 = ORIENTED_EDGE('',*,*,#2550,.F.);
#2550 = EDGE_CURVE('',#2517,#2543,#2551,.T.);
#2551 = LINE('',#2552,#2553);
#2552 = CARTESIAN_POINT('',(-30.73304335606,-50.,-67.56324217319));
#2553 = VECTOR('',#2554,1.);
#2554 = DIRECTION('',(-0.342020143326,0.,-0.939692620786));
#2555 = PLANE('',#2556);
#2556 = AXIS2_PLACEMENT_3D('',#2557,#2558,#2559);
#2557 = CARTESIAN_POINT('',(-17.16974706327,-25.,-72.4998783023));
#2558 = DIRECTION('',(-0.813797657295,0.500000044338,0.296198123971));
#2559 = DIRECTION('',(-0.469846352057,-0.866025378186,0.171010086827));
#2560 = ADVANCED_FACE('',(#2561),#2627,.T.);
#2561 = FACE_BOUND('',#2562,.T.);
#2562 = EDGE_LOOP('',(#2563,#2564,#2565,#2573,#2581,#2589,#2597,#2605,
    #2613,#2621));
#2563 = ORIENTED_EDGE('',*,*,#2432,.T.);
#2564 = ORIENTED_EDGE('',*,*,#2542,.T.);
#2565 = ORIENTED_EDGE('',*,*,#2566,.T.);
#2566 = EDGE_CURVE('',#2543,#2567,#2569,.T.);
#2567 = VERTEX_POINT('',#2568);
#2568 = CARTESIAN_POINT('',(-18.70883770823,-75.,-76.72849509584));
#2569 = LINE('',#2570,#2571);
#2570 = CARTESIAN_POINT('',(-32.27213400102,-50.,-71.79185896673));
#2571 = VECTOR('',#2572,1.);
#2572 = DIRECTION('',(0.469846352057,-0.866025378186,-0.171010086827));
#2573 = ORIENTED_EDGE('',*,*,#2574,.T.);
#2574 = EDGE_CURVE('',#2567,#2575,#2577,.T.);
#2575 = VERTEX_POINT('',#2576);
#2576 = CARTESIAN_POINT('',(-32.27213400102,-100.,-71.79185896673));
#2577 = LINE('',#2578,#2579);
#2578 = CARTESIAN_POINT('',(-18.70883770823,-75.,-76.72849509584));
#2579 = VECTOR('',#2580,1.);
#2580 = DIRECTION('',(-0.469846352057,-0.866025378186,0.171010086827));
#2581 = ORIENTED_EDGE('',*,*,#2582,.T.);
#2582 = EDGE_CURVE('',#2575,#2583,#2585,.T.);
#2583 = VERTEX_POINT('',#2584);
#2584 = CARTESIAN_POINT('',(-34.98479301904,-100.,-70.80453182846));
#2585 = LINE('',#2586,#2587);
#2586 = CARTESIAN_POINT('',(-32.27213400102,-100.,-71.79185896673));
#2587 = VECTOR('',#2588,1.);
#2588 = DIRECTION('',(-0.939692620786,0.,0.342020143326));
#2589 = ORIENTED_EDGE('',*,*,#2590,.F.);
#2590 = EDGE_CURVE('',#2591,#2583,#2593,.T.);
#2591 = VERTEX_POINT('',#2592);
#2592 = CARTESIAN_POINT('',(-21.42149672625,-75.,-75.74116795757));
#2593 = LINE('',#2594,#2595);
#2594 = CARTESIAN_POINT('',(-34.64571058165,-99.37499994457,
    -70.92794774263));
#2595 = VECTOR('',#2596,1.);
#2596 = DIRECTION('',(-0.469846352057,-0.866025378186,0.171010086827));
#2597 = ORIENTED_EDGE('',*,*,#2598,.T.);
#2598 = EDGE_CURVE('',#2591,#2599,#2601,.T.);
#2599 = VERTEX_POINT('',#2600);
#2600 = CARTESIAN_POINT('',(-34.98479301904,-50.,-70.80453182846));
#2601 = LINE('',#2602,#2603);
#2602 = CARTESIAN_POINT('',(-21.42149672625,-75.,-75.74116795757));
#2603 = VECTOR('',#2604,1.);
#2604 = DIRECTION('',(-0.469846352057,0.866025378186,0.171010086827));
#2605 = ORIENTED_EDGE('',*,*,#2606,.T.);
#2606 = EDGE_CURVE('',#2599,#2607,#2609,.T.);
#2607 = VERTEX_POINT('',#2608);
#2608 = CARTESIAN_POINT('',(-21.42149672625,-25.,-75.74116795757));
#2609 = LINE('',#2610,#2611);
#2610 = CARTESIAN_POINT('',(-34.98479301904,-50.,-70.80453182846));
#2611 = VECTOR('',#2612,1.);
#2612 = DIRECTION('',(0.469846352057,0.866025378186,-0.171010086827));
#2613 = ORIENTED_EDGE('',*,*,#2614,.T.);
#2614 = EDGE_CURVE('',#2607,#2615,#2617,.T.);
#2615 = VERTEX_POINT('',#2616);
#2616 = CARTESIAN_POINT('',(-34.98479301904,0.,-70.80453182846));
#2617 = LINE('',#2618,#2619);
#2618 = CARTESIAN_POINT('',(-21.42149672625,-25.,-75.74116795757));
#2619 = VECTOR('',#2620,1.);
#2620 = DIRECTION('',(-0.469846352057,0.866025378186,0.171010086827));
#2621 = ORIENTED_EDGE('',*,*,#2622,.T.);
#2622 = EDGE_CURVE('',#2615,#2425,#2623,.T.);
#2623 = LINE('',#2624,#2625);
#2624 = CARTESIAN_POINT('',(-34.98479301904,0.,-70.80453182846));
#2625 = VECTOR('',#2626,1.);
#2626 = DIRECTION('',(0.939692620786,0.,-0.342020143326));
#2627 = PLANE('',#2628);
#2628 = AXIS2_PLACEMENT_3D('',#2629,#2630,#2631);
#2629 = CARTESIAN_POINT('',(-27.01222141599,-50.,-73.70631058253));
#2630 = DIRECTION('',(-0.342020143326,0.,-0.939692620786));
#2631 = DIRECTION('',(-0.939692620786,0.,0.342020143326));
#2632 = ADVANCED_FACE('',(#2633),#2644,.T.);
#2633 = FACE_BOUND('',#2634,.T.);
#2634 = EDGE_LOOP('',(#2635,#2641,#2642,#2643));
#2635 = ORIENTED_EDGE('',*,*,#2636,.F.);
#2636 = EDGE_CURVE('',#2456,#2615,#2637,.T.);
#2637 = LINE('',#2638,#2639);
#2638 = CARTESIAN_POINT('',(-33.44570237407,0.,-66.57591503492));
#2639 = VECTOR('',#2640,1.);
#2640 = DIRECTION('',(-0.342020143326,0.,-0.939692620786));
#2641 = ORIENTED_EDGE('',*,*,#2455,.F.);
#2642 = ORIENTED_EDGE('',*,*,#2424,.T.);
#2643 = ORIENTED_EDGE('',*,*,#2622,.F.);
#2644 = PLANE('',#2645);
#2645 = AXIS2_PLACEMENT_3D('',#2646,#2647,#2648);
#2646 = CARTESIAN_POINT('',(-32.85891818755,0.,-69.18388700083));
#2647 = DIRECTION('',(0.,1.,0.));
#2648 = DIRECTION('',(-0.342020143326,0.,-0.939692620786));
#2649 = ADVANCED_FACE('',(#2650),#2661,.F.);
#2650 = FACE_BOUND('',#2651,.F.);
#2651 = EDGE_LOOP('',(#2652,#2653,#2654,#2655));
#2652 = ORIENTED_EDGE('',*,*,#2516,.F.);
#2653 = ORIENTED_EDGE('',*,*,#2550,.T.);
#2654 = ORIENTED_EDGE('',*,*,#2566,.T.);
#2655 = ORIENTED_EDGE('',*,*,#2656,.F.);
#2656 = EDGE_CURVE('',#2508,#2567,#2657,.T.);
#2657 = LINE('',#2658,#2659);
#2658 = CARTESIAN_POINT('',(-17.16974706327,-75.,-72.4998783023));
#2659 = VECTOR('',#2660,1.);
#2660 = DIRECTION('',(-0.342020143326,0.,-0.939692620786));
#2661 = PLANE('',#2662);
#2662 = AXIS2_PLACEMENT_3D('',#2663,#2664,#2665);
#2663 = CARTESIAN_POINT('',(-30.73304335606,-50.,-67.56324217319));
#2664 = DIRECTION('',(-0.813797657295,-0.500000044338,0.296198123971));
#2665 = DIRECTION('',(0.469846352057,-0.866025378186,-0.171010086827));
#2666 = ADVANCED_FACE('',(#2667),#2678,.F.);
#2667 = FACE_BOUND('',#2668,.F.);
#2668 = EDGE_LOOP('',(#2669,#2670,#2671,#2672));
#2669 = ORIENTED_EDGE('',*,*,#2507,.F.);
#2670 = ORIENTED_EDGE('',*,*,#2656,.T.);
#2671 = ORIENTED_EDGE('',*,*,#2574,.T.);
#2672 = ORIENTED_EDGE('',*,*,#2673,.F.);
#2673 = EDGE_CURVE('',#2500,#2575,#2674,.T.);
#2674 = LINE('',#2675,#2676);
#2675 = CARTESIAN_POINT('',(-30.73304335606,-100.,-67.56324217319));
#2676 = VECTOR('',#2677,1.);
#2677 = DIRECTION('',(-0.342020143326,0.,-0.939692620786));
#2678 = PLANE('',#2679);
#2679 = AXIS2_PLACEMENT_3D('',#2680,#2681,#2682);
#2680 = CARTESIAN_POINT('',(-17.16974706327,-75.,-72.4998783023));
#2681 = DIRECTION('',(-0.813797657295,0.500000044338,0.296198123971));
#2682 = DIRECTION('',(-0.469846352057,-0.866025378186,0.171010086827));
#2683 = ADVANCED_FACE('',(#2684),#2695,.T.);
#2684 = FACE_BOUND('',#2685,.T.);
#2685 = EDGE_LOOP('',(#2686,#2687,#2688,#2694));
#2686 = ORIENTED_EDGE('',*,*,#2673,.F.);
#2687 = ORIENTED_EDGE('',*,*,#2499,.T.);
#2688 = ORIENTED_EDGE('',*,*,#2689,.T.);
#2689 = EDGE_CURVE('',#2491,#2583,#2690,.T.);
#2690 = LINE('',#2691,#2692);
#2691 = CARTESIAN_POINT('',(-33.44570237407,-100.,-66.57591503492));
#2692 = VECTOR('',#2693,1.);
#2693 = DIRECTION('',(-0.342020143326,0.,-0.939692620786));
#2694 = ORIENTED_EDGE('',*,*,#2582,.F.);
#2695 = PLANE('',#2696);
#2696 = AXIS2_PLACEMENT_3D('',#2697,#2698,#2699);
#2697 = CARTESIAN_POINT('',(-32.85891818755,-100.,-69.18388700083));
#2698 = DIRECTION('',(0.,-1.,0.));
#2699 = DIRECTION('',(0.342020143326,0.,0.939692620786));
#2700 = ADVANCED_FACE('',(#2701),#2712,.T.);
#2701 = FACE_BOUND('',#2702,.T.);
#2702 = EDGE_LOOP('',(#2703,#2704,#2705,#2711));
#2703 = ORIENTED_EDGE('',*,*,#2689,.F.);
#2704 = ORIENTED_EDGE('',*,*,#2490,.F.);
#2705 = ORIENTED_EDGE('',*,*,#2706,.T.);
#2706 = EDGE_CURVE('',#2482,#2591,#2707,.T.);
#2707 = LINE('',#2708,#2709);
#2708 = CARTESIAN_POINT('',(-19.88240608128,-75.,-71.51255116403));
#2709 = VECTOR('',#2710,1.);
#2710 = DIRECTION('',(-0.342020143326,0.,-0.939692620786));
#2711 = ORIENTED_EDGE('',*,*,#2590,.T.);
#2712 = PLANE('',#2713);
#2713 = AXIS2_PLACEMENT_3D('',#2714,#2715,#2716);
#2714 = CARTESIAN_POINT('',(-27.43359955016,-87.5,-71.15854149625));
#2715 = DIRECTION('',(-0.813797657295,0.500000044338,0.296198123971));
#2716 = DIRECTION('',(0.469846352057,0.866025378186,-0.171010086827));
#2717 = ADVANCED_FACE('',(#2718),#2729,.F.);
#2718 = FACE_BOUND('',#2719,.F.);
#2719 = EDGE_LOOP('',(#2720,#2721,#2722,#2723));
#2720 = ORIENTED_EDGE('',*,*,#2481,.F.);
#2721 = ORIENTED_EDGE('',*,*,#2706,.T.);
#2722 = ORIENTED_EDGE('',*,*,#2598,.T.);
#2723 = ORIENTED_EDGE('',*,*,#2724,.F.);
#2724 = EDGE_CURVE('',#2473,#2599,#2725,.T.);
#2725 = LINE('',#2726,#2727);
#2726 = CARTESIAN_POINT('',(-33.44570237407,-50.,-66.57591503492));
#2727 = VECTOR('',#2728,1.);
#2728 = DIRECTION('',(-0.342020143326,0.,-0.939692620786));
#2729 = PLANE('',#2730);
#2730 = AXIS2_PLACEMENT_3D('',#2731,#2732,#2733);
#2731 = CARTESIAN_POINT('',(-19.88240608128,-75.,-71.51255116403));
#2732 = DIRECTION('',(0.813797657295,0.500000044338,-0.296198123971));
#2733 = DIRECTION('',(-0.469846352057,0.866025378186,0.171010086827));
#2734 = ADVANCED_FACE('',(#2735),#2746,.F.);
#2735 = FACE_BOUND('',#2736,.F.);
#2736 = EDGE_LOOP('',(#2737,#2738,#2739,#2740));
#2737 = ORIENTED_EDGE('',*,*,#2472,.F.);
#2738 = ORIENTED_EDGE('',*,*,#2724,.T.);
#2739 = ORIENTED_EDGE('',*,*,#2606,.T.);
#2740 = ORIENTED_EDGE('',*,*,#2741,.F.);
#2741 = EDGE_CURVE('',#2464,#2607,#2742,.T.);
#2742 = LINE('',#2743,#2744);
#2743 = CARTESIAN_POINT('',(-19.88240608128,-25.,-71.51255116403));
#2744 = VECTOR('',#2745,1.);
#2745 = DIRECTION('',(-0.342020143326,0.,-0.939692620786));
#2746 = PLANE('',#2747);
#2747 = AXIS2_PLACEMENT_3D('',#2748,#2749,#2750);
#2748 = CARTESIAN_POINT('',(-33.44570237407,-50.,-66.57591503492));
#2749 = DIRECTION('',(0.813797657295,-0.500000044338,-0.296198123971));
#2750 = DIRECTION('',(0.469846352057,0.866025378186,-0.171010086827));
#2751 = ADVANCED_FACE('',(#2752),#2758,.T.);
#2752 = FACE_BOUND('',#2753,.T.);
#2753 = EDGE_LOOP('',(#2754,#2755,#2756,#2757));
#2754 = ORIENTED_EDGE('',*,*,#2741,.F.);
#2755 = ORIENTED_EDGE('',*,*,#2463,.F.);
#2756 = ORIENTED_EDGE('',*,*,#2636,.T.);
#2757 = ORIENTED_EDGE('',*,*,#2614,.F.);
#2758 = PLANE('',#2759);
#2759 = AXIS2_PLACEMENT_3D('',#2760,#2761,#2762);
#2760 = CARTESIAN_POINT('',(-27.43359955016,-12.5,-71.15854149625));
#2761 = DIRECTION('',(-0.813797657295,-0.500000044338,0.296198123971));
#2762 = DIRECTION('',(-0.469846352057,0.866025378186,0.171010086827));
#2763 = MANIFOLD_SOLID_BREP('',#2764);
#2764 = CLOSED_SHELL('',(#2765,#2806,#2892,#2916,#2988,#3005,#3022,#3039
    ,#3056,#3073,#3090,#3107));
#2765 = ADVANCED_FACE('',(#2766),#2801,.F.);
#2766 = FACE_BOUND('',#2767,.F.);
#2767 = EDGE_LOOP('',(#2768,#2779,#2787,#2795));
#2768 = ORIENTED_EDGE('',*,*,#2769,.F.);
#2769 = EDGE_CURVE('',#2770,#2772,#2774,.T.);
#2770 = VERTEX_POINT('',#2771);
#2771 = CARTESIAN_POINT('',(-66.97169202223,0.,-32.00162674864));
#2772 = VERTEX_POINT('',#2773);
#2773 = CARTESIAN_POINT('',(-61.79455283087,-25.,-45.6792726801));
#2774 = ELLIPSE('',#2775,461.88022900412,400.);
#2775 = AXIS2_PLACEMENT_3D('',#2776,#2777,#2778);
#2776 = CARTESIAN_POINT('',(291.15524353575,-50.,141.42971862536));
#2777 = DIRECTION('',(-0.433012689093,-0.500000044338,0.749999977831));
#2778 = DIRECTION('',(0.250000022169,-0.866025378186,-0.43301274029));
#2779 = ORIENTED_EDGE('',*,*,#2780,.T.);
#2780 = EDGE_CURVE('',#2770,#2781,#2783,.T.);
#2781 = VERTEX_POINT('',#2782);
#2782 = CARTESIAN_POINT('',(-70.86880633925,0.,-34.25162674864));
#2783 = LINE('',#2784,#2785);
#2784 = CARTESIAN_POINT('',(-66.97169202223,0.,-32.00162674864));
#2785 = VECTOR('',#2786,1.);
#2786 = DIRECTION('',(-0.866025403784,0.,-0.5));
#2787 = ORIENTED_EDGE('',*,*,#2788,.T.);
#2788 = EDGE_CURVE('',#2781,#2789,#2791,.T.);
#2789 = VERTEX_POINT('',#2790);
#2790 = CARTESIAN_POINT('',(-63.65192712111,-25.,-46.75162822656));
#2791 = LINE('',#2792,#2793);
#2792 = CARTESIAN_POINT('',(-70.86880633925,0.,-34.25162674864));
#2793 = VECTOR('',#2794,1.);
#2794 = DIRECTION('',(0.250000022169,-0.866025378186,-0.43301274029));
#2795 = ORIENTED_EDGE('',*,*,#2796,.F.);
#2796 = EDGE_CURVE('',#2772,#2789,#2797,.T.);
#2797 = LINE('',#2798,#2799);
#2798 = CARTESIAN_POINT('',(-59.75481280408,-25.,-44.50162822656));
#2799 = VECTOR('',#2800,1.);
#2800 = DIRECTION('',(-0.866025403784,0.,-0.5));
#2801 = PLANE('',#2802);
#2802 = AXIS2_PLACEMENT_3D('',#2803,#2804,#2805);
#2803 = CARTESIAN_POINT('',(-66.97169202223,0.,-32.00162674864));
#2804 = DIRECTION('',(-0.433012689093,-0.500000044338,0.749999977831));
#2805 = DIRECTION('',(0.250000022169,-0.866025378186,-0.43301274029));
#2806 = ADVANCED_FACE('',(#2807),#2887,.F.);
#2807 = FACE_BOUND('',#2808,.T.);
#2808 = EDGE_LOOP('',(#2809,#2810,#2818,#2827,#2836,#2845,#2854,#2862,
    #2871,#2880));
#2809 = ORIENTED_EDGE('',*,*,#2769,.F.);
#2810 = ORIENTED_EDGE('',*,*,#2811,.T.);
#2811 = EDGE_CURVE('',#2770,#2812,#2814,.T.);
#2812 = VERTEX_POINT('',#2813);
#2813 = CARTESIAN_POINT('',(-68.41506773786,0.,-29.50162667474));
#2814 = LINE('',#2815,#2816);
#2815 = CARTESIAN_POINT('',(-66.97169202223,0.,-32.00162674864));
#2816 = VECTOR('',#2817,1.);
#2817 = DIRECTION('',(-0.5,0.,0.866025403784));
#2818 = ORIENTED_EDGE('',*,*,#2819,.T.);
#2819 = EDGE_CURVE('',#2812,#2820,#2822,.T.);
#2820 = VERTEX_POINT('',#2821);
#2821 = CARTESIAN_POINT('',(-63.23792854651,-25.,-43.17927260621));
#2822 = ELLIPSE('',#2823,461.88022900412,400.);
#2823 = AXIS2_PLACEMENT_3D('',#2824,#2825,#2826);
#2824 = CARTESIAN_POINT('',(289.71186782011,-50.,143.92971869926));
#2825 = DIRECTION('',(-0.433012689093,-0.500000044338,0.749999977831));
#2826 = DIRECTION('',(0.250000022169,-0.866025378186,-0.43301274029));
#2827 = ORIENTED_EDGE('',*,*,#2828,.F.);
#2828 = EDGE_CURVE('',#2829,#2820,#2831,.T.);
#2829 = VERTEX_POINT('',#2830);
#2830 = CARTESIAN_POINT('',(-71.13205212995,-50.,-31.0702783449));
#2831 = ELLIPSE('',#2832,461.88022900412,400.);
#2832 = AXIS2_PLACEMENT_3D('',#2833,#2834,#2835);
#2833 = CARTESIAN_POINT('',(275.27810938382,-50.,168.92972165509));
#2834 = DIRECTION('',(0.433012689093,-0.500000044338,-0.749999977831));
#2835 = DIRECTION('',(0.250000022169,0.866025378186,-0.43301274029));
#2836 = ORIENTED_EDGE('',*,*,#2837,.F.);
#2837 = EDGE_CURVE('',#2838,#2829,#2840,.T.);
#2838 = VERTEX_POINT('',#2839);
#2839 = CARTESIAN_POINT('',(-63.23792854651,-75.,-43.17927260621));
#2840 = ELLIPSE('',#2841,461.88022900412,400.);
#2841 = AXIS2_PLACEMENT_3D('',#2842,#2843,#2844);
#2842 = CARTESIAN_POINT('',(275.27810938382,-50.,168.92972165509));
#2843 = DIRECTION('',(0.433012689093,0.500000044338,-0.749999977831));
#2844 = DIRECTION('',(0.250000022169,-0.866025378186,-0.43301274029));
#2845 = ORIENTED_EDGE('',*,*,#2846,.T.);
#2846 = EDGE_CURVE('',#2838,#2847,#2849,.T.);
#2847 = VERTEX_POINT('',#2848);
#2848 = CARTESIAN_POINT('',(-68.41506773786,-100.,-29.50162667474));
#2849 = ELLIPSE('',#2850,461.88022900412,400.);
#2850 = AXIS2_PLACEMENT_3D('',#2851,#2852,#2853);
#2851 = CARTESIAN_POINT('',(289.71186782011,-50.,143.92971869926));
#2852 = DIRECTION('',(-0.433012689093,0.500000044338,0.749999977831));
#2853 = DIRECTION('',(0.250000022169,0.866025378186,-0.43301274029));
#2854 = ORIENTED_EDGE('',*,*,#2855,.F.);
#2855 = EDGE_CURVE('',#2856,#2847,#2858,.T.);
#2856 = VERTEX_POINT('',#2857);
#2857 = CARTESIAN_POINT('',(-66.97169202223,-100.,-32.00162674864));
#2858 = LINE('',#2859,#2860);
#2859 = CARTESIAN_POINT('',(-67.69337988004,-100.,-30.75162671169));
#2860 = VECTOR('',#2861,1.);
#2861 = DIRECTION('',(-0.5,0.,0.866025403784));
#2862 = ORIENTED_EDGE('',*,*,#2863,.F.);
#2863 = EDGE_CURVE('',#2864,#2856,#2866,.T.);
#2864 = VERTEX_POINT('',#2865);
#2865 = CARTESIAN_POINT('',(-61.79455283087,-75.,-45.6792726801));
#2866 = ELLIPSE('',#2867,461.88022900412,400.);
#2867 = AXIS2_PLACEMENT_3D('',#2868,#2869,#2870);
#2868 = CARTESIAN_POINT('',(291.15524353575,-50.,141.42971862536));
#2869 = DIRECTION('',(-0.433012689093,0.500000044338,0.749999977831));
#2870 = DIRECTION('',(0.250000022169,0.866025378186,-0.43301274029));
#2871 = ORIENTED_EDGE('',*,*,#2872,.F.);
#2872 = EDGE_CURVE('',#2873,#2864,#2875,.T.);
#2873 = VERTEX_POINT('',#2874);
#2874 = CARTESIAN_POINT('',(-69.68867641431,-50.,-33.57027841879));
#2875 = ELLIPSE('',#2876,461.88022900412,400.);
#2876 = AXIS2_PLACEMENT_3D('',#2877,#2878,#2879);
#2877 = CARTESIAN_POINT('',(276.72148509945,-50.,166.4297215812));
#2878 = DIRECTION('',(-0.433012689093,-0.500000044338,0.749999977831));
#2879 = DIRECTION('',(0.250000022169,-0.866025378186,-0.43301274029));
#2880 = ORIENTED_EDGE('',*,*,#2881,.F.);
#2881 = EDGE_CURVE('',#2772,#2873,#2882,.T.);
#2882 = ELLIPSE('',#2883,461.88022900412,400.);
#2883 = AXIS2_PLACEMENT_3D('',#2884,#2885,#2886);
#2884 = CARTESIAN_POINT('',(276.72148509945,-50.,166.4297215812));
#2885 = DIRECTION('',(-0.433012689093,0.500000044338,0.749999977831));
#2886 = DIRECTION('',(0.250000022169,0.866025378186,-0.43301274029));
#2887 = CYLINDRICAL_SURFACE('',#2888,400.);
#2888 = AXIS2_PLACEMENT_3D('',#2889,#2890,#2891);
#2889 = CARTESIAN_POINT('',(285.99979724163,-50.,150.35921354246));
#2890 = DIRECTION('',(0.5,-0.,-0.866025403784));
#2891 = DIRECTION('',(0.,1.,0.));
#2892 = ADVANCED_FACE('',(#2893),#2911,.F.);
#2893 = FACE_BOUND('',#2894,.F.);
#2894 = EDGE_LOOP('',(#2895,#2896,#2897,#2905));
#2895 = ORIENTED_EDGE('',*,*,#2881,.F.);
#2896 = ORIENTED_EDGE('',*,*,#2796,.T.);
#2897 = ORIENTED_EDGE('',*,*,#2898,.T.);
#2898 = EDGE_CURVE('',#2789,#2899,#2901,.T.);
#2899 = VERTEX_POINT('',#2900);
#2900 = CARTESIAN_POINT('',(-70.86880633925,-50.,-34.25162674864));
#2901 = LINE('',#2902,#2903);
#2902 = CARTESIAN_POINT('',(-63.65192712111,-25.,-46.75162822656));
#2903 = VECTOR('',#2904,1.);
#2904 = DIRECTION('',(-0.250000022169,-0.866025378186,0.43301274029));
#2905 = ORIENTED_EDGE('',*,*,#2906,.F.);
#2906 = EDGE_CURVE('',#2873,#2899,#2907,.T.);
#2907 = LINE('',#2908,#2909);
#2908 = CARTESIAN_POINT('',(-66.97169202223,-50.,-32.00162674864));
#2909 = VECTOR('',#2910,1.);
#2910 = DIRECTION('',(-0.866025403784,0.,-0.5));
#2911 = PLANE('',#2912);
#2912 = AXIS2_PLACEMENT_3D('',#2913,#2914,#2915);
#2913 = CARTESIAN_POINT('',(-59.75481280408,-25.,-44.50162822656));
#2914 = DIRECTION('',(-0.433012689093,0.500000044338,0.749999977831));
#2915 = DIRECTION('',(-0.250000022169,-0.866025378186,0.43301274029));
#2916 = ADVANCED_FACE('',(#2917),#2983,.T.);
#2917 = FACE_BOUND('',#2918,.T.);
#2918 = EDGE_LOOP('',(#2919,#2920,#2921,#2929,#2937,#2945,#2953,#2961,
    #2969,#2977));
#2919 = ORIENTED_EDGE('',*,*,#2788,.T.);
#2920 = ORIENTED_EDGE('',*,*,#2898,.T.);
#2921 = ORIENTED_EDGE('',*,*,#2922,.T.);
#2922 = EDGE_CURVE('',#2899,#2923,#2925,.T.);
#2923 = VERTEX_POINT('',#2924);
#2924 = CARTESIAN_POINT('',(-63.65192712111,-75.,-46.75162822656));
#2925 = LINE('',#2926,#2927);
#2926 = CARTESIAN_POINT('',(-70.86880633925,-50.,-34.25162674864));
#2927 = VECTOR('',#2928,1.);
#2928 = DIRECTION('',(0.250000022169,-0.866025378186,-0.43301274029));
#2929 = ORIENTED_EDGE('',*,*,#2930,.T.);
#2930 = EDGE_CURVE('',#2923,#2931,#2933,.T.);
#2931 = VERTEX_POINT('',#2932);
#2932 = CARTESIAN_POINT('',(-70.86880633925,-100.,-34.25162674864));
#2933 = LINE('',#2934,#2935);
#2934 = CARTESIAN_POINT('',(-63.65192712111,-75.,-46.75162822656));
#2935 = VECTOR('',#2936,1.);
#2936 = DIRECTION('',(-0.250000022169,-0.866025378186,0.43301274029));
#2937 = ORIENTED_EDGE('',*,*,#2938,.T.);
#2938 = EDGE_CURVE('',#2931,#2939,#2941,.T.);
#2939 = VERTEX_POINT('',#2940);
#2940 = CARTESIAN_POINT('',(-72.31218205489,-100.,-31.75162667474));
#2941 = LINE('',#2942,#2943);
#2942 = CARTESIAN_POINT('',(-70.86880633925,-100.,-34.25162674864));
#2943 = VECTOR('',#2944,1.);
#2944 = DIRECTION('',(-0.5,0.,0.866025403784));
#2945 = ORIENTED_EDGE('',*,*,#2946,.F.);
#2946 = EDGE_CURVE('',#2947,#2939,#2949,.T.);
#2947 = VERTEX_POINT('',#2948);
#2948 = CARTESIAN_POINT('',(-65.09530283675,-75.,-44.25162815266));
#2949 = LINE('',#2950,#2951);
#2950 = CARTESIAN_POINT('',(-72.13176005844,-99.37499994457,
    -32.0641267394));
#2951 = VECTOR('',#2952,1.);
#2952 = DIRECTION('',(-0.250000022169,-0.866025378186,0.43301274029));
#2953 = ORIENTED_EDGE('',*,*,#2954,.T.);
#2954 = EDGE_CURVE('',#2947,#2955,#2957,.T.);
#2955 = VERTEX_POINT('',#2956);
#2956 = CARTESIAN_POINT('',(-72.31218205489,-50.,-31.75162667474));
#2957 = LINE('',#2958,#2959);
#2958 = CARTESIAN_POINT('',(-65.09530283675,-75.,-44.25162815266));
#2959 = VECTOR('',#2960,1.);
#2960 = DIRECTION('',(-0.250000022169,0.866025378186,0.43301274029));
#2961 = ORIENTED_EDGE('',*,*,#2962,.T.);
#2962 = EDGE_CURVE('',#2955,#2963,#2965,.T.);
#2963 = VERTEX_POINT('',#2964);
#2964 = CARTESIAN_POINT('',(-65.09530283675,-25.,-44.25162815266));
#2965 = LINE('',#2966,#2967);
#2966 = CARTESIAN_POINT('',(-72.31218205489,-50.,-31.75162667474));
#2967 = VECTOR('',#2968,1.);
#2968 = DIRECTION('',(0.250000022169,0.866025378186,-0.43301274029));
#2969 = ORIENTED_EDGE('',*,*,#2970,.T.);
#2970 = EDGE_CURVE('',#2963,#2971,#2973,.T.);
#2971 = VERTEX_POINT('',#2972);
#2972 = CARTESIAN_POINT('',(-72.31218205489,0.,-31.75162667474));
#2973 = LINE('',#2974,#2975);
#2974 = CARTESIAN_POINT('',(-65.09530283675,-25.,-44.25162815266));
#2975 = VECTOR('',#2976,1.);
#2976 = DIRECTION('',(-0.250000022169,0.866025378186,0.43301274029));
#2977 = ORIENTED_EDGE('',*,*,#2978,.T.);
#2978 = EDGE_CURVE('',#2971,#2781,#2979,.T.);
#2979 = LINE('',#2980,#2981);
#2980 = CARTESIAN_POINT('',(-72.31218205489,0.,-31.75162667474));
#2981 = VECTOR('',#2982,1.);
#2982 = DIRECTION('',(0.5,0.,-0.866025403784));
#2983 = PLANE('',#2984);
#2984 = AXIS2_PLACEMENT_3D('',#2985,#2986,#2987);
#2985 = CARTESIAN_POINT('',(-68.07006531017,-50.,-39.09918840824));
#2986 = DIRECTION('',(-0.866025403784,0.,-0.5));
#2987 = DIRECTION('',(-0.5,0.,0.866025403784));
#2988 = ADVANCED_FACE('',(#2989),#3000,.T.);
#2989 = FACE_BOUND('',#2990,.T.);
#2990 = EDGE_LOOP('',(#2991,#2997,#2998,#2999));
#2991 = ORIENTED_EDGE('',*,*,#2992,.F.);
#2992 = EDGE_CURVE('',#2812,#2971,#2993,.T.);
#2993 = LINE('',#2994,#2995);
#2994 = CARTESIAN_POINT('',(-68.41506773786,0.,-29.50162667474));
#2995 = VECTOR('',#2996,1.);
#2996 = DIRECTION('',(-0.866025403784,0.,-0.5));
#2997 = ORIENTED_EDGE('',*,*,#2811,.F.);
#2998 = ORIENTED_EDGE('',*,*,#2780,.T.);
#2999 = ORIENTED_EDGE('',*,*,#2978,.F.);
#3000 = PLANE('',#3001);
#3001 = AXIS2_PLACEMENT_3D('',#3002,#3003,#3004);
#3002 = CARTESIAN_POINT('',(-69.64193703856,0.,-31.87662671169));
#3003 = DIRECTION('',(0.,1.,0.));
#3004 = DIRECTION('',(-0.866025403784,0.,-0.5));
#3005 = ADVANCED_FACE('',(#3006),#3017,.F.);
#3006 = FACE_BOUND('',#3007,.F.);
#3007 = EDGE_LOOP('',(#3008,#3009,#3010,#3011));
#3008 = ORIENTED_EDGE('',*,*,#2872,.F.);
#3009 = ORIENTED_EDGE('',*,*,#2906,.T.);
#3010 = ORIENTED_EDGE('',*,*,#2922,.T.);
#3011 = ORIENTED_EDGE('',*,*,#3012,.F.);
#3012 = EDGE_CURVE('',#2864,#2923,#3013,.T.);
#3013 = LINE('',#3014,#3015);
#3014 = CARTESIAN_POINT('',(-59.75481280408,-75.,-44.50162822656));
#3015 = VECTOR('',#3016,1.);
#3016 = DIRECTION('',(-0.866025403784,0.,-0.5));
#3017 = PLANE('',#3018);
#3018 = AXIS2_PLACEMENT_3D('',#3019,#3020,#3021);
#3019 = CARTESIAN_POINT('',(-66.97169202223,-50.,-32.00162674864));
#3020 = DIRECTION('',(-0.433012689093,-0.500000044338,0.749999977831));
#3021 = DIRECTION('',(0.250000022169,-0.866025378186,-0.43301274029));
#3022 = ADVANCED_FACE('',(#3023),#3034,.F.);
#3023 = FACE_BOUND('',#3024,.F.);
#3024 = EDGE_LOOP('',(#3025,#3026,#3027,#3028));
#3025 = ORIENTED_EDGE('',*,*,#2863,.F.);
#3026 = ORIENTED_EDGE('',*,*,#3012,.T.);
#3027 = ORIENTED_EDGE('',*,*,#2930,.T.);
#3028 = ORIENTED_EDGE('',*,*,#3029,.F.);
#3029 = EDGE_CURVE('',#2856,#2931,#3030,.T.);
#3030 = LINE('',#3031,#3032);
#3031 = CARTESIAN_POINT('',(-66.97169202223,-100.,-32.00162674864));
#3032 = VECTOR('',#3033,1.);
#3033 = DIRECTION('',(-0.866025403784,0.,-0.5));
#3034 = PLANE('',#3035);
#3035 = AXIS2_PLACEMENT_3D('',#3036,#3037,#3038);
#3036 = CARTESIAN_POINT('',(-59.75481280408,-75.,-44.50162822656));
#3037 = DIRECTION('',(-0.433012689093,0.500000044338,0.749999977831));
#3038 = DIRECTION('',(-0.250000022169,-0.866025378186,0.43301274029));
#3039 = ADVANCED_FACE('',(#3040),#3051,.T.);
#3040 = FACE_BOUND('',#3041,.T.);
#3041 = EDGE_LOOP('',(#3042,#3043,#3044,#3050));
#3042 = ORIENTED_EDGE('',*,*,#3029,.F.);
#3043 = ORIENTED_EDGE('',*,*,#2855,.T.);
#3044 = ORIENTED_EDGE('',*,*,#3045,.T.);
#3045 = EDGE_CURVE('',#2847,#2939,#3046,.T.);
#3046 = LINE('',#3047,#3048);
#3047 = CARTESIAN_POINT('',(-68.41506773786,-100.,-29.50162667474));
#3048 = VECTOR('',#3049,1.);
#3049 = DIRECTION('',(-0.866025403784,0.,-0.5));
#3050 = ORIENTED_EDGE('',*,*,#2938,.F.);
#3051 = PLANE('',#3052);
#3052 = AXIS2_PLACEMENT_3D('',#3053,#3054,#3055);
#3053 = CARTESIAN_POINT('',(-69.64193703856,-100.,-31.87662671169));
#3054 = DIRECTION('',(0.,-1.,0.));
#3055 = DIRECTION('',(0.866025403784,0.,0.5));
#3056 = ADVANCED_FACE('',(#3057),#3068,.T.);
#3057 = FACE_BOUND('',#3058,.T.);
#3058 = EDGE_LOOP('',(#3059,#3060,#3061,#3067));
#3059 = ORIENTED_EDGE('',*,*,#3045,.F.);
#3060 = ORIENTED_EDGE('',*,*,#2846,.F.);
#3061 = ORIENTED_EDGE('',*,*,#3062,.T.);
#3062 = EDGE_CURVE('',#2838,#2947,#3063,.T.);
#3063 = LINE('',#3064,#3065);
#3064 = CARTESIAN_POINT('',(-61.19818851972,-75.,-42.00162815266));
#3065 = VECTOR('',#3066,1.);
#3066 = DIRECTION('',(-0.866025403784,0.,-0.5));
#3067 = ORIENTED_EDGE('',*,*,#2946,.T.);
#3068 = PLANE('',#3069);
#3069 = AXIS2_PLACEMENT_3D('',#3070,#3071,#3072);
#3070 = CARTESIAN_POINT('',(-66.7551852873,-87.5,-36.8766274137));
#3071 = DIRECTION('',(-0.433012689093,0.500000044338,0.749999977831));
#3072 = DIRECTION('',(0.250000022169,0.866025378186,-0.43301274029));
#3073 = ADVANCED_FACE('',(#3074),#3085,.F.);
#3074 = FACE_BOUND('',#3075,.F.);
#3075 = EDGE_LOOP('',(#3076,#3077,#3078,#3079));
#3076 = ORIENTED_EDGE('',*,*,#2837,.F.);
#3077 = ORIENTED_EDGE('',*,*,#3062,.T.);
#3078 = ORIENTED_EDGE('',*,*,#2954,.T.);
#3079 = ORIENTED_EDGE('',*,*,#3080,.F.);
#3080 = EDGE_CURVE('',#2829,#2955,#3081,.T.);
#3081 = LINE('',#3082,#3083);
#3082 = CARTESIAN_POINT('',(-68.41506773786,-50.,-29.50162667474));
#3083 = VECTOR('',#3084,1.);
#3084 = DIRECTION('',(-0.866025403784,0.,-0.5));
#3085 = PLANE('',#3086);
#3086 = AXIS2_PLACEMENT_3D('',#3087,#3088,#3089);
#3087 = CARTESIAN_POINT('',(-61.19818851972,-75.,-42.00162815266));
#3088 = DIRECTION('',(0.433012689093,0.500000044338,-0.749999977831));
#3089 = DIRECTION('',(-0.250000022169,0.866025378186,0.43301274029));
#3090 = ADVANCED_FACE('',(#3091),#3102,.F.);
#3091 = FACE_BOUND('',#3092,.F.);
#3092 = EDGE_LOOP('',(#3093,#3094,#3095,#3096));
#3093 = ORIENTED_EDGE('',*,*,#2828,.F.);
#3094 = ORIENTED_EDGE('',*,*,#3080,.T.);
#3095 = ORIENTED_EDGE('',*,*,#2962,.T.);
#3096 = ORIENTED_EDGE('',*,*,#3097,.F.);
#3097 = EDGE_CURVE('',#2820,#2963,#3098,.T.);
#3098 = LINE('',#3099,#3100);
#3099 = CARTESIAN_POINT('',(-61.19818851972,-25.,-42.00162815266));
#3100 = VECTOR('',#3101,1.);
#3101 = DIRECTION('',(-0.866025403784,0.,-0.5));
#3102 = PLANE('',#3103);
#3103 = AXIS2_PLACEMENT_3D('',#3104,#3105,#3106);
#3104 = CARTESIAN_POINT('',(-68.41506773786,-50.,-29.50162667474));
#3105 = DIRECTION('',(0.433012689093,-0.500000044338,-0.749999977831));
#3106 = DIRECTION('',(0.250000022169,0.866025378186,-0.43301274029));
#3107 = ADVANCED_FACE('',(#3108),#3114,.T.);
#3108 = FACE_BOUND('',#3109,.T.);
#3109 = EDGE_LOOP('',(#3110,#3111,#3112,#3113));
#3110 = ORIENTED_EDGE('',*,*,#3097,.F.);
#3111 = ORIENTED_EDGE('',*,*,#2819,.F.);
#3112 = ORIENTED_EDGE('',*,*,#2992,.T.);
#3113 = ORIENTED_EDGE('',*,*,#2970,.F.);
#3114 = PLANE('',#3115);
#3115 = AXIS2_PLACEMENT_3D('',#3116,#3117,#3118);
#3116 = CARTESIAN_POINT('',(-66.7551852873,-12.5,-36.8766274137));
#3117 = DIRECTION('',(-0.433012689093,-0.500000044338,0.749999977831));
#3118 = DIRECTION('',(-0.250000022169,0.866025378186,0.43301274029));
#3119 = MANIFOLD_SOLID_BREP('',#3120);
#3120 = CLOSED_SHELL('',(#3121,#3162,#3248,#3272,#3344,#3361,#3378,#3395
    ,#3412,#3429,#3446,#3463));
#3121 = ADVANCED_FACE('',(#3122),#3157,.F.);
#3122 = FACE_BOUND('',#3123,.F.);
#3123 = EDGE_LOOP('',(#3124,#3135,#3143,#3151));
#3124 = ORIENTED_EDGE('',*,*,#3125,.F.);
#3125 = EDGE_CURVE('',#3126,#3128,#3130,.T.);
#3126 = VERTEX_POINT('',#3127);
#3127 = CARTESIAN_POINT('',(-71.87354168374,0.,18.533905490066));
#3128 = VERTEX_POINT('',#3129);
#3129 = CARTESIAN_POINT('',(-76.69944430938,-25.,4.728419903495));
#3130 = ELLIPSE('',#3131,461.88022900412,400.);
#3131 = AXIS2_PLACEMENT_3D('',#3132,#3133,#3134);
#3132 = CARTESIAN_POINT('',(313.94712716935,-50.,-78.8095329952));
#3133 = DIRECTION('',(0.150383728735,-0.500000044338,0.852868506743));
#3134 = DIRECTION('',(-8.68240965326E-02,-0.866025378186,-0.49240392017)
  );
#3135 = ORIENTED_EDGE('',*,*,#3136,.T.);
#3136 = EDGE_CURVE('',#3126,#3137,#3139,.T.);
#3137 = VERTEX_POINT('',#3138);
#3138 = CARTESIAN_POINT('',(-76.3051765723,0.,19.315322289567));
#3139 = LINE('',#3140,#3141);
#3140 = CARTESIAN_POINT('',(-71.87354168374,0.,18.533905490066));
#3141 = VECTOR('',#3142,1.);
#3142 = DIRECTION('',(-0.984807753012,0.,0.173648177667));
#3143 = ORIENTED_EDGE('',*,*,#3144,.T.);
#3144 = EDGE_CURVE('',#3137,#3145,#3147,.T.);
#3145 = VERTEX_POINT('',#3146);
#3146 = CARTESIAN_POINT('',(-78.81157242164,-25.,5.1008450764));
#3147 = LINE('',#3148,#3149);
#3148 = CARTESIAN_POINT('',(-76.3051765723,0.,19.315322289567));
#3149 = VECTOR('',#3150,1.);
#3150 = DIRECTION('',(-8.68240965326E-02,-0.866025378186,-0.49240392017)
  );
#3151 = ORIENTED_EDGE('',*,*,#3152,.F.);
#3152 = EDGE_CURVE('',#3128,#3145,#3153,.T.);
#3153 = LINE('',#3154,#3155);
#3154 = CARTESIAN_POINT('',(-74.37993753309,-25.,4.319428276899));
#3155 = VECTOR('',#3156,1.);
#3156 = DIRECTION('',(-0.984807753012,0.,0.173648177667));
#3157 = PLANE('',#3158);
#3158 = AXIS2_PLACEMENT_3D('',#3159,#3160,#3161);
#3159 = CARTESIAN_POINT('',(-71.87354168374,0.,18.533905490066));
#3160 = DIRECTION('',(0.150383728735,-0.500000044338,0.852868506743));
#3161 = DIRECTION('',(-8.68240965326E-02,-0.866025378186,-0.49240392017)
  );
#3162 = ADVANCED_FACE('',(#3163),#3243,.F.);
#3163 = FACE_BOUND('',#3164,.T.);
#3164 = EDGE_LOOP('',(#3165,#3166,#3174,#3183,#3192,#3201,#3210,#3218,
    #3227,#3236));
#3165 = ORIENTED_EDGE('',*,*,#3125,.F.);
#3166 = ORIENTED_EDGE('',*,*,#3167,.T.);
#3167 = EDGE_CURVE('',#3126,#3168,#3170,.T.);
#3168 = VERTEX_POINT('',#3169);
#3169 = CARTESIAN_POINT('',(-71.37226255832,0.,21.376800680606));
#3170 = LINE('',#3171,#3172);
#3171 = CARTESIAN_POINT('',(-71.87354168374,0.,18.533905490066));
#3172 = VECTOR('',#3173,1.);
#3173 = DIRECTION('',(0.173648177667,0.,0.984807753012));
#3174 = ORIENTED_EDGE('',*,*,#3175,.T.);
#3175 = EDGE_CURVE('',#3168,#3176,#3178,.T.);
#3176 = VERTEX_POINT('',#3177);
#3177 = CARTESIAN_POINT('',(-76.19816518396,-25.,7.571315094034));
#3178 = ELLIPSE('',#3179,461.88022900412,400.);
#3179 = AXIS2_PLACEMENT_3D('',#3180,#3181,#3182);
#3180 = CARTESIAN_POINT('',(314.44840629477,-50.,-75.96663780466));
#3181 = DIRECTION('',(0.150383728735,-0.500000044338,0.852868506743));
#3182 = DIRECTION('',(-8.68240965326E-02,-0.866025378186,-0.49240392017)
  );
#3183 = ORIENTED_EDGE('',*,*,#3184,.F.);
#3184 = EDGE_CURVE('',#3185,#3176,#3187,.T.);
#3185 = VERTEX_POINT('',#3186);
#3186 = CARTESIAN_POINT('',(-74.46190321141,-50.,21.921587688439));
#3187 = ELLIPSE('',#3188,461.88022900412,400.);
#3188 = AXIS2_PLACEMENT_3D('',#3189,#3190,#3191);
#3189 = CARTESIAN_POINT('',(319.46119799346,-50.,-47.53768337833));
#3190 = DIRECTION('',(-0.150383728735,-0.500000044338,-0.852868506743));
#3191 = DIRECTION('',(-8.68240965326E-02,0.866025378186,-0.49240392017)
  );
#3192 = ORIENTED_EDGE('',*,*,#3193,.F.);
#3193 = EDGE_CURVE('',#3194,#3185,#3196,.T.);
#3194 = VERTEX_POINT('',#3195);
#3195 = CARTESIAN_POINT('',(-76.19816518396,-75.,7.571315094034));
#3196 = ELLIPSE('',#3197,461.88022900412,400.);
#3197 = AXIS2_PLACEMENT_3D('',#3198,#3199,#3200);
#3198 = CARTESIAN_POINT('',(319.46119799346,-50.,-47.53768337833));
#3199 = DIRECTION('',(-0.150383728735,0.500000044338,-0.852868506743));
#3200 = DIRECTION('',(-8.68240965326E-02,-0.866025378186,-0.49240392017)
  );
#3201 = ORIENTED_EDGE('',*,*,#3202,.T.);
#3202 = EDGE_CURVE('',#3194,#3203,#3205,.T.);
#3203 = VERTEX_POINT('',#3204);
#3204 = CARTESIAN_POINT('',(-71.37226255832,-100.,21.376800680606));
#3205 = ELLIPSE('',#3206,461.88022900412,400.);
#3206 = AXIS2_PLACEMENT_3D('',#3207,#3208,#3209);
#3207 = CARTESIAN_POINT('',(314.44840629477,-50.,-75.96663780466));
#3208 = DIRECTION('',(0.150383728735,0.500000044338,0.852868506743));
#3209 = DIRECTION('',(-8.68240965326E-02,0.866025378186,-0.49240392017)
  );
#3210 = ORIENTED_EDGE('',*,*,#3211,.F.);
#3211 = EDGE_CURVE('',#3212,#3203,#3214,.T.);
#3212 = VERTEX_POINT('',#3213);
#3213 = CARTESIAN_POINT('',(-71.87354168374,-100.,18.533905490066));
#3214 = LINE('',#3215,#3216);
#3215 = CARTESIAN_POINT('',(-71.62290212103,-100.,19.955353085336));
#3216 = VECTOR('',#3217,1.);
#3217 = DIRECTION('',(0.173648177667,0.,0.984807753012));
#3218 = ORIENTED_EDGE('',*,*,#3219,.F.);
#3219 = EDGE_CURVE('',#3220,#3212,#3222,.T.);
#3220 = VERTEX_POINT('',#3221);
#3221 = CARTESIAN_POINT('',(-76.69944430938,-75.,4.728419903495));
#3222 = ELLIPSE('',#3223,461.88022900412,400.);
#3223 = AXIS2_PLACEMENT_3D('',#3224,#3225,#3226);
#3224 = CARTESIAN_POINT('',(313.94712716935,-50.,-78.8095329952));
#3225 = DIRECTION('',(0.150383728735,0.500000044338,0.852868506743));
#3226 = DIRECTION('',(-8.68240965326E-02,0.866025378186,-0.49240392017)
  );
#3227 = ORIENTED_EDGE('',*,*,#3228,.F.);
#3228 = EDGE_CURVE('',#3229,#3220,#3231,.T.);
#3229 = VERTEX_POINT('',#3230);
#3230 = CARTESIAN_POINT('',(-74.96318233683,-50.,19.0786924979));
#3231 = ELLIPSE('',#3232,461.88022900412,400.);
#3232 = AXIS2_PLACEMENT_3D('',#3233,#3234,#3235);
#3233 = CARTESIAN_POINT('',(318.95991886804,-50.,-50.38057856887));
#3234 = DIRECTION('',(0.150383728735,-0.500000044338,0.852868506743));
#3235 = DIRECTION('',(-8.68240965326E-02,-0.866025378186,-0.49240392017)
  );
#3236 = ORIENTED_EDGE('',*,*,#3237,.F.);
#3237 = EDGE_CURVE('',#3128,#3229,#3238,.T.);
#3238 = ELLIPSE('',#3239,461.88022900412,400.);
#3239 = AXIS2_PLACEMENT_3D('',#3240,#3241,#3242);
#3240 = CARTESIAN_POINT('',(318.95991886804,-50.,-50.38057856887));
#3241 = DIRECTION('',(0.150383728735,0.500000044338,0.852868506743));
#3242 = DIRECTION('',(-8.68240965326E-02,0.866025378186,-0.49240392017)
  );
#3243 = CYLINDRICAL_SURFACE('',#3244,400.);
#3244 = AXIS2_PLACEMENT_3D('',#3245,#3246,#3247);
#3245 = CARTESIAN_POINT('',(315.73759487741,-50.,-68.65528603384));
#3246 = DIRECTION('',(-0.173648177667,-0.,-0.984807753012));
#3247 = DIRECTION('',(0.,1.,0.));
#3248 = ADVANCED_FACE('',(#3249),#3267,.F.);
#3249 = FACE_BOUND('',#3250,.F.);
#3250 = EDGE_LOOP('',(#3251,#3252,#3253,#3261));
#3251 = ORIENTED_EDGE('',*,*,#3237,.F.);
#3252 = ORIENTED_EDGE('',*,*,#3152,.T.);
#3253 = ORIENTED_EDGE('',*,*,#3254,.T.);
#3254 = EDGE_CURVE('',#3145,#3255,#3257,.T.);
#3255 = VERTEX_POINT('',#3256);
#3256 = CARTESIAN_POINT('',(-76.3051765723,-50.,19.315322289567));
#3257 = LINE('',#3258,#3259);
#3258 = CARTESIAN_POINT('',(-78.81157242164,-25.,5.1008450764));
#3259 = VECTOR('',#3260,1.);
#3260 = DIRECTION('',(8.68240965326E-02,-0.866025378186,0.49240392017));
#3261 = ORIENTED_EDGE('',*,*,#3262,.F.);
#3262 = EDGE_CURVE('',#3229,#3255,#3263,.T.);
#3263 = LINE('',#3264,#3265);
#3264 = CARTESIAN_POINT('',(-71.87354168374,-50.,18.533905490066));
#3265 = VECTOR('',#3266,1.);
#3266 = DIRECTION('',(-0.984807753012,0.,0.173648177667));
#3267 = PLANE('',#3268);
#3268 = AXIS2_PLACEMENT_3D('',#3269,#3270,#3271);
#3269 = CARTESIAN_POINT('',(-74.37993753309,-25.,4.319428276899));
#3270 = DIRECTION('',(0.150383728735,0.500000044338,0.852868506743));
#3271 = DIRECTION('',(8.68240965326E-02,-0.866025378186,0.49240392017));
#3272 = ADVANCED_FACE('',(#3273),#3339,.T.);
#3273 = FACE_BOUND('',#3274,.T.);
#3274 = EDGE_LOOP('',(#3275,#3276,#3277,#3285,#3293,#3301,#3309,#3317,
    #3325,#3333));
#3275 = ORIENTED_EDGE('',*,*,#3144,.T.);
#3276 = ORIENTED_EDGE('',*,*,#3254,.T.);
#3277 = ORIENTED_EDGE('',*,*,#3278,.T.);
#3278 = EDGE_CURVE('',#3255,#3279,#3281,.T.);
#3279 = VERTEX_POINT('',#3280);
#3280 = CARTESIAN_POINT('',(-78.81157242164,-75.,5.1008450764));
#3281 = LINE('',#3282,#3283);
#3282 = CARTESIAN_POINT('',(-76.3051765723,-50.,19.315322289567));
#3283 = VECTOR('',#3284,1.);
#3284 = DIRECTION('',(-8.68240965326E-02,-0.866025378186,-0.49240392017)
  );
#3285 = ORIENTED_EDGE('',*,*,#3286,.T.);
#3286 = EDGE_CURVE('',#3279,#3287,#3289,.T.);
#3287 = VERTEX_POINT('',#3288);
#3288 = CARTESIAN_POINT('',(-76.3051765723,-100.,19.315322289567));
#3289 = LINE('',#3290,#3291);
#3290 = CARTESIAN_POINT('',(-78.81157242164,-75.,5.1008450764));
#3291 = VECTOR('',#3292,1.);
#3292 = DIRECTION('',(8.68240965326E-02,-0.866025378186,0.49240392017));
#3293 = ORIENTED_EDGE('',*,*,#3294,.T.);
#3294 = EDGE_CURVE('',#3287,#3295,#3297,.T.);
#3295 = VERTEX_POINT('',#3296);
#3296 = CARTESIAN_POINT('',(-75.80389744688,-100.,22.158217480107));
#3297 = LINE('',#3298,#3299);
#3298 = CARTESIAN_POINT('',(-76.3051765723,-100.,19.315322289567));
#3299 = VECTOR('',#3300,1.);
#3300 = DIRECTION('',(0.173648177667,0.,0.984807753012));
#3301 = ORIENTED_EDGE('',*,*,#3302,.F.);
#3302 = EDGE_CURVE('',#3303,#3295,#3305,.T.);
#3303 = VERTEX_POINT('',#3304);
#3304 = CARTESIAN_POINT('',(-78.31029329622,-75.,7.943740266939));
#3305 = LINE('',#3306,#3307);
#3306 = CARTESIAN_POINT('',(-75.86655734867,-99.37499994457,
    21.802855518266));
#3307 = VECTOR('',#3308,1.);
#3308 = DIRECTION('',(8.68240965326E-02,-0.866025378186,0.49240392017));
#3309 = ORIENTED_EDGE('',*,*,#3310,.T.);
#3310 = EDGE_CURVE('',#3303,#3311,#3313,.T.);
#3311 = VERTEX_POINT('',#3312);
#3312 = CARTESIAN_POINT('',(-75.80389744688,-50.,22.158217480107));
#3313 = LINE('',#3314,#3315);
#3314 = CARTESIAN_POINT('',(-78.31029329622,-75.,7.943740266939));
#3315 = VECTOR('',#3316,1.);
#3316 = DIRECTION('',(8.68240965326E-02,0.866025378186,0.49240392017));
#3317 = ORIENTED_EDGE('',*,*,#3318,.T.);
#3318 = EDGE_CURVE('',#3311,#3319,#3321,.T.);
#3319 = VERTEX_POINT('',#3320);
#3320 = CARTESIAN_POINT('',(-78.31029329622,-25.,7.943740266939));
#3321 = LINE('',#3322,#3323);
#3322 = CARTESIAN_POINT('',(-75.80389744688,-50.,22.158217480107));
#3323 = VECTOR('',#3324,1.);
#3324 = DIRECTION('',(-8.68240965326E-02,0.866025378186,-0.49240392017)
  );
#3325 = ORIENTED_EDGE('',*,*,#3326,.T.);
#3326 = EDGE_CURVE('',#3319,#3327,#3329,.T.);
#3327 = VERTEX_POINT('',#3328);
#3328 = CARTESIAN_POINT('',(-75.80389744688,0.,22.158217480107));
#3329 = LINE('',#3330,#3331);
#3330 = CARTESIAN_POINT('',(-78.31029329622,-25.,7.943740266939));
#3331 = VECTOR('',#3332,1.);
#3332 = DIRECTION('',(8.68240965326E-02,0.866025378186,0.49240392017));
#3333 = ORIENTED_EDGE('',*,*,#3334,.T.);
#3334 = EDGE_CURVE('',#3327,#3137,#3335,.T.);
#3335 = LINE('',#3336,#3337);
#3336 = CARTESIAN_POINT('',(-75.80389744688,0.,22.158217480107));
#3337 = VECTOR('',#3338,1.);
#3338 = DIRECTION('',(-0.173648177667,0.,-0.984807753012));
#3339 = PLANE('',#3340);
#3340 = AXIS2_PLACEMENT_3D('',#3341,#3342,#3343);
#3341 = CARTESIAN_POINT('',(-77.27716913122,-50.,13.802878561341));
#3342 = DIRECTION('',(-0.984807753012,0.,0.173648177667));
#3343 = DIRECTION('',(0.173648177667,0.,0.984807753012));
#3344 = ADVANCED_FACE('',(#3345),#3356,.T.);
#3345 = FACE_BOUND('',#3346,.T.);
#3346 = EDGE_LOOP('',(#3347,#3353,#3354,#3355));
#3347 = ORIENTED_EDGE('',*,*,#3348,.F.);
#3348 = EDGE_CURVE('',#3168,#3327,#3349,.T.);
#3349 = LINE('',#3350,#3351);
#3350 = CARTESIAN_POINT('',(-71.37226255832,0.,21.376800680606));
#3351 = VECTOR('',#3352,1.);
#3352 = DIRECTION('',(-0.984807753012,0.,0.173648177667));
#3353 = ORIENTED_EDGE('',*,*,#3167,.F.);
#3354 = ORIENTED_EDGE('',*,*,#3136,.T.);
#3355 = ORIENTED_EDGE('',*,*,#3334,.F.);
#3356 = PLANE('',#3357);
#3357 = AXIS2_PLACEMENT_3D('',#3358,#3359,#3360);
#3358 = CARTESIAN_POINT('',(-73.83871956531,0.,20.346061485086));
#3359 = DIRECTION('',(0.,1.,0.));
#3360 = DIRECTION('',(-0.984807753012,0.,0.173648177667));
#3361 = ADVANCED_FACE('',(#3362),#3373,.F.);
#3362 = FACE_BOUND('',#3363,.F.);
#3363 = EDGE_LOOP('',(#3364,#3365,#3366,#3367));
#3364 = ORIENTED_EDGE('',*,*,#3228,.F.);
#3365 = ORIENTED_EDGE('',*,*,#3262,.T.);
#3366 = ORIENTED_EDGE('',*,*,#3278,.T.);
#3367 = ORIENTED_EDGE('',*,*,#3368,.F.);
#3368 = EDGE_CURVE('',#3220,#3279,#3369,.T.);
#3369 = LINE('',#3370,#3371);
#3370 = CARTESIAN_POINT('',(-74.37993753309,-75.,4.319428276899));
#3371 = VECTOR('',#3372,1.);
#3372 = DIRECTION('',(-0.984807753012,0.,0.173648177667));
#3373 = PLANE('',#3374);
#3374 = AXIS2_PLACEMENT_3D('',#3375,#3376,#3377);
#3375 = CARTESIAN_POINT('',(-71.87354168374,-50.,18.533905490066));
#3376 = DIRECTION('',(0.150383728735,-0.500000044338,0.852868506743));
#3377 = DIRECTION('',(-8.68240965326E-02,-0.866025378186,-0.49240392017)
  );
#3378 = ADVANCED_FACE('',(#3379),#3390,.F.);
#3379 = FACE_BOUND('',#3380,.F.);
#3380 = EDGE_LOOP('',(#3381,#3382,#3383,#3384));
#3381 = ORIENTED_EDGE('',*,*,#3219,.F.);
#3382 = ORIENTED_EDGE('',*,*,#3368,.T.);
#3383 = ORIENTED_EDGE('',*,*,#3286,.T.);
#3384 = ORIENTED_EDGE('',*,*,#3385,.F.);
#3385 = EDGE_CURVE('',#3212,#3287,#3386,.T.);
#3386 = LINE('',#3387,#3388);
#3387 = CARTESIAN_POINT('',(-71.87354168374,-100.,18.533905490066));
#3388 = VECTOR('',#3389,1.);
#3389 = DIRECTION('',(-0.984807753012,0.,0.173648177667));
#3390 = PLANE('',#3391);
#3391 = AXIS2_PLACEMENT_3D('',#3392,#3393,#3394);
#3392 = CARTESIAN_POINT('',(-74.37993753309,-75.,4.319428276899));
#3393 = DIRECTION('',(0.150383728735,0.500000044338,0.852868506743));
#3394 = DIRECTION('',(8.68240965326E-02,-0.866025378186,0.49240392017));
#3395 = ADVANCED_FACE('',(#3396),#3407,.T.);
#3396 = FACE_BOUND('',#3397,.T.);
#3397 = EDGE_LOOP('',(#3398,#3399,#3400,#3406));
#3398 = ORIENTED_EDGE('',*,*,#3385,.F.);
#3399 = ORIENTED_EDGE('',*,*,#3211,.T.);
#3400 = ORIENTED_EDGE('',*,*,#3401,.T.);
#3401 = EDGE_CURVE('',#3203,#3295,#3402,.T.);
#3402 = LINE('',#3403,#3404);
#3403 = CARTESIAN_POINT('',(-71.37226255832,-100.,21.376800680606));
#3404 = VECTOR('',#3405,1.);
#3405 = DIRECTION('',(-0.984807753012,0.,0.173648177667));
#3406 = ORIENTED_EDGE('',*,*,#3294,.F.);
#3407 = PLANE('',#3408);
#3408 = AXIS2_PLACEMENT_3D('',#3409,#3410,#3411);
#3409 = CARTESIAN_POINT('',(-73.83871956531,-100.,20.346061485086));
#3410 = DIRECTION('',(0.,-1.,-0.));
#3411 = DIRECTION('',(0.984807753012,0.,-0.173648177667));
#3412 = ADVANCED_FACE('',(#3413),#3424,.T.);
#3413 = FACE_BOUND('',#3414,.T.);
#3414 = EDGE_LOOP('',(#3415,#3416,#3417,#3423));
#3415 = ORIENTED_EDGE('',*,*,#3401,.F.);
#3416 = ORIENTED_EDGE('',*,*,#3202,.F.);
#3417 = ORIENTED_EDGE('',*,*,#3418,.T.);
#3418 = EDGE_CURVE('',#3194,#3303,#3419,.T.);
#3419 = LINE('',#3420,#3421);
#3420 = CARTESIAN_POINT('',(-73.87865840767,-75.,7.162323467438));
#3421 = VECTOR('',#3422,1.);
#3422 = DIRECTION('',(-0.984807753012,0.,0.173648177667));
#3423 = ORIENTED_EDGE('',*,*,#3302,.T.);
#3424 = PLANE('',#3425);
#3425 = AXIS2_PLACEMENT_3D('',#3426,#3427,#3428);
#3426 = CARTESIAN_POINT('',(-74.84127792727,-87.5,14.660270473772));
#3427 = DIRECTION('',(0.150383728735,0.500000044338,0.852868506743));
#3428 = DIRECTION('',(-8.68240965326E-02,0.866025378186,-0.49240392017)
  );
#3429 = ADVANCED_FACE('',(#3430),#3441,.F.);
#3430 = FACE_BOUND('',#3431,.F.);
#3431 = EDGE_LOOP('',(#3432,#3433,#3434,#3435));
#3432 = ORIENTED_EDGE('',*,*,#3193,.F.);
#3433 = ORIENTED_EDGE('',*,*,#3418,.T.);
#3434 = ORIENTED_EDGE('',*,*,#3310,.T.);
#3435 = ORIENTED_EDGE('',*,*,#3436,.F.);
#3436 = EDGE_CURVE('',#3185,#3311,#3437,.T.);
#3437 = LINE('',#3438,#3439);
#3438 = CARTESIAN_POINT('',(-71.37226255832,-50.,21.376800680606));
#3439 = VECTOR('',#3440,1.);
#3440 = DIRECTION('',(-0.984807753012,0.,0.173648177667));
#3441 = PLANE('',#3442);
#3442 = AXIS2_PLACEMENT_3D('',#3443,#3444,#3445);
#3443 = CARTESIAN_POINT('',(-73.87865840767,-75.,7.162323467438));
#3444 = DIRECTION('',(-0.150383728735,0.500000044338,-0.852868506743));
#3445 = DIRECTION('',(8.68240965326E-02,0.866025378186,0.49240392017));
#3446 = ADVANCED_FACE('',(#3447),#3458,.F.);
#3447 = FACE_BOUND('',#3448,.F.);
#3448 = EDGE_LOOP('',(#3449,#3450,#3451,#3452));
#3449 = ORIENTED_EDGE('',*,*,#3184,.F.);
#3450 = ORIENTED_EDGE('',*,*,#3436,.T.);
#3451 = ORIENTED_EDGE('',*,*,#3318,.T.);
#3452 = ORIENTED_EDGE('',*,*,#3453,.F.);
#3453 = EDGE_CURVE('',#3176,#3319,#3454,.T.);
#3454 = LINE('',#3455,#3456);
#3455 = CARTESIAN_POINT('',(-73.87865840767,-25.,7.162323467438));
#3456 = VECTOR('',#3457,1.);
#3457 = DIRECTION('',(-0.984807753012,0.,0.173648177667));
#3458 = PLANE('',#3459);
#3459 = AXIS2_PLACEMENT_3D('',#3460,#3461,#3462);
#3460 = CARTESIAN_POINT('',(-71.37226255832,-50.,21.376800680606));
#3461 = DIRECTION('',(-0.150383728735,-0.500000044338,-0.852868506743));
#3462 = DIRECTION('',(-8.68240965326E-02,0.866025378186,-0.49240392017)
  );
#3463 = ADVANCED_FACE('',(#3464),#3470,.T.);
#3464 = FACE_BOUND('',#3465,.T.);
#3465 = EDGE_LOOP('',(#3466,#3467,#3468,#3469));
#3466 = ORIENTED_EDGE('',*,*,#3453,.F.);
#3467 = ORIENTED_EDGE('',*,*,#3175,.F.);
#3468 = ORIENTED_EDGE('',*,*,#3348,.T.);
#3469 = ORIENTED_EDGE('',*,*,#3326,.F.);
#3470 = PLANE('',#3471);
#3471 = AXIS2_PLACEMENT_3D('',#3472,#3473,#3474);
#3472 = CARTESIAN_POINT('',(-74.84127792727,-12.5,14.660270473772));
#3473 = DIRECTION('',(0.150383728735,-0.500000044338,0.852868506743));
#3474 = DIRECTION('',(8.68240965326E-02,0.866025378186,0.49240392017));
#3475 = MANIFOLD_SOLID_BREP('',#3476);
#3476 = CLOSED_SHELL('',(#3477,#3518,#3604,#3628,#3700,#3717,#3734,#3751
    ,#3768,#3785,#3802,#3819));
#3477 = ADVANCED_FACE('',(#3478),#3513,.F.);
#3478 = FACE_BOUND('',#3479,.F.);
#3479 = EDGE_LOOP('',(#3480,#3491,#3499,#3507));
#3480 = ORIENTED_EDGE('',*,*,#3481,.F.);
#3481 = EDGE_CURVE('',#3482,#3484,#3486,.T.);
#3482 = VERTEX_POINT('',#3483);
#3483 = CARTESIAN_POINT('',(-43.14496240599,0.,60.397217368558));
#3484 = VERTEX_POINT('',#3485);
#3485 = CARTESIAN_POINT('',(-55.71581337615,-25.,52.923632263719));
#3486 = ELLIPSE('',#3487,461.88022900412,400.);
#3487 = AXIS2_PLACEMENT_3D('',#3488,#3489,#3490);
#3488 = CARTESIAN_POINT('',(189.83966086674,-50.,-262.1729282569));
#3489 = DIRECTION('',(0.66341392856,-0.500000044338,0.556670382772));
#3490 = DIRECTION('',(-0.383022255524,-0.866025378186,-0.321393833343));
#3491 = ORIENTED_EDGE('',*,*,#3492,.T.);
#3492 = EDGE_CURVE('',#3482,#3493,#3495,.T.);
#3493 = VERTEX_POINT('',#3494);
#3494 = CARTESIAN_POINT('',(-46.03750664958,0.,63.844417362594));
#3495 = LINE('',#3496,#3497);
#3496 = CARTESIAN_POINT('',(-43.14496240599,0.,60.397217368558));
#3497 = VECTOR('',#3498,1.);
#3498 = DIRECTION('',(-0.642787609687,0.,0.766044443119));
#3499 = ORIENTED_EDGE('',*,*,#3500,.T.);
#3500 = EDGE_CURVE('',#3493,#3501,#3503,.T.);
#3501 = VERTEX_POINT('',#3502);
#3502 = CARTESIAN_POINT('',(-57.09440709303,-25.,54.566576278535));
#3503 = LINE('',#3504,#3505);
#3504 = CARTESIAN_POINT('',(-46.03750664958,0.,63.844417362594));
#3505 = VECTOR('',#3506,1.);
#3506 = DIRECTION('',(-0.383022255524,-0.866025378186,-0.321393833343));
#3507 = ORIENTED_EDGE('',*,*,#3508,.F.);
#3508 = EDGE_CURVE('',#3484,#3501,#3509,.T.);
#3509 = LINE('',#3510,#3511);
#3510 = CARTESIAN_POINT('',(-54.20186284944,-25.,51.1193762845));
#3511 = VECTOR('',#3512,1.);
#3512 = DIRECTION('',(-0.642787609687,0.,0.766044443119));
#3513 = PLANE('',#3514);
#3514 = AXIS2_PLACEMENT_3D('',#3515,#3516,#3517);
#3515 = CARTESIAN_POINT('',(-43.14496240599,0.,60.397217368558));
#3516 = DIRECTION('',(0.66341392856,-0.500000044338,0.556670382772));
#3517 = DIRECTION('',(-0.383022255524,-0.866025378186,-0.321393833343));
#3518 = ADVANCED_FACE('',(#3519),#3599,.F.);
#3519 = FACE_BOUND('',#3520,.T.);
#3520 = EDGE_LOOP('',(#3521,#3522,#3530,#3539,#3548,#3557,#3566,#3574,
    #3583,#3592));
#3521 = ORIENTED_EDGE('',*,*,#3481,.F.);
#3522 = ORIENTED_EDGE('',*,*,#3523,.T.);
#3523 = EDGE_CURVE('',#3482,#3524,#3526,.T.);
#3524 = VERTEX_POINT('',#3525);
#3525 = CARTESIAN_POINT('',(-40.9335825134,0.,62.252785420827));
#3526 = LINE('',#3527,#3528);
#3527 = CARTESIAN_POINT('',(-43.14496240599,0.,60.397217368558));
#3528 = VECTOR('',#3529,1.);
#3529 = DIRECTION('',(0.766044443119,0.,0.642787609687));
#3530 = ORIENTED_EDGE('',*,*,#3531,.T.);
#3531 = EDGE_CURVE('',#3524,#3532,#3534,.T.);
#3532 = VERTEX_POINT('',#3533);
#3533 = CARTESIAN_POINT('',(-53.50443348356,-25.,54.779200315988));
#3534 = ELLIPSE('',#3535,461.88022900412,400.);
#3535 = AXIS2_PLACEMENT_3D('',#3536,#3537,#3538);
#3536 = CARTESIAN_POINT('',(192.05104075934,-50.,-260.3173602046));
#3537 = DIRECTION('',(0.66341392856,-0.500000044338,0.556670382772));
#3538 = DIRECTION('',(-0.383022255524,-0.866025378186,-0.321393833343));
#3539 = ORIENTED_EDGE('',*,*,#3540,.F.);
#3540 = EDGE_CURVE('',#3541,#3532,#3543,.T.);
#3541 = VERTEX_POINT('',#3542);
#3542 = CARTESIAN_POINT('',(-42.95020222838,-50.,64.656099211051));
#3543 = ELLIPSE('',#3544,461.88022900412,400.);
#3544 = AXIS2_PLACEMENT_3D('',#3545,#3546,#3547);
#3545 = CARTESIAN_POINT('',(214.16484164623,-50.,-241.7616780365));
#3546 = DIRECTION('',(-0.66341392856,-0.500000044338,-0.556670382772));
#3547 = DIRECTION('',(-0.383022255524,0.866025378186,-0.321393833343));
#3548 = ORIENTED_EDGE('',*,*,#3549,.F.);
#3549 = EDGE_CURVE('',#3550,#3541,#3552,.T.);
#3550 = VERTEX_POINT('',#3551);
#3551 = CARTESIAN_POINT('',(-53.50443348356,-75.,54.779200315988));
#3552 = ELLIPSE('',#3553,461.88022900412,400.);
#3553 = AXIS2_PLACEMENT_3D('',#3554,#3555,#3556);
#3554 = CARTESIAN_POINT('',(214.16484164623,-50.,-241.7616780365));
#3555 = DIRECTION('',(-0.66341392856,0.500000044338,-0.556670382772));
#3556 = DIRECTION('',(-0.383022255524,-0.866025378186,-0.321393833343));
#3557 = ORIENTED_EDGE('',*,*,#3558,.T.);
#3558 = EDGE_CURVE('',#3550,#3559,#3561,.T.);
#3559 = VERTEX_POINT('',#3560);
#3560 = CARTESIAN_POINT('',(-40.9335825134,-100.,62.252785420827));
#3561 = ELLIPSE('',#3562,461.88022900412,400.);
#3562 = AXIS2_PLACEMENT_3D('',#3563,#3564,#3565);
#3563 = CARTESIAN_POINT('',(192.05104075934,-50.,-260.3173602046));
#3564 = DIRECTION('',(0.66341392856,0.500000044338,0.556670382772));
#3565 = DIRECTION('',(-0.383022255524,0.866025378186,-0.321393833343));
#3566 = ORIENTED_EDGE('',*,*,#3567,.F.);
#3567 = EDGE_CURVE('',#3568,#3559,#3570,.T.);
#3568 = VERTEX_POINT('',#3569);
#3569 = CARTESIAN_POINT('',(-43.14496240599,-100.,60.397217368558));
#3570 = LINE('',#3571,#3572);
#3571 = CARTESIAN_POINT('',(-42.0392724597,-100.,61.325001394693));
#3572 = VECTOR('',#3573,1.);
#3573 = DIRECTION('',(0.766044443119,0.,0.642787609687));
#3574 = ORIENTED_EDGE('',*,*,#3575,.F.);
#3575 = EDGE_CURVE('',#3576,#3568,#3578,.T.);
#3576 = VERTEX_POINT('',#3577);
#3577 = CARTESIAN_POINT('',(-55.71581337615,-75.,52.923632263719));
#3578 = ELLIPSE('',#3579,461.88022900412,400.);
#3579 = AXIS2_PLACEMENT_3D('',#3580,#3581,#3582);
#3580 = CARTESIAN_POINT('',(189.83966086674,-50.,-262.1729282569));
#3581 = DIRECTION('',(0.66341392856,0.500000044338,0.556670382772));
#3582 = DIRECTION('',(-0.383022255524,0.866025378186,-0.321393833343));
#3583 = ORIENTED_EDGE('',*,*,#3584,.F.);
#3584 = EDGE_CURVE('',#3585,#3576,#3587,.T.);
#3585 = VERTEX_POINT('',#3586);
#3586 = CARTESIAN_POINT('',(-45.16158212097,-50.,62.800531158782));
#3587 = ELLIPSE('',#3588,461.88022900412,400.);
#3588 = AXIS2_PLACEMENT_3D('',#3589,#3590,#3591);
#3589 = CARTESIAN_POINT('',(211.95346175363,-50.,-243.6172460888));
#3590 = DIRECTION('',(0.66341392856,-0.500000044338,0.556670382772));
#3591 = DIRECTION('',(-0.383022255524,-0.866025378186,-0.321393833343));
#3592 = ORIENTED_EDGE('',*,*,#3593,.F.);
#3593 = EDGE_CURVE('',#3484,#3585,#3594,.T.);
#3594 = ELLIPSE('',#3595,461.88022900412,400.);
#3595 = AXIS2_PLACEMENT_3D('',#3596,#3597,#3598);
#3596 = CARTESIAN_POINT('',(211.95346175363,-50.,-243.6172460888));
#3597 = DIRECTION('',(0.66341392856,0.500000044338,0.556670382772));
#3598 = DIRECTION('',(-0.383022255524,0.866025378186,-0.321393833343));
#3599 = CYLINDRICAL_SURFACE('',#3600,400.);
#3600 = AXIS2_PLACEMENT_3D('',#3601,#3602,#3603);
#3601 = CARTESIAN_POINT('',(197.73826283755,-50.,-255.5452142564));
#3602 = DIRECTION('',(-0.766044443119,-0.,-0.642787609687));
#3603 = DIRECTION('',(0.,1.,0.));
#3604 = ADVANCED_FACE('',(#3605),#3623,.F.);
#3605 = FACE_BOUND('',#3606,.F.);
#3606 = EDGE_LOOP('',(#3607,#3608,#3609,#3617));
#3607 = ORIENTED_EDGE('',*,*,#3593,.F.);
#3608 = ORIENTED_EDGE('',*,*,#3508,.T.);
#3609 = ORIENTED_EDGE('',*,*,#3610,.T.);
#3610 = EDGE_CURVE('',#3501,#3611,#3613,.T.);
#3611 = VERTEX_POINT('',#3612);
#3612 = CARTESIAN_POINT('',(-46.03750664958,-50.,63.844417362594));
#3613 = LINE('',#3614,#3615);
#3614 = CARTESIAN_POINT('',(-57.09440709303,-25.,54.566576278535));
#3615 = VECTOR('',#3616,1.);
#3616 = DIRECTION('',(0.383022255524,-0.866025378186,0.321393833343));
#3617 = ORIENTED_EDGE('',*,*,#3618,.F.);
#3618 = EDGE_CURVE('',#3585,#3611,#3619,.T.);
#3619 = LINE('',#3620,#3621);
#3620 = CARTESIAN_POINT('',(-43.14496240599,-50.,60.397217368558));
#3621 = VECTOR('',#3622,1.);
#3622 = DIRECTION('',(-0.642787609687,0.,0.766044443119));
#3623 = PLANE('',#3624);
#3624 = AXIS2_PLACEMENT_3D('',#3625,#3626,#3627);
#3625 = CARTESIAN_POINT('',(-54.20186284944,-25.,51.1193762845));
#3626 = DIRECTION('',(0.66341392856,0.500000044338,0.556670382772));
#3627 = DIRECTION('',(0.383022255524,-0.866025378186,0.321393833343));
#3628 = ADVANCED_FACE('',(#3629),#3695,.T.);
#3629 = FACE_BOUND('',#3630,.T.);
#3630 = EDGE_LOOP('',(#3631,#3632,#3633,#3641,#3649,#3657,#3665,#3673,
    #3681,#3689));
#3631 = ORIENTED_EDGE('',*,*,#3500,.T.);
#3632 = ORIENTED_EDGE('',*,*,#3610,.T.);
#3633 = ORIENTED_EDGE('',*,*,#3634,.T.);
#3634 = EDGE_CURVE('',#3611,#3635,#3637,.T.);
#3635 = VERTEX_POINT('',#3636);
#3636 = CARTESIAN_POINT('',(-57.09440709303,-75.,54.566576278535));
#3637 = LINE('',#3638,#3639);
#3638 = CARTESIAN_POINT('',(-46.03750664958,-50.,63.844417362594));
#3639 = VECTOR('',#3640,1.);
#3640 = DIRECTION('',(-0.383022255524,-0.866025378186,-0.321393833343));
#3641 = ORIENTED_EDGE('',*,*,#3642,.T.);
#3642 = EDGE_CURVE('',#3635,#3643,#3645,.T.);
#3643 = VERTEX_POINT('',#3644);
#3644 = CARTESIAN_POINT('',(-46.03750664958,-100.,63.844417362594));
#3645 = LINE('',#3646,#3647);
#3646 = CARTESIAN_POINT('',(-57.09440709303,-75.,54.566576278535));
#3647 = VECTOR('',#3648,1.);
#3648 = DIRECTION('',(0.383022255524,-0.866025378186,0.321393833343));
#3649 = ORIENTED_EDGE('',*,*,#3650,.T.);
#3650 = EDGE_CURVE('',#3643,#3651,#3653,.T.);
#3651 = VERTEX_POINT('',#3652);
#3652 = CARTESIAN_POINT('',(-43.82612675699,-100.,65.699985414863));
#3653 = LINE('',#3654,#3655);
#3654 = CARTESIAN_POINT('',(-46.03750664958,-100.,63.844417362594));
#3655 = VECTOR('',#3656,1.);
#3656 = DIRECTION('',(0.766044443119,0.,0.642787609687));
#3657 = ORIENTED_EDGE('',*,*,#3658,.F.);
#3658 = EDGE_CURVE('',#3659,#3651,#3661,.T.);
#3659 = VERTEX_POINT('',#3660);
#3660 = CARTESIAN_POINT('',(-54.88302720043,-75.,56.422144330804));
#3661 = LINE('',#3662,#3663);
#3662 = CARTESIAN_POINT('',(-44.10254929259,-99.37499994457,
    65.468039367193));
#3663 = VECTOR('',#3664,1.);
#3664 = DIRECTION('',(0.383022255524,-0.866025378186,0.321393833343));
#3665 = ORIENTED_EDGE('',*,*,#3666,.T.);
#3666 = EDGE_CURVE('',#3659,#3667,#3669,.T.);
#3667 = VERTEX_POINT('',#3668);
#3668 = CARTESIAN_POINT('',(-43.82612675699,-50.,65.699985414863));
#3669 = LINE('',#3670,#3671);
#3670 = CARTESIAN_POINT('',(-54.88302720043,-75.,56.422144330804));
#3671 = VECTOR('',#3672,1.);
#3672 = DIRECTION('',(0.383022255524,0.866025378186,0.321393833343));
#3673 = ORIENTED_EDGE('',*,*,#3674,.T.);
#3674 = EDGE_CURVE('',#3667,#3675,#3677,.T.);
#3675 = VERTEX_POINT('',#3676);
#3676 = CARTESIAN_POINT('',(-54.88302720043,-25.,56.422144330804));
#3677 = LINE('',#3678,#3679);
#3678 = CARTESIAN_POINT('',(-43.82612675699,-50.,65.699985414863));
#3679 = VECTOR('',#3680,1.);
#3680 = DIRECTION('',(-0.383022255524,0.866025378186,-0.321393833343));
#3681 = ORIENTED_EDGE('',*,*,#3682,.T.);
#3682 = EDGE_CURVE('',#3675,#3683,#3685,.T.);
#3683 = VERTEX_POINT('',#3684);
#3684 = CARTESIAN_POINT('',(-43.82612675699,0.,65.699985414863));
#3685 = LINE('',#3686,#3687);
#3686 = CARTESIAN_POINT('',(-54.88302720043,-25.,56.422144330804));
#3687 = VECTOR('',#3688,1.);
#3688 = DIRECTION('',(0.383022255524,0.866025378186,0.321393833343));
#3689 = ORIENTED_EDGE('',*,*,#3690,.T.);
#3690 = EDGE_CURVE('',#3683,#3493,#3691,.T.);
#3691 = LINE('',#3692,#3693);
#3692 = CARTESIAN_POINT('',(-43.82612675699,0.,65.699985414863));
#3693 = VECTOR('',#3694,1.);
#3694 = DIRECTION('',(-0.766044443119,0.,-0.642787609687));
#3695 = PLANE('',#3696);
#3696 = AXIS2_PLACEMENT_3D('',#3697,#3698,#3699);
#3697 = CARTESIAN_POINT('',(-50.3254266757,-50.,60.246425250163));
#3698 = DIRECTION('',(-0.642787609687,0.,0.766044443119));
#3699 = DIRECTION('',(0.766044443119,0.,0.642787609687));
#3700 = ADVANCED_FACE('',(#3701),#3712,.T.);
#3701 = FACE_BOUND('',#3702,.T.);
#3702 = EDGE_LOOP('',(#3703,#3709,#3710,#3711));
#3703 = ORIENTED_EDGE('',*,*,#3704,.F.);
#3704 = EDGE_CURVE('',#3524,#3683,#3705,.T.);
#3705 = LINE('',#3706,#3707);
#3706 = CARTESIAN_POINT('',(-40.9335825134,0.,62.252785420827));
#3707 = VECTOR('',#3708,1.);
#3708 = DIRECTION('',(-0.642787609687,0.,0.766044443119));
#3709 = ORIENTED_EDGE('',*,*,#3523,.F.);
#3710 = ORIENTED_EDGE('',*,*,#3492,.T.);
#3711 = ORIENTED_EDGE('',*,*,#3690,.F.);
#3712 = PLANE('',#3713);
#3713 = AXIS2_PLACEMENT_3D('',#3714,#3715,#3716);
#3714 = CARTESIAN_POINT('',(-43.48554458149,0.,63.04860139171));
#3715 = DIRECTION('',(0.,1.,0.));
#3716 = DIRECTION('',(-0.642787609687,0.,0.766044443119));
#3717 = ADVANCED_FACE('',(#3718),#3729,.F.);
#3718 = FACE_BOUND('',#3719,.F.);
#3719 = EDGE_LOOP('',(#3720,#3721,#3722,#3723));
#3720 = ORIENTED_EDGE('',*,*,#3584,.F.);
#3721 = ORIENTED_EDGE('',*,*,#3618,.T.);
#3722 = ORIENTED_EDGE('',*,*,#3634,.T.);
#3723 = ORIENTED_EDGE('',*,*,#3724,.F.);
#3724 = EDGE_CURVE('',#3576,#3635,#3725,.T.);
#3725 = LINE('',#3726,#3727);
#3726 = CARTESIAN_POINT('',(-54.20186284944,-75.,51.1193762845));
#3727 = VECTOR('',#3728,1.);
#3728 = DIRECTION('',(-0.642787609687,0.,0.766044443119));
#3729 = PLANE('',#3730);
#3730 = AXIS2_PLACEMENT_3D('',#3731,#3732,#3733);
#3731 = CARTESIAN_POINT('',(-43.14496240599,-50.,60.397217368558));
#3732 = DIRECTION('',(0.66341392856,-0.500000044338,0.556670382772));
#3733 = DIRECTION('',(-0.383022255524,-0.866025378186,-0.321393833343));
#3734 = ADVANCED_FACE('',(#3735),#3746,.F.);
#3735 = FACE_BOUND('',#3736,.F.);
#3736 = EDGE_LOOP('',(#3737,#3738,#3739,#3740));
#3737 = ORIENTED_EDGE('',*,*,#3575,.F.);
#3738 = ORIENTED_EDGE('',*,*,#3724,.T.);
#3739 = ORIENTED_EDGE('',*,*,#3642,.T.);
#3740 = ORIENTED_EDGE('',*,*,#3741,.F.);
#3741 = EDGE_CURVE('',#3568,#3643,#3742,.T.);
#3742 = LINE('',#3743,#3744);
#3743 = CARTESIAN_POINT('',(-43.14496240599,-100.,60.397217368558));
#3744 = VECTOR('',#3745,1.);
#3745 = DIRECTION('',(-0.642787609687,0.,0.766044443119));
#3746 = PLANE('',#3747);
#3747 = AXIS2_PLACEMENT_3D('',#3748,#3749,#3750);
#3748 = CARTESIAN_POINT('',(-54.20186284944,-75.,51.1193762845));
#3749 = DIRECTION('',(0.66341392856,0.500000044338,0.556670382772));
#3750 = DIRECTION('',(0.383022255524,-0.866025378186,0.321393833343));
#3751 = ADVANCED_FACE('',(#3752),#3763,.T.);
#3752 = FACE_BOUND('',#3753,.T.);
#3753 = EDGE_LOOP('',(#3754,#3755,#3756,#3762));
#3754 = ORIENTED_EDGE('',*,*,#3741,.F.);
#3755 = ORIENTED_EDGE('',*,*,#3567,.T.);
#3756 = ORIENTED_EDGE('',*,*,#3757,.T.);
#3757 = EDGE_CURVE('',#3559,#3651,#3758,.T.);
#3758 = LINE('',#3759,#3760);
#3759 = CARTESIAN_POINT('',(-40.9335825134,-100.,62.252785420827));
#3760 = VECTOR('',#3761,1.);
#3761 = DIRECTION('',(-0.642787609687,0.,0.766044443119));
#3762 = ORIENTED_EDGE('',*,*,#3650,.F.);
#3763 = PLANE('',#3764);
#3764 = AXIS2_PLACEMENT_3D('',#3765,#3766,#3767);
#3765 = CARTESIAN_POINT('',(-43.48554458149,-100.,63.04860139171));
#3766 = DIRECTION('',(0.,-1.,-0.));
#3767 = DIRECTION('',(0.642787609687,0.,-0.766044443119));
#3768 = ADVANCED_FACE('',(#3769),#3780,.T.);
#3769 = FACE_BOUND('',#3770,.T.);
#3770 = EDGE_LOOP('',(#3771,#3772,#3773,#3779));
#3771 = ORIENTED_EDGE('',*,*,#3757,.F.);
#3772 = ORIENTED_EDGE('',*,*,#3558,.F.);
#3773 = ORIENTED_EDGE('',*,*,#3774,.T.);
#3774 = EDGE_CURVE('',#3550,#3659,#3775,.T.);
#3775 = LINE('',#3776,#3777);
#3776 = CARTESIAN_POINT('',(-51.99048295684,-75.,52.974944336769));
#3777 = VECTOR('',#3778,1.);
#3778 = DIRECTION('',(-0.642787609687,0.,0.766044443119));
#3779 = ORIENTED_EDGE('',*,*,#3658,.T.);
#3780 = PLANE('',#3781);
#3781 = AXIS2_PLACEMENT_3D('',#3782,#3783,#3784);
#3782 = CARTESIAN_POINT('',(-47.90830485692,-87.5,59.337464875816));
#3783 = DIRECTION('',(0.66341392856,0.500000044338,0.556670382772));
#3784 = DIRECTION('',(-0.383022255524,0.866025378186,-0.321393833343));
#3785 = ADVANCED_FACE('',(#3786),#3797,.F.);
#3786 = FACE_BOUND('',#3787,.F.);
#3787 = EDGE_LOOP('',(#3788,#3789,#3790,#3791));
#3788 = ORIENTED_EDGE('',*,*,#3549,.F.);
#3789 = ORIENTED_EDGE('',*,*,#3774,.T.);
#3790 = ORIENTED_EDGE('',*,*,#3666,.T.);
#3791 = ORIENTED_EDGE('',*,*,#3792,.F.);
#3792 = EDGE_CURVE('',#3541,#3667,#3793,.T.);
#3793 = LINE('',#3794,#3795);
#3794 = CARTESIAN_POINT('',(-40.9335825134,-50.,62.252785420827));
#3795 = VECTOR('',#3796,1.);
#3796 = DIRECTION('',(-0.642787609687,0.,0.766044443119));
#3797 = PLANE('',#3798);
#3798 = AXIS2_PLACEMENT_3D('',#3799,#3800,#3801);
#3799 = CARTESIAN_POINT('',(-51.99048295684,-75.,52.974944336769));
#3800 = DIRECTION('',(-0.66341392856,0.500000044338,-0.556670382772));
#3801 = DIRECTION('',(0.383022255524,0.866025378186,0.321393833343));
#3802 = ADVANCED_FACE('',(#3803),#3814,.F.);
#3803 = FACE_BOUND('',#3804,.F.);
#3804 = EDGE_LOOP('',(#3805,#3806,#3807,#3808));
#3805 = ORIENTED_EDGE('',*,*,#3540,.F.);
#3806 = ORIENTED_EDGE('',*,*,#3792,.T.);
#3807 = ORIENTED_EDGE('',*,*,#3674,.T.);
#3808 = ORIENTED_EDGE('',*,*,#3809,.F.);
#3809 = EDGE_CURVE('',#3532,#3675,#3810,.T.);
#3810 = LINE('',#3811,#3812);
#3811 = CARTESIAN_POINT('',(-51.99048295684,-25.,52.974944336769));
#3812 = VECTOR('',#3813,1.);
#3813 = DIRECTION('',(-0.642787609687,0.,0.766044443119));
#3814 = PLANE('',#3815);
#3815 = AXIS2_PLACEMENT_3D('',#3816,#3817,#3818);
#3816 = CARTESIAN_POINT('',(-40.9335825134,-50.,62.252785420827));
#3817 = DIRECTION('',(-0.66341392856,-0.500000044338,-0.556670382772));
#3818 = DIRECTION('',(-0.383022255524,0.866025378186,-0.321393833343));
#3819 = ADVANCED_FACE('',(#3820),#3826,.T.);
#3820 = FACE_BOUND('',#3821,.T.);
#3821 = EDGE_LOOP('',(#3822,#3823,#3824,#3825));
#3822 = ORIENTED_EDGE('',*,*,#3809,.F.);
#3823 = ORIENTED_EDGE('',*,*,#3531,.F.);
#3824 = ORIENTED_EDGE('',*,*,#3704,.T.);
#3825 = ORIENTED_EDGE('',*,*,#3682,.F.);
#3826 = PLANE('',#3827);
#3827 = AXIS2_PLACEMENT_3D('',#3828,#3829,#3830);
#3828 = CARTESIAN_POINT('',(-47.90830485692,-12.5,59.337464875816));
#3829 = DIRECTION('',(0.66341392856,-0.500000044338,0.556670382772));
#3830 = DIRECTION('',(0.383022255524,0.866025378186,0.321393833343));
#3831 = ( GEOMETRIC_REPRESENTATION_CONTEXT(3) 
GLOBAL_UNCERTAINTY_ASSIGNED_CONTEXT((#3835)) 
GLOBAL_UNIT_ASSIGNED_CONTEXT((#3832,#3833,#3834)) REPRESENTATION_CONTEXT
('Context #1','3D Context with UNIT and UNCERTAINTY') );
#3832 = ( LENGTH_UNIT() NAMED_UNIT(*) SI_UNIT(.MILLI.,.METRE.) );
#3833 = ( NAMED_UNIT(*) PLANE_ANGLE_UNIT() SI_UNIT($,.RADIAN.) );
#3834 = ( NAMED_UNIT(*) SI_UNIT($,.STERADIAN.) SOLID_ANGLE_UNIT() );
#3835 = UNCERTAINTY_MEASURE_WITH_UNIT(LENGTH_MEASURE(5.E-06),#3832,
  'distance_accuracy_value','confusion accuracy');
#3836 = CONTEXT_DEPENDENT_SHAPE_REPRESENTATION(#3837,#3839);
#3837 = ( REPRESENTATION_RELATIONSHIP('','',#626,#10) 
REPRESENTATION_RELATIONSHIP_WITH_TRANSFORMATION(#3838) 
SHAPE_REPRESENTATION_RELATIONSHIP() );
#3838 = ITEM_DEFINED_TRANSFORMATION('','',#11,#19);
#3839 = PRODUCT_DEFINITION_SHAPE('Placement','Placement of an item',
  #3840);
#3840 = NEXT_ASSEMBLY_USAGE_OCCURRENCE('2','Array001','',#5,#621,$);
#3841 = PRODUCT_RELATED_PRODUCT_CATEGORY('part',$,(#623));
#3842 = SHAPE_DEFINITION_REPRESENTATION(#3843,#3849);
#3843 = PRODUCT_DEFINITION_SHAPE('','',#3844);
#3844 = PRODUCT_DEFINITION('design','',#3845,#3848);
#3845 = PRODUCT_DEFINITION_FORMATION('','',#3846);
#3846 = PRODUCT('Body','Body','',(#3847));
#3847 = PRODUCT_CONTEXT('',#2,'mechanical');
#3848 = PRODUCT_DEFINITION_CONTEXT('part definition',#2,'design');
#3849 = ADVANCED_BREP_SHAPE_REPRESENTATION('',(#11,#3850),#7544);
#3850 = MANIFOLD_SOLID_BREP('',#3851);
#3851 = CLOSED_SHELL('',(#3852,#3894,#3927,#3960,#4979,#5998,#6010,#6050
    ,#6082,#6104,#6121,#6138,#6150,#6172,#6189,#6206,#6218,#6240,#6257,
    #6274,#6286,#6308,#6325,#6342,#6354,#6376,#6393,#6405,#6427,#6444,
    #6456,#6478,#6495,#6507,#6529,#6546,#6558,#6580,#6597,#6609,#6631,
    #6648,#6665,#6677,#6699,#6716,#6733,#6745,#6767,#6784,#6796,#6818,
    #6835,#6847,#6869,#6886,#6898,#6920,#6937,#6949,#6971,#6988,#7005,
    #7017,#7039,#7056,#7073,#7085,#7107,#7124,#7136,#7158,#7175,#7187,
    #7209,#7226,#7238,#7260,#7277,#7289,#7311,#7328,#7340,#7362,#7379,
    #7391,#7413,#7430,#7442,#7464,#7481,#7493,#7515,#7532));
#3852 = ADVANCED_FACE('',(#3853),#3889,.F.);
#3853 = FACE_BOUND('',#3854,.T.);
#3854 = EDGE_LOOP('',(#3855,#3865,#3874,#3882));
#3855 = ORIENTED_EDGE('',*,*,#3856,.T.);
#3856 = EDGE_CURVE('',#3857,#3859,#3861,.T.);
#3857 = VERTEX_POINT('',#3858);
#3858 = CARTESIAN_POINT('',(15.908209303345,1.074301317557E-14,
    48.382230134312));
#3859 = VERTEX_POINT('',#3860);
#3860 = CARTESIAN_POINT('',(15.908209303345,-100.,48.382230134312));
#3861 = LINE('',#3862,#3863);
#3862 = CARTESIAN_POINT('',(15.908209303345,1.074301317557E-14,
    48.382230134312));
#3863 = VECTOR('',#3864,1.);
#3864 = DIRECTION('',(0.,-1.,2.22044604925E-16));
#3865 = ORIENTED_EDGE('',*,*,#3866,.T.);
#3866 = EDGE_CURVE('',#3859,#3867,#3869,.T.);
#3867 = VERTEX_POINT('',#3868);
#3868 = CARTESIAN_POINT('',(-1.7763568394E-15,-100.,71.25));
#3869 = CIRCLE('',#3870,45.);
#3870 = AXIS2_PLACEMENT_3D('',#3871,#3872,#3873);
#3871 = CARTESIAN_POINT('',(-27.1724262411,-100.,35.379967212564));
#3872 = DIRECTION('',(0.,-1.,2.22044604925E-16));
#3873 = DIRECTION('',(1.,0.,0.));
#3874 = ORIENTED_EDGE('',*,*,#3875,.F.);
#3875 = EDGE_CURVE('',#3876,#3867,#3878,.T.);
#3876 = VERTEX_POINT('',#3877);
#3877 = CARTESIAN_POINT('',(-1.7763568394E-15,1.582067810091E-14,71.25)
  );
#3878 = LINE('',#3879,#3880);
#3879 = CARTESIAN_POINT('',(-3.552713678801E-15,1.582067810091E-14,71.25
    ));
#3880 = VECTOR('',#3881,1.);
#3881 = DIRECTION('',(0.,-1.,2.22044604925E-16));
#3882 = ORIENTED_EDGE('',*,*,#3883,.F.);
#3883 = EDGE_CURVE('',#3857,#3876,#3884,.T.);
#3884 = CIRCLE('',#3885,45.);
#3885 = AXIS2_PLACEMENT_3D('',#3886,#3887,#3888);
#3886 = CARTESIAN_POINT('',(-27.1724262411,7.855930841974E-15,
    35.379967212564));
#3887 = DIRECTION('',(0.,-1.,2.22044604925E-16));
#3888 = DIRECTION('',(1.,0.,0.));
#3889 = CYLINDRICAL_SURFACE('',#3890,45.);
#3890 = AXIS2_PLACEMENT_3D('',#3891,#3892,#3893);
#3891 = CARTESIAN_POINT('',(-27.1724262411,7.855930841974E-15,
    35.379967212564));
#3892 = DIRECTION('',(0.,1.,-2.22044604925E-16));
#3893 = DIRECTION('',(1.,0.,0.));
#3894 = ADVANCED_FACE('',(#3895),#3922,.T.);
#3895 = FACE_BOUND('',#3896,.F.);
#3896 = EDGE_LOOP('',(#3897,#3898,#3907,#3915));
#3897 = ORIENTED_EDGE('',*,*,#3856,.T.);
#3898 = ORIENTED_EDGE('',*,*,#3899,.T.);
#3899 = EDGE_CURVE('',#3859,#3900,#3902,.T.);
#3900 = VERTEX_POINT('',#3901);
#3901 = CARTESIAN_POINT('',(3.365469228538E-15,-100.,27.134039025165));
#3902 = CIRCLE('',#3903,45.);
#3903 = AXIS2_PLACEMENT_3D('',#3904,#3905,#3906);
#3904 = CARTESIAN_POINT('',(42.374518127396,-100.,11.988075421914));
#3905 = DIRECTION('',(0.,-1.,2.22044604925E-16));
#3906 = DIRECTION('',(1.,0.,0.));
#3907 = ORIENTED_EDGE('',*,*,#3908,.F.);
#3908 = EDGE_CURVE('',#3909,#3900,#3911,.T.);
#3909 = VERTEX_POINT('',#3910);
#3910 = CARTESIAN_POINT('',(3.365469228538E-15,6.024966975363E-15,
    27.134039025165));
#3911 = LINE('',#3912,#3913);
#3912 = CARTESIAN_POINT('',(0.,6.024966975363E-15,27.134039025165));
#3913 = VECTOR('',#3914,1.);
#3914 = DIRECTION('',(0.,-1.,2.22044604925E-16));
#3915 = ORIENTED_EDGE('',*,*,#3916,.F.);
#3916 = EDGE_CURVE('',#3857,#3909,#3917,.T.);
#3917 = CIRCLE('',#3918,45.);
#3918 = AXIS2_PLACEMENT_3D('',#3919,#3920,#3921);
#3919 = CARTESIAN_POINT('',(42.374518127396,2.66188747087E-15,
    11.988075421914));
#3920 = DIRECTION('',(0.,-1.,2.22044604925E-16));
#3921 = DIRECTION('',(1.,0.,0.));
#3922 = CYLINDRICAL_SURFACE('',#3923,45.);
#3923 = AXIS2_PLACEMENT_3D('',#3924,#3925,#3926);
#3924 = CARTESIAN_POINT('',(42.374518127396,2.66188747087E-15,
    11.988075421914));
#3925 = DIRECTION('',(0.,1.,-2.22044604925E-16));
#3926 = DIRECTION('',(1.,0.,0.));
#3927 = ADVANCED_FACE('',(#3928),#3955,.F.);
#3928 = FACE_BOUND('',#3929,.T.);
#3929 = EDGE_LOOP('',(#3930,#3931,#3940,#3948));
#3930 = ORIENTED_EDGE('',*,*,#3875,.T.);
#3931 = ORIENTED_EDGE('',*,*,#3932,.T.);
#3932 = EDGE_CURVE('',#3867,#3933,#3935,.T.);
#3933 = VERTEX_POINT('',#3934);
#3934 = CARTESIAN_POINT('',(-15.90820930334,-100.,48.382230134312));
#3935 = CIRCLE('',#3936,45.);
#3936 = AXIS2_PLACEMENT_3D('',#3937,#3938,#3939);
#3937 = CARTESIAN_POINT('',(27.172426241105,-100.,35.379967212564));
#3938 = DIRECTION('',(0.,-1.,2.22044604925E-16));
#3939 = DIRECTION('',(0.766044443119,1.427275208436E-16,0.642787609687)
  );
#3940 = ORIENTED_EDGE('',*,*,#3941,.F.);
#3941 = EDGE_CURVE('',#3942,#3933,#3944,.T.);
#3942 = VERTEX_POINT('',#3943);
#3943 = CARTESIAN_POINT('',(-15.90820930334,1.074301317557E-14,
    48.382230134312));
#3944 = LINE('',#3945,#3946);
#3945 = CARTESIAN_POINT('',(-15.90820930334,1.074301317557E-14,
    48.382230134312));
#3946 = VECTOR('',#3947,1.);
#3947 = DIRECTION('',(0.,-1.,2.22044604925E-16));
#3948 = ORIENTED_EDGE('',*,*,#3949,.F.);
#3949 = EDGE_CURVE('',#3876,#3942,#3950,.T.);
#3950 = CIRCLE('',#3951,45.);
#3951 = AXIS2_PLACEMENT_3D('',#3952,#3953,#3954);
#3952 = CARTESIAN_POINT('',(27.172426241105,7.855930841974E-15,
    35.379967212564));
#3953 = DIRECTION('',(0.,-1.,2.22044604925E-16));
#3954 = DIRECTION('',(0.766044443119,1.427275208436E-16,0.642787609687)
  );
#3955 = CYLINDRICAL_SURFACE('',#3956,45.);
#3956 = AXIS2_PLACEMENT_3D('',#3957,#3958,#3959);
#3957 = CARTESIAN_POINT('',(27.172426241105,7.855930841974E-15,
    35.379967212564));
#3958 = DIRECTION('',(0.,1.,-2.22044604925E-16));
#3959 = DIRECTION('',(0.766044443119,1.427275208436E-16,0.642787609687)
  );
#3960 = ADVANCED_FACE('',(#3961,#4053,#4136,#4148,#4186,#4224,#4262,
    #4300,#4329,#4358,#4387,#4416,#4445,#4483,#4521,#4550,#4579,#4608,
    #4637,#4675,#4713,#4742,#4771,#4800,#4829,#4858,#4887,#4916,#4945),
  #4974,.T.);
#3961 = FACE_BOUND('',#3962,.T.);
#3962 = EDGE_LOOP('',(#3963,#3974,#3983,#3992,#4001,#4010,#4019,#4028,
    #4037,#4046));
#3963 = ORIENTED_EDGE('',*,*,#3964,.F.);
#3964 = EDGE_CURVE('',#3965,#3967,#3969,.T.);
#3965 = VERTEX_POINT('',#3966);
#3966 = CARTESIAN_POINT('',(48.20907072649,1.275720267955E-14,
    57.453333233923));
#3967 = VERTEX_POINT('',#3968);
#3968 = CARTESIAN_POINT('',(-2.614024130122E-15,1.665334536938E-14,75.)
  );
#3969 = CIRCLE('',#3970,75.);
#3970 = AXIS2_PLACEMENT_3D('',#3971,#3972,#3973);
#3971 = CARTESIAN_POINT('',(0.,0.,0.));
#3972 = DIRECTION('',(0.,-1.,2.22044604925E-16));
#3973 = DIRECTION('',(1.,0.,0.));
#3974 = ORIENTED_EDGE('',*,*,#3975,.F.);
#3975 = EDGE_CURVE('',#3976,#3965,#3978,.T.);
#3976 = VERTEX_POINT('',#3977);
#3977 = CARTESIAN_POINT('',(73.860581475916,2.89182307545E-15,
    13.02361332502));
#3978 = CIRCLE('',#3979,75.);
#3979 = AXIS2_PLACEMENT_3D('',#3980,#3981,#3982);
#3980 = CARTESIAN_POINT('',(0.,0.,0.));
#3981 = DIRECTION('',(0.,-1.,2.22044604925E-16));
#3982 = DIRECTION('',(0.766044443119,-1.427275208436E-16,-0.642787609687
    ));
#3983 = ORIENTED_EDGE('',*,*,#3984,.F.);
#3984 = EDGE_CURVE('',#3985,#3976,#3987,.T.);
#3985 = VERTEX_POINT('',#3986);
#3986 = CARTESIAN_POINT('',(64.951905283833,-8.326672684689E-15,-37.5));
#3987 = CIRCLE('',#3988,75.);
#3988 = AXIS2_PLACEMENT_3D('',#3989,#3990,#3991);
#3989 = CARTESIAN_POINT('',(0.,0.,0.));
#3990 = DIRECTION('',(0.,-1.,2.22044604925E-16));
#3991 = DIRECTION('',(0.173648177667,-2.186712484447E-16,-0.984807753012
    ));
#3992 = ORIENTED_EDGE('',*,*,#3993,.F.);
#3993 = EDGE_CURVE('',#3994,#3985,#3996,.T.);
#3994 = VERTEX_POINT('',#3995);
#3995 = CARTESIAN_POINT('',(25.651510749425,-1.5649025755E-14,
    -70.47694655894));
#3996 = CIRCLE('',#3997,75.);
#3997 = AXIS2_PLACEMENT_3D('',#3998,#3999,#4000);
#3998 = CARTESIAN_POINT('',(0.,0.,0.));
#3999 = DIRECTION('',(0.,-1.,2.22044604925E-16));
#4000 = DIRECTION('',(-0.5,-1.922962686384E-16,-0.866025403784));
#4001 = ORIENTED_EDGE('',*,*,#4002,.F.);
#4002 = EDGE_CURVE('',#4003,#3994,#4005,.T.);
#4003 = VERTEX_POINT('',#4004);
#4004 = CARTESIAN_POINT('',(-25.65151074942,-1.5649025755E-14,
    -70.47694655894));
#4005 = CIRCLE('',#4006,75.);
#4006 = AXIS2_PLACEMENT_3D('',#4007,#4008,#4009);
#4007 = CARTESIAN_POINT('',(0.,0.,0.));
#4008 = DIRECTION('',(0.,-1.,2.22044604925E-16));
#4009 = DIRECTION('',(-0.939692620786,-7.594372760115E-17,
    -0.342020143326));
#4010 = ORIENTED_EDGE('',*,*,#4011,.F.);
#4011 = EDGE_CURVE('',#4012,#4003,#4014,.T.);
#4012 = VERTEX_POINT('',#4013);
#4013 = CARTESIAN_POINT('',(-64.95190528383,-8.326672684689E-15,-37.5));
#4014 = CIRCLE('',#4015,75.);
#4015 = AXIS2_PLACEMENT_3D('',#4016,#4017,#4018);
#4016 = CARTESIAN_POINT('',(0.,0.,0.));
#4017 = DIRECTION('',(0.,-1.,2.22044604925E-16));
#4018 = DIRECTION('',(-0.939692620786,7.594372760115E-17,0.342020143326)
  );
#4019 = ORIENTED_EDGE('',*,*,#4020,.F.);
#4020 = EDGE_CURVE('',#4021,#4012,#4023,.T.);
#4021 = VERTEX_POINT('',#4022);
#4022 = CARTESIAN_POINT('',(-75.,-7.709388682997E-13,0.));
#4023 = CIRCLE('',#4024,75.);
#4024 = AXIS2_PLACEMENT_3D('',#4025,#4026,#4027);
#4025 = CARTESIAN_POINT('',(0.,0.,0.));
#4026 = DIRECTION('',(0.,-1.,2.22044604925E-16));
#4027 = DIRECTION('',(-0.5,1.922962686384E-16,0.866025403784));
#4028 = ORIENTED_EDGE('',*,*,#4029,.F.);
#4029 = EDGE_CURVE('',#4030,#4021,#4032,.T.);
#4030 = VERTEX_POINT('',#4031);
#4031 = CARTESIAN_POINT('',(-73.86058147591,2.89182307545E-15,
    13.02361332502));
#4032 = CIRCLE('',#4033,75.);
#4033 = AXIS2_PLACEMENT_3D('',#4034,#4035,#4036);
#4034 = CARTESIAN_POINT('',(0.,0.,0.));
#4035 = DIRECTION('',(0.,-1.,2.22044604925E-16));
#4036 = DIRECTION('',(-0.5,1.922962686384E-16,0.866025403784));
#4037 = ORIENTED_EDGE('',*,*,#4038,.F.);
#4038 = EDGE_CURVE('',#4039,#4030,#4041,.T.);
#4039 = VERTEX_POINT('',#4040);
#4040 = CARTESIAN_POINT('',(-48.20907072649,1.275720267955E-14,
    57.453333233923));
#4041 = CIRCLE('',#4042,75.);
#4042 = AXIS2_PLACEMENT_3D('',#4043,#4044,#4045);
#4043 = CARTESIAN_POINT('',(0.,0.,0.));
#4044 = DIRECTION('',(0.,-1.,2.22044604925E-16));
#4045 = DIRECTION('',(0.173648177667,2.186712484447E-16,0.984807753012)
  );
#4046 = ORIENTED_EDGE('',*,*,#4047,.F.);
#4047 = EDGE_CURVE('',#3967,#4039,#4048,.T.);
#4048 = CIRCLE('',#4049,75.);
#4049 = AXIS2_PLACEMENT_3D('',#4050,#4051,#4052);
#4050 = CARTESIAN_POINT('',(0.,0.,0.));
#4051 = DIRECTION('',(0.,-1.,2.22044604925E-16));
#4052 = DIRECTION('',(0.766044443119,1.427275208436E-16,0.642787609687)
  );
#4053 = FACE_BOUND('',#4054,.T.);
#4054 = EDGE_LOOP('',(#4055,#4066,#4075,#4084,#4093,#4102,#4111,#4120,
    #4129));
#4055 = ORIENTED_EDGE('',*,*,#4056,.T.);
#4056 = EDGE_CURVE('',#4057,#4059,#4061,.T.);
#4057 = VERTEX_POINT('',#4058);
#4058 = CARTESIAN_POINT('',(14.462721217947,3.827160803866E-15,
    17.235999970177));
#4059 = VERTEX_POINT('',#4060);
#4060 = CARTESIAN_POINT('',(-1.317114294225E-15,4.996003610813E-15,22.5)
  );
#4061 = CIRCLE('',#4062,22.5);
#4062 = AXIS2_PLACEMENT_3D('',#4063,#4064,#4065);
#4063 = CARTESIAN_POINT('',(0.,0.,0.));
#4064 = DIRECTION('',(0.,-1.,2.22044604925E-16));
#4065 = DIRECTION('',(1.,0.,0.));
#4066 = ORIENTED_EDGE('',*,*,#4067,.T.);
#4067 = EDGE_CURVE('',#4059,#4068,#4070,.T.);
#4068 = VERTEX_POINT('',#4069);
#4069 = CARTESIAN_POINT('',(-14.46272121794,3.827160803866E-15,
    17.235999970177));
#4070 = CIRCLE('',#4071,22.5);
#4071 = AXIS2_PLACEMENT_3D('',#4072,#4073,#4074);
#4072 = CARTESIAN_POINT('',(0.,0.,0.));
#4073 = DIRECTION('',(0.,-1.,2.22044604925E-16));
#4074 = DIRECTION('',(0.766044443119,1.427275208436E-16,0.642787609687)
  );
#4075 = ORIENTED_EDGE('',*,*,#4076,.T.);
#4076 = EDGE_CURVE('',#4068,#4077,#4079,.T.);
#4077 = VERTEX_POINT('',#4078);
#4078 = CARTESIAN_POINT('',(-22.15817444277,8.675469226351E-16,
    3.907083997506));
#4079 = CIRCLE('',#4080,22.5);
#4080 = AXIS2_PLACEMENT_3D('',#4081,#4082,#4083);
#4081 = CARTESIAN_POINT('',(0.,0.,0.));
#4082 = DIRECTION('',(0.,-1.,2.22044604925E-16));
#4083 = DIRECTION('',(0.173648177667,2.186712484447E-16,0.984807753012)
  );
#4084 = ORIENTED_EDGE('',*,*,#4085,.T.);
#4085 = EDGE_CURVE('',#4077,#4086,#4088,.T.);
#4086 = VERTEX_POINT('',#4087);
#4087 = CARTESIAN_POINT('',(-19.48557158515,-2.498001805407E-15,-11.25)
  );
#4088 = CIRCLE('',#4089,22.5);
#4089 = AXIS2_PLACEMENT_3D('',#4090,#4091,#4092);
#4090 = CARTESIAN_POINT('',(0.,0.,0.));
#4091 = DIRECTION('',(0.,-1.,2.22044604925E-16));
#4092 = DIRECTION('',(-0.5,1.922962686384E-16,0.866025403784));
#4093 = ORIENTED_EDGE('',*,*,#4094,.T.);
#4094 = EDGE_CURVE('',#4086,#4095,#4097,.T.);
#4095 = VERTEX_POINT('',#4096);
#4096 = CARTESIAN_POINT('',(-7.695453224828,-4.694707726501E-15,
    -21.14308396768));
#4097 = CIRCLE('',#4098,22.5);
#4098 = AXIS2_PLACEMENT_3D('',#4099,#4100,#4101);
#4099 = CARTESIAN_POINT('',(0.,0.,0.));
#4100 = DIRECTION('',(0.,-1.,2.22044604925E-16));
#4101 = DIRECTION('',(-0.939692620786,7.594372760115E-17,0.342020143326)
  );
#4102 = ORIENTED_EDGE('',*,*,#4103,.T.);
#4103 = EDGE_CURVE('',#4095,#4104,#4106,.T.);
#4104 = VERTEX_POINT('',#4105);
#4105 = CARTESIAN_POINT('',(7.695453224828,-4.694707726501E-15,
    -21.14308396768));
#4106 = CIRCLE('',#4107,22.5);
#4107 = AXIS2_PLACEMENT_3D('',#4108,#4109,#4110);
#4108 = CARTESIAN_POINT('',(0.,0.,0.));
#4109 = DIRECTION('',(0.,-1.,2.22044604925E-16));
#4110 = DIRECTION('',(-0.939692620786,-7.594372760115E-17,
    -0.342020143326));
#4111 = ORIENTED_EDGE('',*,*,#4112,.T.);
#4112 = EDGE_CURVE('',#4104,#4113,#4115,.T.);
#4113 = VERTEX_POINT('',#4114);
#4114 = CARTESIAN_POINT('',(19.48557158515,-2.498001805407E-15,-11.25));
#4115 = CIRCLE('',#4116,22.5);
#4116 = AXIS2_PLACEMENT_3D('',#4117,#4118,#4119);
#4117 = CARTESIAN_POINT('',(0.,0.,0.));
#4118 = DIRECTION('',(0.,-1.,2.22044604925E-16));
#4119 = DIRECTION('',(-0.5,-1.922962686384E-16,-0.866025403784));
#4120 = ORIENTED_EDGE('',*,*,#4121,.T.);
#4121 = EDGE_CURVE('',#4113,#4122,#4124,.T.);
#4122 = VERTEX_POINT('',#4123);
#4123 = CARTESIAN_POINT('',(22.158174442775,8.675469226351E-16,
    3.907083997506));
#4124 = CIRCLE('',#4125,22.5);
#4125 = AXIS2_PLACEMENT_3D('',#4126,#4127,#4128);
#4126 = CARTESIAN_POINT('',(0.,0.,0.));
#4127 = DIRECTION('',(0.,-1.,2.22044604925E-16));
#4128 = DIRECTION('',(0.173648177667,-2.186712484447E-16,-0.984807753012
    ));
#4129 = ORIENTED_EDGE('',*,*,#4130,.T.);
#4130 = EDGE_CURVE('',#4122,#4057,#4131,.T.);
#4131 = CIRCLE('',#4132,22.5);
#4132 = AXIS2_PLACEMENT_3D('',#4133,#4134,#4135);
#4133 = CARTESIAN_POINT('',(0.,0.,0.));
#4134 = DIRECTION('',(0.,-1.,2.22044604925E-16));
#4135 = DIRECTION('',(0.766044443119,-1.427275208436E-16,-0.642787609687
    ));
#4136 = FACE_BOUND('',#4137,.T.);
#4137 = EDGE_LOOP('',(#4138,#4139,#4140,#4147));
#4138 = ORIENTED_EDGE('',*,*,#3883,.T.);
#4139 = ORIENTED_EDGE('',*,*,#3949,.T.);
#4140 = ORIENTED_EDGE('',*,*,#4141,.F.);
#4141 = EDGE_CURVE('',#3909,#3942,#4142,.T.);
#4142 = CIRCLE('',#4143,45.);
#4143 = AXIS2_PLACEMENT_3D('',#4144,#4145,#4146);
#4144 = CARTESIAN_POINT('',(-42.37451812739,2.66188747087E-15,
    11.988075421914));
#4145 = DIRECTION('',(0.,-1.,2.22044604925E-16));
#4146 = DIRECTION('',(0.766044443119,1.427275208436E-16,0.642787609687)
  );
#4147 = ORIENTED_EDGE('',*,*,#3916,.F.);
#4148 = FACE_BOUND('',#4149,.T.);
#4149 = EDGE_LOOP('',(#4150,#4161,#4170,#4179));
#4150 = ORIENTED_EDGE('',*,*,#4151,.F.);
#4151 = EDGE_CURVE('',#4152,#4154,#4156,.T.);
#4152 = VERTEX_POINT('',#4153);
#4153 = CARTESIAN_POINT('',(-26.72181200251,1.046224535775E-15,
    4.711776429463));
#4154 = VERTEX_POINT('',#4155);
#4155 = CARTESIAN_POINT('',(-50.40962689976,-1.613163328293E-15,
    -7.26504176419));
#4156 = CIRCLE('',#4157,45.);
#4157 = AXIS2_PLACEMENT_3D('',#4158,#4159,#4160);
#4158 = CARTESIAN_POINT('',(-19.16420747153,-8.803856872689E-15,
    -39.64904653126));
#4159 = DIRECTION('',(0.,-1.,2.22044604925E-16));
#4160 = DIRECTION('',(-0.5,1.922962686384E-16,0.866025403784));
#4161 = ORIENTED_EDGE('',*,*,#4162,.F.);
#4162 = EDGE_CURVE('',#4163,#4152,#4165,.T.);
#4163 = VERTEX_POINT('',#4164);
#4164 = CARTESIAN_POINT('',(-44.88476378882,5.344172649471E-15,
    24.068013952761));
#4165 = CIRCLE('',#4166,45.);
#4166 = AXIS2_PLACEMENT_3D('',#4167,#4168,#4169);
#4167 = CARTESIAN_POINT('',(-4.447691766859,9.728320689631E-15,
    43.812461432765));
#4168 = DIRECTION('',(0.,-1.,2.22044604925E-16));
#4169 = DIRECTION('',(0.173648177667,2.186712484447E-16,0.984807753012)
  );
#4170 = ORIENTED_EDGE('',*,*,#4171,.T.);
#4171 = EDGE_CURVE('',#4163,#4172,#4174,.T.);
#4172 = VERTEX_POINT('',#4173);
#4173 = CARTESIAN_POINT('',(-70.16755240212,2.747231921678E-15,
    12.372432658769));
#4174 = CIRCLE('',#4175,45.);
#4175 = AXIS2_PLACEMENT_3D('',#4176,#4177,#4178);
#4176 = CARTESIAN_POINT('',(-39.5609083118,-4.577660294828E-15,
    -20.61594919801));
#4177 = DIRECTION('',(0.,-1.,2.22044604925E-16));
#4178 = DIRECTION('',(0.173648177667,2.186712484447E-16,0.984807753012)
  );
#4179 = ORIENTED_EDGE('',*,*,#4180,.T.);
#4180 = EDGE_CURVE('',#4172,#4154,#4181,.T.);
#4181 = CIRCLE('',#4182,45.);
#4182 = AXIS2_PLACEMENT_3D('',#4183,#4184,#4185);
#4183 = CARTESIAN_POINT('',(-30.12402371269,7.305996444E-15,
    32.90328286277));
#4184 = DIRECTION('',(0.,-1.,2.22044604925E-16));
#4185 = DIRECTION('',(-0.5,1.922962686384E-16,0.866025403784));
#4186 = FACE_BOUND('',#4187,.T.);
#4187 = EDGE_LOOP('',(#4188,#4199,#4208,#4217));
#4188 = ORIENTED_EDGE('',*,*,#4189,.F.);
#4189 = EDGE_CURVE('',#4190,#4192,#4194,.T.);
#4190 = VERTEX_POINT('',#4191);
#4191 = CARTESIAN_POINT('',(26.721812002518,1.046224535775E-15,
    4.711776429463));
#4192 = VERTEX_POINT('',#4193);
#4193 = CARTESIAN_POINT('',(44.884763788822,5.344172649471E-15,
    24.068013952761));
#4194 = CIRCLE('',#4195,45.);
#4195 = AXIS2_PLACEMENT_3D('',#4196,#4197,#4198);
#4196 = CARTESIAN_POINT('',(4.447691766859,9.728320689631E-15,
    43.812461432765));
#4197 = DIRECTION('',(0.,-1.,2.22044604925E-16));
#4198 = DIRECTION('',(0.766044443119,-1.427275208436E-16,-0.642787609687
    ));
#4199 = ORIENTED_EDGE('',*,*,#4200,.F.);
#4200 = EDGE_CURVE('',#4201,#4190,#4203,.T.);
#4201 = VERTEX_POINT('',#4202);
#4202 = CARTESIAN_POINT('',(50.409626899762,-1.613163328293E-15,
    -7.26504176419));
#4203 = CIRCLE('',#4204,45.);
#4204 = AXIS2_PLACEMENT_3D('',#4205,#4206,#4207);
#4205 = CARTESIAN_POINT('',(19.164207471532,-8.803856872689E-15,
    -39.64904653126));
#4206 = DIRECTION('',(0.,-1.,2.22044604925E-16));
#4207 = DIRECTION('',(0.173648177667,-2.186712484447E-16,-0.984807753012
    ));
#4208 = ORIENTED_EDGE('',*,*,#4209,.T.);
#4209 = EDGE_CURVE('',#4201,#4210,#4212,.T.);
#4210 = VERTEX_POINT('',#4211);
#4211 = CARTESIAN_POINT('',(70.16755240212,2.747231921678E-15,
    12.372432658769));
#4212 = CIRCLE('',#4213,45.);
#4213 = AXIS2_PLACEMENT_3D('',#4214,#4215,#4216);
#4214 = CARTESIAN_POINT('',(30.124023712694,7.305996444E-15,
    32.90328286277));
#4215 = DIRECTION('',(0.,-1.,2.22044604925E-16));
#4216 = DIRECTION('',(0.173648177667,-2.186712484447E-16,-0.984807753012
    ));
#4217 = ORIENTED_EDGE('',*,*,#4218,.T.);
#4218 = EDGE_CURVE('',#4210,#4192,#4219,.T.);
#4219 = CIRCLE('',#4220,45.);
#4220 = AXIS2_PLACEMENT_3D('',#4221,#4222,#4223);
#4221 = CARTESIAN_POINT('',(39.560908311808,-4.577660294828E-15,
    -20.61594919801));
#4222 = DIRECTION('',(0.,-1.,2.22044604925E-16));
#4223 = DIRECTION('',(0.766044443119,-1.427275208436E-16,-0.642787609687
    ));
#4224 = FACE_BOUND('',#4225,.T.);
#4225 = EDGE_LOOP('',(#4226,#4237,#4246,#4255));
#4226 = ORIENTED_EDGE('',*,*,#4227,.F.);
#4227 = EDGE_CURVE('',#4228,#4230,#4232,.T.);
#4228 = VERTEX_POINT('',#4229);
#4229 = CARTESIAN_POINT('',(-9.280387916391,-5.661617007228E-15,
    -25.49765624406));
#4230 = VERTEX_POINT('',#4231);
#4231 = CARTESIAN_POINT('',(-1.598870392682,-1.130325892004E-14,
    -50.90535266036));
#4232 = CIRCLE('',#4233,45.);
#4233 = AXIS2_PLACEMENT_3D('',#4234,#4235,#4236);
#4234 = CARTESIAN_POINT('',(35.718858719671,-5.719434875636E-15,
    -25.75804477468));
#4235 = DIRECTION('',(0.,-1.,2.22044604925E-16));
#4236 = DIRECTION('',(-0.939692620786,-7.594372760115E-17,
    -0.342020143326));
#4237 = ORIENTED_EDGE('',*,*,#4238,.F.);
#4238 = EDGE_CURVE('',#4239,#4228,#4241,.T.);
#4239 = VERTEX_POINT('',#4240);
#4240 = CARTESIAN_POINT('',(-31.49652417722,-8.887001492129E-15,
    -40.02349660839));
#4241 = CIRCLE('',#4242,45.);
#4242 = AXIS2_PLACEMENT_3D('',#4243,#4244,#4245);
#4243 = CARTESIAN_POINT('',(-43.91918526767,7.167228481577E-16,
    3.227832751891));
#4244 = DIRECTION('',(0.,-1.,2.22044604925E-16));
#4245 = DIRECTION('',(-0.939692620786,7.594372760115E-17,0.342020143326)
  );
#4246 = ORIENTED_EDGE('',*,*,#4247,.T.);
#4247 = EDGE_CURVE('',#4239,#4248,#4250,.T.);
#4248 = VERTEX_POINT('',#4249);
#4249 = CARTESIAN_POINT('',(-24.36893521195,-1.486657446725E-14,
    -66.95309923099));
#4250 = CIRCLE('',#4251,45.);
#4251 = AXIS2_PLACEMENT_3D('',#4252,#4253,#4254);
#4252 = CARTESIAN_POINT('',(13.433066970717,-9.445735578325E-15,
    -42.53981123078));
#4253 = DIRECTION('',(0.,-1.,2.22044604925E-16));
#4254 = DIRECTION('',(-0.939692620786,7.594372760115E-17,0.342020143326)
  );
#4255 = ORIENTED_EDGE('',*,*,#4256,.T.);
#4256 = EDGE_CURVE('',#4248,#4230,#4257,.T.);
#4257 = CIRCLE('',#4258,45.);
#4258 = AXIS2_PLACEMENT_3D('',#4259,#4260,#4261);
#4259 = CARTESIAN_POINT('',(-37.63438988451,-5.318584904891E-15,
    -23.9527769958));
#4260 = DIRECTION('',(0.,-1.,2.22044604925E-16));
#4261 = DIRECTION('',(-0.939692620786,-7.594372760115E-17,
    -0.342020143326));
#4262 = FACE_BOUND('',#4263,.T.);
#4263 = EDGE_LOOP('',(#4264,#4275,#4284,#4293));
#4264 = ORIENTED_EDGE('',*,*,#4265,.F.);
#4265 = EDGE_CURVE('',#4266,#4268,#4270,.T.);
#4266 = VERTEX_POINT('',#4267);
#4267 = CARTESIAN_POINT('',(9.280387916391,-5.661617007228E-15,
    -25.49765624406));
#4268 = VERTEX_POINT('',#4269);
#4269 = CARTESIAN_POINT('',(31.496524177224,-8.887001492129E-15,
    -40.02349660839));
#4270 = CIRCLE('',#4271,45.);
#4271 = AXIS2_PLACEMENT_3D('',#4272,#4273,#4274);
#4272 = CARTESIAN_POINT('',(43.919185267674,7.167228481577E-16,
    3.227832751891));
#4273 = DIRECTION('',(0.,-1.,2.22044604925E-16));
#4274 = DIRECTION('',(-0.5,-1.922962686384E-16,-0.866025403784));
#4275 = ORIENTED_EDGE('',*,*,#4276,.F.);
#4276 = EDGE_CURVE('',#4277,#4266,#4279,.T.);
#4277 = VERTEX_POINT('',#4278);
#4278 = CARTESIAN_POINT('',(1.598870392682,-1.130325892004E-14,
    -50.90535266036));
#4279 = CIRCLE('',#4280,45.);
#4280 = AXIS2_PLACEMENT_3D('',#4281,#4282,#4283);
#4281 = CARTESIAN_POINT('',(-35.71885871967,-5.719434875636E-15,
    -25.75804477468));
#4282 = DIRECTION('',(0.,-1.,2.22044604925E-16));
#4283 = DIRECTION('',(-0.939692620786,-7.594372760115E-17,
    -0.342020143326));
#4284 = ORIENTED_EDGE('',*,*,#4285,.T.);
#4285 = EDGE_CURVE('',#4277,#4286,#4288,.T.);
#4286 = VERTEX_POINT('',#4287);
#4287 = CARTESIAN_POINT('',(24.368935211954,-1.486657446725E-14,
    -66.95309923099));
#4288 = CIRCLE('',#4289,45.);
#4289 = AXIS2_PLACEMENT_3D('',#4290,#4291,#4292);
#4290 = CARTESIAN_POINT('',(37.634389884514,-5.318584904891E-15,
    -23.9527769958));
#4291 = DIRECTION('',(0.,-1.,2.22044604925E-16));
#4292 = DIRECTION('',(-0.939692620786,-7.594372760115E-17,
    -0.342020143326));
#4293 = ORIENTED_EDGE('',*,*,#4294,.T.);
#4294 = EDGE_CURVE('',#4286,#4268,#4295,.T.);
#4295 = CIRCLE('',#4296,45.);
#4296 = AXIS2_PLACEMENT_3D('',#4297,#4298,#4299);
#4297 = CARTESIAN_POINT('',(-13.43306697071,-9.445735578325E-15,
    -42.53981123078));
#4298 = DIRECTION('',(0.,-1.,2.22044604925E-16));
#4299 = DIRECTION('',(-0.5,-1.922962686384E-16,-0.866025403784));
#4300 = FACE_BOUND('',#4301,.T.);
#4301 = EDGE_LOOP('',(#4302,#4313,#4322));
#4302 = ORIENTED_EDGE('',*,*,#4303,.F.);
#4303 = EDGE_CURVE('',#4304,#4306,#4308,.T.);
#4304 = VERTEX_POINT('',#4305);
#4305 = CARTESIAN_POINT('',(-22.73317948109,-1.528636817025E-14,
    -68.84368199537));
#4306 = VERTEX_POINT('',#4307);
#4307 = CARTESIAN_POINT('',(7.105427357601E-15,-1.179698324176E-14,
    -53.12888933169));
#4308 = CIRCLE('',#4309,45.);
#4309 = AXIS2_PLACEMENT_3D('',#4310,#4311,#4312);
#4310 = CARTESIAN_POINT('',(-35.71885871967,-5.719434875636E-15,
    -25.75804477468));
#4311 = DIRECTION('',(0.,-1.,2.22044604925E-16));
#4312 = DIRECTION('',(-0.939692620786,-7.594372760115E-17,
    -0.342020143326));
#4313 = ORIENTED_EDGE('',*,*,#4314,.T.);
#4314 = EDGE_CURVE('',#4304,#4315,#4317,.T.);
#4315 = VERTEX_POINT('',#4316);
#4316 = CARTESIAN_POINT('',(22.733179481096,-1.528636817025E-14,
    -68.84368199537));
#4317 = CIRCLE('',#4318,72.5);
#4318 = AXIS2_PLACEMENT_3D('',#4319,#4320,#4321);
#4319 = CARTESIAN_POINT('',(0.,0.,0.));
#4320 = DIRECTION('',(0.,-1.,2.22044604925E-16));
#4321 = DIRECTION('',(-0.939692620786,-7.594372760115E-17,
    -0.342020143326));
#4322 = ORIENTED_EDGE('',*,*,#4323,.F.);
#4323 = EDGE_CURVE('',#4306,#4315,#4324,.T.);
#4324 = CIRCLE('',#4325,45.);
#4325 = AXIS2_PLACEMENT_3D('',#4326,#4327,#4328);
#4326 = CARTESIAN_POINT('',(35.718858719671,-5.719434875636E-15,
    -25.75804477468));
#4327 = DIRECTION('',(0.,-1.,2.22044604925E-16));
#4328 = DIRECTION('',(-0.939692620786,-7.594372760115E-17,
    -0.342020143326));
#4329 = FACE_BOUND('',#4330,.T.);
#4330 = EDGE_LOOP('',(#4331,#4342,#4351));
#4331 = ORIENTED_EDGE('',*,*,#4332,.F.);
#4332 = EDGE_CURVE('',#4333,#4335,#4337,.T.);
#4333 = VERTEX_POINT('',#4334);
#4334 = CARTESIAN_POINT('',(-71.74536696442,2.31664276234E-15,
    10.433231481223));
#4335 = VERTEX_POINT('',#4336);
#4336 = CARTESIAN_POINT('',(-52.32174212278,-2.048524641899E-15,
    -9.225734813918));
#4337 = CIRCLE('',#4338,45.);
#4338 = AXIS2_PLACEMENT_3D('',#4339,#4340,#4341);
#4339 = CARTESIAN_POINT('',(-31.56923692155,6.817517985811E-15,
    30.703371460492));
#4340 = DIRECTION('',(0.,-1.,2.22044604925E-16));
#4341 = DIRECTION('',(-0.5,1.922962686384E-16,0.866025403784));
#4342 = ORIENTED_EDGE('',*,*,#4343,.T.);
#4343 = EDGE_CURVE('',#4333,#4344,#4346,.T.);
#4344 = VERTEX_POINT('',#4345);
#4345 = CARTESIAN_POINT('',(-63.85021658548,-7.625542714158E-15,
    -34.34239132598));
#4346 = CIRCLE('',#4347,72.5);
#4347 = AXIS2_PLACEMENT_3D('',#4348,#4349,#4350);
#4348 = CARTESIAN_POINT('',(0.,0.,0.));
#4349 = DIRECTION('',(0.,-1.,2.22044604925E-16));
#4350 = DIRECTION('',(-0.5,1.922962686384E-16,0.866025403784));
#4351 = ORIENTED_EDGE('',*,*,#4352,.F.);
#4352 = EDGE_CURVE('',#4335,#4344,#4353,.T.);
#4353 = CIRCLE('',#4354,45.);
#4354 = AXIS2_PLACEMENT_3D('',#4355,#4356,#4357);
#4355 = CARTESIAN_POINT('',(-19.16420747153,-8.803856872689E-15,
    -39.64904653126));
#4356 = DIRECTION('',(0.,-1.,2.22044604925E-16));
#4357 = DIRECTION('',(-0.5,1.922962686384E-16,0.866025403784));
#4358 = FACE_BOUND('',#4359,.T.);
#4359 = EDGE_LOOP('',(#4360,#4371,#4380));
#4360 = ORIENTED_EDGE('',*,*,#4361,.F.);
#4361 = EDGE_CURVE('',#4362,#4364,#4366,.T.);
#4362 = VERTEX_POINT('',#4363);
#4363 = CARTESIAN_POINT('',(63.850216585484,-7.625542714158E-15,
    -34.34239132598));
#4364 = VERTEX_POINT('',#4365);
#4365 = CARTESIAN_POINT('',(52.321742122785,-2.048524641899E-15,
    -9.225734813918));
#4366 = CIRCLE('',#4367,45.);
#4367 = AXIS2_PLACEMENT_3D('',#4368,#4369,#4370);
#4368 = CARTESIAN_POINT('',(19.164207471532,-8.803856872689E-15,
    -39.64904653126));
#4369 = DIRECTION('',(0.,-1.,2.22044604925E-16));
#4370 = DIRECTION('',(0.173648177667,-2.186712484447E-16,-0.984807753012
    ));
#4371 = ORIENTED_EDGE('',*,*,#4372,.T.);
#4372 = EDGE_CURVE('',#4362,#4373,#4375,.T.);
#4373 = VERTEX_POINT('',#4374);
#4374 = CARTESIAN_POINT('',(71.74536696442,2.31664276234E-15,
    10.433231481223));
#4375 = CIRCLE('',#4376,72.5);
#4376 = AXIS2_PLACEMENT_3D('',#4377,#4378,#4379);
#4377 = CARTESIAN_POINT('',(0.,0.,0.));
#4378 = DIRECTION('',(0.,-1.,2.22044604925E-16));
#4379 = DIRECTION('',(0.173648177667,-2.186712484447E-16,-0.984807753012
    ));
#4380 = ORIENTED_EDGE('',*,*,#4381,.F.);
#4381 = EDGE_CURVE('',#4364,#4373,#4382,.T.);
#4382 = CIRCLE('',#4383,45.);
#4383 = AXIS2_PLACEMENT_3D('',#4384,#4385,#4386);
#4384 = CARTESIAN_POINT('',(31.569236921559,6.817517985811E-15,
    30.703371460492));
#4385 = DIRECTION('',(0.,-1.,2.22044604925E-16));
#4386 = DIRECTION('',(0.173648177667,-2.186712484447E-16,-0.984807753012
    ));
#4387 = FACE_BOUND('',#4388,.T.);
#4388 = EDGE_LOOP('',(#4389,#4400,#4409));
#4389 = ORIENTED_EDGE('',*,*,#4390,.F.);
#4390 = EDGE_CURVE('',#4391,#4393,#4395,.T.);
#4391 = VERTEX_POINT('',#4392);
#4392 = CARTESIAN_POINT('',(-2.183724977737,1.609092975822E-14,
    72.467105263158));
#4393 = VERTEX_POINT('',#4394);
#4394 = CARTESIAN_POINT('',(-18.17115034396,1.108553809982E-14,
    49.924825255549));
#4395 = CIRCLE('',#4396,45.);
#4396 = AXIS2_PLACEMENT_3D('',#4397,#4398,#4399);
#4397 = CARTESIAN_POINT('',(24.754977796142,8.087134024532E-15,
    36.421213779376));
#4398 = DIRECTION('',(0.,-1.,2.22044604925E-16));
#4399 = DIRECTION('',(0.766044443119,1.427275208436E-16,0.642787609687)
  );
#4400 = ORIENTED_EDGE('',*,*,#4401,.T.);
#4401 = EDGE_CURVE('',#4391,#4402,#4404,.T.);
#4402 = VERTEX_POINT('',#4403);
#4403 = CARTESIAN_POINT('',(-44.90812698851,1.263804497818E-14,
    56.916694654413));
#4404 = CIRCLE('',#4405,72.5);
#4405 = AXIS2_PLACEMENT_3D('',#4406,#4407,#4408);
#4406 = CARTESIAN_POINT('',(0.,0.,0.));
#4407 = DIRECTION('',(0.,-1.,2.22044604925E-16));
#4408 = DIRECTION('',(0.766044443119,1.427275208436E-16,0.642787609687)
  );
#4409 = ORIENTED_EDGE('',*,*,#4410,.F.);
#4410 = EDGE_CURVE('',#4393,#4402,#4411,.T.);
#4411 = CIRCLE('',#4412,45.);
#4412 = AXIS2_PLACEMENT_3D('',#4413,#4414,#4415);
#4413 = CARTESIAN_POINT('',(-42.37451812739,2.66188747087E-15,
    11.988075421914));
#4414 = DIRECTION('',(0.,-1.,2.22044604925E-16));
#4415 = DIRECTION('',(0.766044443119,1.427275208436E-16,0.642787609687)
  );
#4416 = FACE_BOUND('',#4417,.T.);
#4417 = EDGE_LOOP('',(#4418,#4429,#4438));
#4418 = ORIENTED_EDGE('',*,*,#4419,.F.);
#4419 = EDGE_CURVE('',#4420,#4422,#4424,.T.);
#4420 = VERTEX_POINT('',#4421);
#4421 = CARTESIAN_POINT('',(44.908126988512,1.263804497818E-14,
    56.916694654413));
#4422 = VERTEX_POINT('',#4423);
#4423 = CARTESIAN_POINT('',(18.171150343961,1.108553809982E-14,
    49.924825255549));
#4424 = CIRCLE('',#4425,45.);
#4425 = AXIS2_PLACEMENT_3D('',#4426,#4427,#4428);
#4426 = CARTESIAN_POINT('',(42.374518127396,2.66188747087E-15,
    11.988075421914));
#4427 = DIRECTION('',(0.,-1.,2.22044604925E-16));
#4428 = DIRECTION('',(1.,0.,0.));
#4429 = ORIENTED_EDGE('',*,*,#4430,.T.);
#4430 = EDGE_CURVE('',#4420,#4431,#4433,.T.);
#4431 = VERTEX_POINT('',#4432);
#4432 = CARTESIAN_POINT('',(2.183724977737,1.609092975822E-14,
    72.467105263158));
#4433 = CIRCLE('',#4434,72.5);
#4434 = AXIS2_PLACEMENT_3D('',#4435,#4436,#4437);
#4435 = CARTESIAN_POINT('',(0.,0.,0.));
#4436 = DIRECTION('',(0.,-1.,2.22044604925E-16));
#4437 = DIRECTION('',(1.,0.,0.));
#4438 = ORIENTED_EDGE('',*,*,#4439,.F.);
#4439 = EDGE_CURVE('',#4422,#4431,#4440,.T.);
#4440 = CIRCLE('',#4441,45.);
#4441 = AXIS2_PLACEMENT_3D('',#4442,#4443,#4444);
#4442 = CARTESIAN_POINT('',(-24.75497779614,8.087134024532E-15,
    36.421213779376));
#4443 = DIRECTION('',(0.,-1.,2.22044604925E-16));
#4444 = DIRECTION('',(1.,0.,0.));
#4445 = FACE_BOUND('',#4446,.T.);
#4446 = EDGE_LOOP('',(#4447,#4458,#4467,#4476));
#4447 = ORIENTED_EDGE('',*,*,#4448,.F.);
#4448 = EDGE_CURVE('',#4449,#4451,#4453,.T.);
#4449 = VERTEX_POINT('',#4450);
#4450 = CARTESIAN_POINT('',(-23.49876710307,-3.012483487682E-15,
    -13.56701951258));
#4451 = VERTEX_POINT('',#4452);
#4452 = CARTESIAN_POINT('',(-33.94613573638,-8.430595877534E-15,
    -37.96802845257));
#4453 = CIRCLE('',#4454,45.);
#4454 = AXIS2_PLACEMENT_3D('',#4455,#4456,#4457);
#4455 = CARTESIAN_POINT('',(10.805281205837,-9.479405456682E-15,
    -42.6914468824));
#4456 = DIRECTION('',(0.,-1.,2.22044604925E-16));
#4457 = DIRECTION('',(-0.939692620786,7.594372760115E-17,0.342020143326)
  );
#4458 = ORIENTED_EDGE('',*,*,#4459,.F.);
#4459 = EDGE_CURVE('',#4460,#4449,#4462,.T.);
#4460 = VERTEX_POINT('',#4461);
#4461 = CARTESIAN_POINT('',(-49.85434503973,-2.312417298031E-15,
    -10.41420168173));
#4462 = CIRCLE('',#4463,45.);
#4463 = AXIS2_PLACEMENT_3D('',#4464,#4465,#4466);
#4464 = CARTESIAN_POINT('',(-31.56923692155,6.817517985811E-15,
    30.703371460492));
#4465 = DIRECTION('',(0.,-1.,2.22044604925E-16));
#4466 = DIRECTION('',(-0.5,1.922962686384E-16,0.866025403784));
#4467 = ORIENTED_EDGE('',*,*,#4468,.T.);
#4468 = EDGE_CURVE('',#4460,#4469,#4471,.T.);
#4469 = VERTEX_POINT('',#4470);
#4470 = CARTESIAN_POINT('',(-61.70431001964,-7.910339050454E-15,-35.625)
  );
#4471 = CIRCLE('',#4472,45.);
#4472 = AXIS2_PLACEMENT_3D('',#4473,#4474,#4475);
#4473 = CARTESIAN_POINT('',(-17.05373727058,-9.153121597003E-15,
    -41.22199501353));
#4474 = DIRECTION('',(0.,-1.,2.22044604925E-16));
#4475 = DIRECTION('',(-0.5,1.922962686384E-16,0.866025403784));
#4476 = ORIENTED_EDGE('',*,*,#4477,.T.);
#4477 = EDGE_CURVE('',#4469,#4451,#4478,.T.);
#4478 = CIRCLE('',#4479,45.);
#4479 = AXIS2_PLACEMENT_3D('',#4480,#4481,#4482);
#4480 = CARTESIAN_POINT('',(-44.22616351169,1.297190755028E-15,
    5.842027800973));
#4481 = DIRECTION('',(0.,-1.,2.22044604925E-16));
#4482 = DIRECTION('',(-0.939692620786,7.594372760115E-17,0.342020143326)
  );
#4483 = FACE_BOUND('',#4484,.T.);
#4484 = EDGE_LOOP('',(#4485,#4496,#4505,#4514));
#4485 = ORIENTED_EDGE('',*,*,#4486,.F.);
#4486 = EDGE_CURVE('',#4487,#4489,#4491,.T.);
#4487 = VERTEX_POINT('',#4488);
#4488 = CARTESIAN_POINT('',(23.498767103071,-3.012483487682E-15,
    -13.56701951258));
#4489 = VERTEX_POINT('',#4490);
#4490 = CARTESIAN_POINT('',(49.854345039732,-2.312417298031E-15,
    -10.41420168173));
#4491 = CIRCLE('',#4492,45.);
#4492 = AXIS2_PLACEMENT_3D('',#4493,#4494,#4495);
#4493 = CARTESIAN_POINT('',(31.569236921559,6.817517985811E-15,
    30.703371460492));
#4494 = DIRECTION('',(0.,-1.,2.22044604925E-16));
#4495 = DIRECTION('',(0.173648177667,-2.186712484447E-16,-0.984807753012
    ));
#4496 = ORIENTED_EDGE('',*,*,#4497,.F.);
#4497 = EDGE_CURVE('',#4498,#4487,#4500,.T.);
#4498 = VERTEX_POINT('',#4499);
#4499 = CARTESIAN_POINT('',(33.946135736387,-8.430595877534E-15,
    -37.96802845257));
#4500 = CIRCLE('',#4501,45.);
#4501 = AXIS2_PLACEMENT_3D('',#4502,#4503,#4504);
#4502 = CARTESIAN_POINT('',(-10.80528120583,-9.479405456682E-15,
    -42.6914468824));
#4503 = DIRECTION('',(0.,-1.,2.22044604925E-16));
#4504 = DIRECTION('',(-0.5,-1.922962686384E-16,-0.866025403784));
#4505 = ORIENTED_EDGE('',*,*,#4506,.T.);
#4506 = EDGE_CURVE('',#4498,#4507,#4509,.T.);
#4507 = VERTEX_POINT('',#4508);
#4508 = CARTESIAN_POINT('',(61.704310019641,-7.910339050454E-15,-35.625)
  );
#4509 = CIRCLE('',#4510,45.);
#4510 = AXIS2_PLACEMENT_3D('',#4511,#4512,#4513);
#4511 = CARTESIAN_POINT('',(44.226163511693,1.297190755028E-15,
    5.842027800973));
#4512 = DIRECTION('',(0.,-1.,2.22044604925E-16));
#4513 = DIRECTION('',(-0.5,-1.922962686384E-16,-0.866025403784));
#4514 = ORIENTED_EDGE('',*,*,#4515,.T.);
#4515 = EDGE_CURVE('',#4507,#4489,#4516,.T.);
#4516 = CIRCLE('',#4517,45.);
#4517 = AXIS2_PLACEMENT_3D('',#4518,#4519,#4520);
#4518 = CARTESIAN_POINT('',(17.053737270589,-9.153121597003E-15,
    -41.22199501353));
#4519 = DIRECTION('',(0.,-1.,2.22044604925E-16));
#4520 = DIRECTION('',(0.173648177667,-2.186712484447E-16,-0.984807753012
    ));
#4521 = FACE_BOUND('',#4522,.T.);
#4522 = EDGE_LOOP('',(#4523,#4534,#4543));
#4523 = ORIENTED_EDGE('',*,*,#4524,.F.);
#4524 = EDGE_CURVE('',#4525,#4527,#4529,.T.);
#4525 = VERTEX_POINT('',#4526);
#4526 = CARTESIAN_POINT('',(70.9869672386,3.271678496623E-15,
    14.734330058267));
#4527 = VERTEX_POINT('',#4528);
#4528 = CARTESIAN_POINT('',(46.010967836103,5.898491620881E-15,
    26.56444466585));
#4529 = CIRCLE('',#4530,45.);
#4530 = AXIS2_PLACEMENT_3D('',#4531,#4532,#4533);
#4531 = CARTESIAN_POINT('',(40.16655048653,-4.008885813995E-15,
    -18.05441665807));
#4532 = DIRECTION('',(0.,-1.,2.22044604925E-16));
#4533 = DIRECTION('',(0.766044443119,-1.427275208436E-16,-0.642787609687
    ));
#4534 = ORIENTED_EDGE('',*,*,#4535,.T.);
#4535 = EDGE_CURVE('',#4525,#4536,#4538,.T.);
#4536 = VERTEX_POINT('',#4537);
#4537 = CARTESIAN_POINT('',(48.253787757504,1.201468967362E-14,
    54.109351937108));
#4538 = CIRCLE('',#4539,72.5);
#4539 = AXIS2_PLACEMENT_3D('',#4540,#4541,#4542);
#4540 = CARTESIAN_POINT('',(0.,0.,0.));
#4541 = DIRECTION('',(0.,-1.,2.22044604925E-16));
#4542 = DIRECTION('',(0.766044443119,-1.427275208436E-16,-0.642787609687
    ));
#4543 = ORIENTED_EDGE('',*,*,#4544,.F.);
#4544 = EDGE_CURVE('',#4527,#4536,#4545,.T.);
#4545 = CIRCLE('',#4546,45.);
#4546 = AXIS2_PLACEMENT_3D('',#4547,#4548,#4549);
#4547 = CARTESIAN_POINT('',(4.447691766859,9.728320689631E-15,
    43.812461432765));
#4548 = DIRECTION('',(0.,-1.,2.22044604925E-16));
#4549 = DIRECTION('',(0.766044443119,-1.427275208436E-16,-0.642787609687
    ));
#4550 = FACE_BOUND('',#4551,.T.);
#4551 = EDGE_LOOP('',(#4552,#4563,#4572));
#4552 = ORIENTED_EDGE('',*,*,#4553,.F.);
#4553 = EDGE_CURVE('',#4554,#4556,#4558,.T.);
#4554 = VERTEX_POINT('',#4555);
#4555 = CARTESIAN_POINT('',(-48.2537877575,1.201468967362E-14,
    54.109351937108));
#4556 = VERTEX_POINT('',#4557);
#4557 = CARTESIAN_POINT('',(-46.0109678361,5.898491620881E-15,
    26.56444466585));
#4558 = CIRCLE('',#4559,45.);
#4559 = AXIS2_PLACEMENT_3D('',#4560,#4561,#4562);
#4560 = CARTESIAN_POINT('',(-4.447691766859,9.728320689631E-15,
    43.812461432765));
#4561 = DIRECTION('',(0.,-1.,2.22044604925E-16));
#4562 = DIRECTION('',(0.173648177667,2.186712484447E-16,0.984807753012)
  );
#4563 = ORIENTED_EDGE('',*,*,#4564,.T.);
#4564 = EDGE_CURVE('',#4554,#4565,#4567,.T.);
#4565 = VERTEX_POINT('',#4566);
#4566 = CARTESIAN_POINT('',(-70.9869672386,3.271678496623E-15,
    14.734330058267));
#4567 = CIRCLE('',#4568,72.5);
#4568 = AXIS2_PLACEMENT_3D('',#4569,#4570,#4571);
#4569 = CARTESIAN_POINT('',(0.,0.,0.));
#4570 = DIRECTION('',(0.,-1.,2.22044604925E-16));
#4571 = DIRECTION('',(0.173648177667,2.186712484447E-16,0.984807753012)
  );
#4572 = ORIENTED_EDGE('',*,*,#4573,.F.);
#4573 = EDGE_CURVE('',#4556,#4565,#4574,.T.);
#4574 = CIRCLE('',#4575,45.);
#4575 = AXIS2_PLACEMENT_3D('',#4576,#4577,#4578);
#4576 = CARTESIAN_POINT('',(-40.16655048653,-4.008885813995E-15,
    -18.05441665807));
#4577 = DIRECTION('',(0.,-1.,2.22044604925E-16));
#4578 = DIRECTION('',(0.173648177667,2.186712484447E-16,0.984807753012)
  );
#4579 = FACE_BOUND('',#4580,.T.);
#4580 = EDGE_LOOP('',(#4581,#4592,#4601));
#4581 = ORIENTED_EDGE('',*,*,#4582,.F.);
#4582 = EDGE_CURVE('',#4583,#4585,#4587,.T.);
#4583 = VERTEX_POINT('',#4584);
#4584 = CARTESIAN_POINT('',(26.837239975907,-1.495468774052E-14,
    -67.34992613563));
#4585 = VERTEX_POINT('',#4586);
#4586 = CARTESIAN_POINT('',(34.150591778824,-9.03701345792E-15,
    -40.69909044163));
#4587 = CIRCLE('',#4588,45.);
#4588 = AXIS2_PLACEMENT_3D('',#4589,#4590,#4591);
#4589 = CARTESIAN_POINT('',(-10.80528120583,-9.479405456682E-15,
    -42.6914468824));
#4590 = DIRECTION('',(0.,-1.,2.22044604925E-16));
#4591 = DIRECTION('',(-0.5,-1.922962686384E-16,-0.866025403784));
#4592 = ORIENTED_EDGE('',*,*,#4593,.T.);
#4593 = EDGE_CURVE('',#4583,#4594,#4596,.T.);
#4594 = VERTEX_POINT('',#4595);
#4595 = CARTESIAN_POINT('',(61.666491607747,-8.465387044061E-15,
    -38.12471393717));
#4596 = CIRCLE('',#4597,72.5);
#4597 = AXIS2_PLACEMENT_3D('',#4598,#4599,#4600);
#4598 = CARTESIAN_POINT('',(0.,0.,0.));
#4599 = DIRECTION('',(0.,-1.,2.22044604925E-16));
#4600 = DIRECTION('',(-0.5,-1.922962686384E-16,-0.866025403784));
#4601 = ORIENTED_EDGE('',*,*,#4602,.F.);
#4602 = EDGE_CURVE('',#4585,#4594,#4603,.T.);
#4603 = CIRCLE('',#4604,45.);
#4604 = AXIS2_PLACEMENT_3D('',#4605,#4606,#4607);
#4605 = CARTESIAN_POINT('',(43.919185267674,7.167228481577E-16,
    3.227832751891));
#4606 = DIRECTION('',(0.,-1.,2.22044604925E-16));
#4607 = DIRECTION('',(-0.5,-1.922962686384E-16,-0.866025403784));
#4608 = FACE_BOUND('',#4609,.T.);
#4609 = EDGE_LOOP('',(#4610,#4621,#4630));
#4610 = ORIENTED_EDGE('',*,*,#4611,.F.);
#4611 = EDGE_CURVE('',#4612,#4614,#4616,.T.);
#4612 = VERTEX_POINT('',#4613);
#4613 = CARTESIAN_POINT('',(-61.66649160774,-8.465387044061E-15,
    -38.12471393717));
#4614 = VERTEX_POINT('',#4615);
#4615 = CARTESIAN_POINT('',(-34.15059177882,-9.03701345792E-15,
    -40.69909044163));
#4616 = CIRCLE('',#4617,45.);
#4617 = AXIS2_PLACEMENT_3D('',#4618,#4619,#4620);
#4618 = CARTESIAN_POINT('',(-43.91918526767,7.167228481577E-16,
    3.227832751891));
#4619 = DIRECTION('',(0.,-1.,2.22044604925E-16));
#4620 = DIRECTION('',(-0.939692620786,7.594372760115E-17,0.342020143326)
  );
#4621 = ORIENTED_EDGE('',*,*,#4622,.T.);
#4622 = EDGE_CURVE('',#4612,#4623,#4625,.T.);
#4623 = VERTEX_POINT('',#4624);
#4624 = CARTESIAN_POINT('',(-26.8372399759,-1.495468774052E-14,
    -67.34992613563));
#4625 = CIRCLE('',#4626,72.5);
#4626 = AXIS2_PLACEMENT_3D('',#4627,#4628,#4629);
#4627 = CARTESIAN_POINT('',(0.,0.,0.));
#4628 = DIRECTION('',(0.,-1.,2.22044604925E-16));
#4629 = DIRECTION('',(-0.939692620786,7.594372760115E-17,0.342020143326)
  );
#4630 = ORIENTED_EDGE('',*,*,#4631,.F.);
#4631 = EDGE_CURVE('',#4614,#4623,#4632,.T.);
#4632 = CIRCLE('',#4633,45.);
#4633 = AXIS2_PLACEMENT_3D('',#4634,#4635,#4636);
#4634 = CARTESIAN_POINT('',(10.805281205837,-9.479405456682E-15,
    -42.6914468824));
#4635 = DIRECTION('',(0.,-1.,2.22044604925E-16));
#4636 = DIRECTION('',(-0.939692620786,7.594372760115E-17,0.342020143326)
  );
#4637 = FACE_BOUND('',#4638,.T.);
#4638 = EDGE_LOOP('',(#4639,#4650,#4659,#4668));
#4639 = ORIENTED_EDGE('',*,*,#4640,.F.);
#4640 = EDGE_CURVE('',#4641,#4643,#4645,.T.);
#4641 = VERTEX_POINT('',#4642);
#4642 = CARTESIAN_POINT('',(17.441424086127,4.615392471452E-15,
    20.785879814601));
#4643 = VERTEX_POINT('',#4644);
#4644 = CARTESIAN_POINT('',(18.913102722537,1.050016482042E-14,
    47.288538372584));
#4645 = CIRCLE('',#4646,45.);
#4646 = AXIS2_PLACEMENT_3D('',#4647,#4648,#4649);
#4647 = CARTESIAN_POINT('',(-24.75497779614,8.087134024532E-15,
    36.421213779376));
#4648 = DIRECTION('',(0.,-1.,2.22044604925E-16));
#4649 = DIRECTION('',(1.,0.,0.));
#4650 = ORIENTED_EDGE('',*,*,#4651,.F.);
#4651 = EDGE_CURVE('',#4652,#4641,#4654,.T.);
#4652 = VERTEX_POINT('',#4653);
#4653 = CARTESIAN_POINT('',(43.28589339614,5.959086270569E-15,
    26.837338707603));
#4654 = CIRCLE('',#4655,45.);
#4655 = AXIS2_PLACEMENT_3D('',#4656,#4657,#4658);
#4656 = CARTESIAN_POINT('',(40.16655048653,-4.008885813995E-15,
    -18.05441665807));
#4657 = DIRECTION('',(0.,-1.,2.22044604925E-16));
#4658 = DIRECTION('',(0.766044443119,-1.427275208436E-16,-0.642787609687
    ));
#4659 = ORIENTED_EDGE('',*,*,#4660,.T.);
#4660 = EDGE_CURVE('',#4652,#4661,#4663,.T.);
#4661 = VERTEX_POINT('',#4662);
#4662 = CARTESIAN_POINT('',(45.798617190166,1.211934254558E-14,
    54.580666572227));
#4663 = CIRCLE('',#4664,45.);
#4664 = AXIS2_PLACEMENT_3D('',#4665,#4666,#4667);
#4665 = CARTESIAN_POINT('',(1.926518427294,9.896245199719E-15,
    44.56872619382));
#4666 = DIRECTION('',(0.,-1.,2.22044604925E-16));
#4667 = DIRECTION('',(0.766044443119,-1.427275208436E-16,-0.642787609687
    ));
#4668 = ORIENTED_EDGE('',*,*,#4669,.T.);
#4669 = EDGE_CURVE('',#4661,#4643,#4670,.T.);
#4670 = CIRCLE('',#4671,45.);
#4671 = AXIS2_PLACEMENT_3D('',#4672,#4673,#4674);
#4672 = CARTESIAN_POINT('',(43.557090683411,2.139739134324E-15,
    9.636528368013));
#4673 = DIRECTION('',(0.,-1.,2.22044604925E-16));
#4674 = DIRECTION('',(1.,0.,0.));
#4675 = FACE_BOUND('',#4676,.T.);
#4676 = EDGE_LOOP('',(#4677,#4688,#4697,#4706));
#4677 = ORIENTED_EDGE('',*,*,#4678,.F.);
#4678 = EDGE_CURVE('',#4679,#4681,#4683,.T.);
#4679 = VERTEX_POINT('',#4680);
#4680 = CARTESIAN_POINT('',(-17.44142408612,4.615392471452E-15,
    20.785879814601));
#4681 = VERTEX_POINT('',#4682);
#4682 = CARTESIAN_POINT('',(-43.28589339614,5.959086270569E-15,
    26.837338707603));
#4683 = CIRCLE('',#4684,45.);
#4684 = AXIS2_PLACEMENT_3D('',#4685,#4686,#4687);
#4685 = CARTESIAN_POINT('',(-40.16655048653,-4.008885813995E-15,
    -18.05441665807));
#4686 = DIRECTION('',(0.,-1.,2.22044604925E-16));
#4687 = DIRECTION('',(0.173648177667,2.186712484447E-16,0.984807753012)
  );
#4688 = ORIENTED_EDGE('',*,*,#4689,.F.);
#4689 = EDGE_CURVE('',#4690,#4679,#4692,.T.);
#4690 = VERTEX_POINT('',#4691);
#4691 = CARTESIAN_POINT('',(-18.91310272253,1.050016482042E-14,
    47.288538372584));
#4692 = CIRCLE('',#4693,45.);
#4693 = AXIS2_PLACEMENT_3D('',#4694,#4695,#4696);
#4694 = CARTESIAN_POINT('',(24.754977796142,8.087134024532E-15,
    36.421213779376));
#4695 = DIRECTION('',(0.,-1.,2.22044604925E-16));
#4696 = DIRECTION('',(0.766044443119,1.427275208436E-16,0.642787609687)
  );
#4697 = ORIENTED_EDGE('',*,*,#4698,.T.);
#4698 = EDGE_CURVE('',#4690,#4699,#4701,.T.);
#4699 = VERTEX_POINT('',#4700);
#4700 = CARTESIAN_POINT('',(-45.79861719016,1.211934254558E-14,
    54.580666572227));
#4701 = CIRCLE('',#4702,45.);
#4702 = AXIS2_PLACEMENT_3D('',#4703,#4704,#4705);
#4703 = CARTESIAN_POINT('',(-43.55709068341,2.139739134324E-15,
    9.636528368013));
#4704 = DIRECTION('',(0.,-1.,2.22044604925E-16));
#4705 = DIRECTION('',(0.766044443119,1.427275208436E-16,0.642787609687)
  );
#4706 = ORIENTED_EDGE('',*,*,#4707,.T.);
#4707 = EDGE_CURVE('',#4699,#4681,#4708,.T.);
#4708 = CIRCLE('',#4709,45.);
#4709 = AXIS2_PLACEMENT_3D('',#4710,#4711,#4712);
#4710 = CARTESIAN_POINT('',(-1.926518427294,9.896245199719E-15,
    44.56872619382));
#4711 = DIRECTION('',(0.,-1.,2.22044604925E-16));
#4712 = DIRECTION('',(0.173648177667,2.186712484447E-16,0.984807753012)
  );
#4713 = FACE_BOUND('',#4714,.T.);
#4714 = EDGE_LOOP('',(#4715,#4726,#4735));
#4715 = ORIENTED_EDGE('',*,*,#4716,.T.);
#4716 = EDGE_CURVE('',#4717,#4719,#4721,.T.);
#4717 = VERTEX_POINT('',#4718);
#4718 = CARTESIAN_POINT('',(-20.99876714377,-3.012383322938E-15,
    -13.56656841068));
#4719 = VERTEX_POINT('',#4720);
#4720 = CARTESIAN_POINT('',(-31.25468917945,-8.270692600793E-15,
    -37.24788811502));
#4721 = CIRCLE('',#4722,45.);
#4722 = AXIS2_PLACEMENT_3D('',#4723,#4724,#4725);
#4723 = CARTESIAN_POINT('',(13.433066970717,-9.445735578325E-15,
    -42.53981123078));
#4724 = DIRECTION('',(0.,-1.,2.22044604925E-16));
#4725 = DIRECTION('',(-0.939692620786,7.594372760115E-17,0.342020143326)
  );
#4726 = ORIENTED_EDGE('',*,*,#4727,.T.);
#4727 = EDGE_CURVE('',#4719,#4728,#4730,.T.);
#4728 = VERTEX_POINT('',#4729);
#4729 = CARTESIAN_POINT('',(-9.714064104843,-5.11492150159E-15,
    -23.03555856859));
#4730 = CIRCLE('',#4731,45.);
#4731 = AXIS2_PLACEMENT_3D('',#4732,#4733,#4734);
#4732 = CARTESIAN_POINT('',(-44.22616351169,1.297190755028E-15,
    5.842027800973));
#4733 = DIRECTION('',(0.,-1.,2.22044604925E-16));
#4734 = DIRECTION('',(-0.939692620786,7.594372760115E-17,0.342020143326)
  );
#4735 = ORIENTED_EDGE('',*,*,#4736,.F.);
#4736 = EDGE_CURVE('',#4717,#4728,#4737,.T.);
#4737 = CIRCLE('',#4738,25.);
#4738 = AXIS2_PLACEMENT_3D('',#4739,#4740,#4741);
#4739 = CARTESIAN_POINT('',(0.,0.,0.));
#4740 = DIRECTION('',(0.,-1.,2.22044604925E-16));
#4741 = DIRECTION('',(-0.939692620786,7.594372760115E-17,0.342020143326)
  );
#4742 = FACE_BOUND('',#4743,.T.);
#4743 = EDGE_LOOP('',(#4744,#4755,#4764));
#4744 = ORIENTED_EDGE('',*,*,#4745,.T.);
#4745 = EDGE_CURVE('',#4746,#4748,#4750,.T.);
#4746 = VERTEX_POINT('',#4747);
#4747 = CARTESIAN_POINT('',(9.714064104843,-5.11492150159E-15,
    -23.03555856859));
#4748 = VERTEX_POINT('',#4749);
#4749 = CARTESIAN_POINT('',(31.254689179452,-8.270692600793E-15,
    -37.24788811502));
#4750 = CIRCLE('',#4751,45.);
#4751 = AXIS2_PLACEMENT_3D('',#4752,#4753,#4754);
#4752 = CARTESIAN_POINT('',(44.226163511693,1.297190755028E-15,
    5.842027800973));
#4753 = DIRECTION('',(0.,-1.,2.22044604925E-16));
#4754 = DIRECTION('',(-0.5,-1.922962686384E-16,-0.866025403784));
#4755 = ORIENTED_EDGE('',*,*,#4756,.T.);
#4756 = EDGE_CURVE('',#4748,#4757,#4759,.T.);
#4757 = VERTEX_POINT('',#4758);
#4758 = CARTESIAN_POINT('',(20.99876714377,-3.012383322938E-15,
    -13.56656841068));
#4759 = CIRCLE('',#4760,45.);
#4760 = AXIS2_PLACEMENT_3D('',#4761,#4762,#4763);
#4761 = CARTESIAN_POINT('',(-13.43306697071,-9.445735578325E-15,
    -42.53981123078));
#4762 = DIRECTION('',(0.,-1.,2.22044604925E-16));
#4763 = DIRECTION('',(-0.5,-1.922962686384E-16,-0.866025403784));
#4764 = ORIENTED_EDGE('',*,*,#4765,.F.);
#4765 = EDGE_CURVE('',#4746,#4757,#4766,.T.);
#4766 = CIRCLE('',#4767,25.);
#4767 = AXIS2_PLACEMENT_3D('',#4768,#4769,#4770);
#4768 = CARTESIAN_POINT('',(0.,0.,0.));
#4769 = DIRECTION('',(0.,-1.,2.22044604925E-16));
#4770 = DIRECTION('',(-0.5,-1.922962686384E-16,-0.866025403784));
#4771 = FACE_BOUND('',#4772,.T.);
#4772 = EDGE_LOOP('',(#4773,#4784,#4793));
#4773 = ORIENTED_EDGE('',*,*,#4774,.T.);
#4774 = EDGE_CURVE('',#4775,#4777,#4779,.T.);
#4775 = VERTEX_POINT('',#4776);
#4776 = CARTESIAN_POINT('',(-17.00685940037,4.068731752665E-15,
    18.323938805174));
#4777 = VERTEX_POINT('',#4778);
#4778 = CARTESIAN_POINT('',(-42.10932881856,5.398311204451E-15,
    24.311832328795));
#4779 = CIRCLE('',#4780,45.);
#4780 = AXIS2_PLACEMENT_3D('',#4781,#4782,#4783);
#4781 = CARTESIAN_POINT('',(-39.5609083118,-4.577660294828E-15,
    -20.61594919801));
#4782 = DIRECTION('',(0.,-1.,2.22044604925E-16));
#4783 = DIRECTION('',(0.173648177667,2.186712484447E-16,0.984807753012)
  );
#4784 = ORIENTED_EDGE('',*,*,#4785,.T.);
#4785 = EDGE_CURVE('',#4777,#4786,#4788,.T.);
#4786 = VERTEX_POINT('',#4787);
#4787 = CARTESIAN_POINT('',(-24.37242620286,1.235989727617E-15,
    5.566402876731));
#4788 = CIRCLE('',#4789,45.);
#4789 = AXIS2_PLACEMENT_3D('',#4790,#4791,#4792);
#4790 = CARTESIAN_POINT('',(-1.926518427294,9.896245199719E-15,
    44.56872619382));
#4791 = DIRECTION('',(0.,-1.,2.22044604925E-16));
#4792 = DIRECTION('',(0.173648177667,2.186712484447E-16,0.984807753012)
  );
#4793 = ORIENTED_EDGE('',*,*,#4794,.F.);
#4794 = EDGE_CURVE('',#4775,#4786,#4795,.T.);
#4795 = CIRCLE('',#4796,25.);
#4796 = AXIS2_PLACEMENT_3D('',#4797,#4798,#4799);
#4797 = CARTESIAN_POINT('',(0.,0.,0.));
#4798 = DIRECTION('',(0.,-1.,2.22044604925E-16));
#4799 = DIRECTION('',(0.173648177667,2.186712484447E-16,0.984807753012)
  );
#4800 = FACE_BOUND('',#4801,.T.);
#4801 = EDGE_LOOP('',(#4802,#4813,#4822));
#4802 = ORIENTED_EDGE('',*,*,#4803,.T.);
#4803 = EDGE_CURVE('',#4804,#4806,#4808,.T.);
#4804 = VERTEX_POINT('',#4805);
#4805 = CARTESIAN_POINT('',(24.372426202861,1.235989727617E-15,
    5.566402876731));
#4806 = VERTEX_POINT('',#4807);
#4807 = CARTESIAN_POINT('',(42.109328818568,5.398311204451E-15,
    24.311832328795));
#4808 = CIRCLE('',#4809,45.);
#4809 = AXIS2_PLACEMENT_3D('',#4810,#4811,#4812);
#4810 = CARTESIAN_POINT('',(1.926518427294,9.896245199719E-15,
    44.56872619382));
#4811 = DIRECTION('',(0.,-1.,2.22044604925E-16));
#4812 = DIRECTION('',(0.766044443119,-1.427275208436E-16,-0.642787609687
    ));
#4813 = ORIENTED_EDGE('',*,*,#4814,.T.);
#4814 = EDGE_CURVE('',#4806,#4815,#4817,.T.);
#4815 = VERTEX_POINT('',#4816);
#4816 = CARTESIAN_POINT('',(17.006859400379,4.068731752665E-15,
    18.323938805174));
#4817 = CIRCLE('',#4818,45.);
#4818 = AXIS2_PLACEMENT_3D('',#4819,#4820,#4821);
#4819 = CARTESIAN_POINT('',(39.560908311808,-4.577660294828E-15,
    -20.61594919801));
#4820 = DIRECTION('',(0.,-1.,2.22044604925E-16));
#4821 = DIRECTION('',(0.766044443119,-1.427275208436E-16,-0.642787609687
    ));
#4822 = ORIENTED_EDGE('',*,*,#4823,.F.);
#4823 = EDGE_CURVE('',#4804,#4815,#4824,.T.);
#4824 = CIRCLE('',#4825,25.);
#4825 = AXIS2_PLACEMENT_3D('',#4826,#4827,#4828);
#4826 = CARTESIAN_POINT('',(0.,0.,0.));
#4827 = DIRECTION('',(0.,-1.,2.22044604925E-16));
#4828 = DIRECTION('',(0.766044443119,-1.427275208436E-16,-0.642787609687
    ));
#4829 = FACE_BOUND('',#4830,.T.);
#4830 = EDGE_LOOP('',(#4831,#4842,#4851));
#4831 = ORIENTED_EDGE('',*,*,#4832,.T.);
#4832 = EDGE_CURVE('',#4833,#4835,#4837,.T.);
#4833 = VERTEX_POINT('',#4834);
#4834 = CARTESIAN_POINT('',(-1.249609313946,5.544176229222E-15,24.96875)
  );
#4835 = VERTEX_POINT('',#4836);
#4836 = CARTESIAN_POINT('',(-16.6302727552,1.014550640706E-14,
    45.691298874305));
#4837 = CIRCLE('',#4838,45.);
#4838 = AXIS2_PLACEMENT_3D('',#4839,#4840,#4841);
#4839 = CARTESIAN_POINT('',(-43.55709068341,2.139739134324E-15,
    9.636528368013));
#4840 = DIRECTION('',(0.,-1.,2.22044604925E-16));
#4841 = DIRECTION('',(0.766044443119,1.427275208436E-16,0.642787609687)
  );
#4842 = ORIENTED_EDGE('',*,*,#4843,.T.);
#4843 = EDGE_CURVE('',#4835,#4844,#4846,.T.);
#4844 = VERTEX_POINT('',#4845);
#4845 = CARTESIAN_POINT('',(-15.09234685834,4.42543903147E-15,
    19.93040557308));
#4846 = CIRCLE('',#4847,45.);
#4847 = AXIS2_PLACEMENT_3D('',#4848,#4849,#4850);
#4848 = CARTESIAN_POINT('',(27.172426241105,7.855930841974E-15,
    35.379967212564));
#4849 = DIRECTION('',(0.,-1.,2.22044604925E-16));
#4850 = DIRECTION('',(0.766044443119,1.427275208436E-16,0.642787609687)
  );
#4851 = ORIENTED_EDGE('',*,*,#4852,.F.);
#4852 = EDGE_CURVE('',#4833,#4844,#4853,.T.);
#4853 = CIRCLE('',#4854,25.);
#4854 = AXIS2_PLACEMENT_3D('',#4855,#4856,#4857);
#4855 = CARTESIAN_POINT('',(0.,0.,0.));
#4856 = DIRECTION('',(0.,-1.,2.22044604925E-16));
#4857 = DIRECTION('',(0.766044443119,1.427275208436E-16,0.642787609687)
  );
#4858 = FACE_BOUND('',#4859,.T.);
#4859 = EDGE_LOOP('',(#4860,#4871,#4880));
#4860 = ORIENTED_EDGE('',*,*,#4861,.T.);
#4861 = EDGE_CURVE('',#4862,#4864,#4866,.T.);
#4862 = VERTEX_POINT('',#4863);
#4863 = CARTESIAN_POINT('',(15.092346858343,4.42543903147E-15,
    19.93040557308));
#4864 = VERTEX_POINT('',#4865);
#4865 = CARTESIAN_POINT('',(16.630272755208,1.014550640706E-14,
    45.691298874305));
#4866 = CIRCLE('',#4867,45.);
#4867 = AXIS2_PLACEMENT_3D('',#4868,#4869,#4870);
#4868 = CARTESIAN_POINT('',(-27.1724262411,7.855930841974E-15,
    35.379967212564));
#4869 = DIRECTION('',(0.,-1.,2.22044604925E-16));
#4870 = DIRECTION('',(1.,0.,0.));
#4871 = ORIENTED_EDGE('',*,*,#4872,.T.);
#4872 = EDGE_CURVE('',#4864,#4873,#4875,.T.);
#4873 = VERTEX_POINT('',#4874);
#4874 = CARTESIAN_POINT('',(1.249609313946,5.544176229222E-15,24.96875)
  );
#4875 = CIRCLE('',#4876,45.);
#4876 = AXIS2_PLACEMENT_3D('',#4877,#4878,#4879);
#4877 = CARTESIAN_POINT('',(43.557090683411,2.139739134324E-15,
    9.636528368013));
#4878 = DIRECTION('',(0.,-1.,2.22044604925E-16));
#4879 = DIRECTION('',(1.,0.,0.));
#4880 = ORIENTED_EDGE('',*,*,#4881,.F.);
#4881 = EDGE_CURVE('',#4862,#4873,#4882,.T.);
#4882 = CIRCLE('',#4883,25.);
#4883 = AXIS2_PLACEMENT_3D('',#4884,#4885,#4886);
#4884 = CARTESIAN_POINT('',(0.,0.,0.));
#4885 = DIRECTION('',(0.,-1.,2.22044604925E-16));
#4886 = DIRECTION('',(1.,0.,0.));
#4887 = FACE_BOUND('',#4888,.T.);
#4888 = EDGE_LOOP('',(#4889,#4900,#4909));
#4889 = ORIENTED_EDGE('',*,*,#4890,.T.);
#4890 = EDGE_CURVE('',#4891,#4893,#4895,.T.);
#4891 = VERTEX_POINT('',#4892);
#4892 = CARTESIAN_POINT('',(22.248376457716,-2.531792906283E-15,
    -11.40218158931));
#4893 = VERTEX_POINT('',#4894);
#4894 = CARTESIAN_POINT('',(47.88496193466,-1.874813806264E-15,
    -8.443410759278));
#4895 = CIRCLE('',#4896,45.);
#4896 = AXIS2_PLACEMENT_3D('',#4897,#4898,#4899);
#4897 = CARTESIAN_POINT('',(30.124023712694,7.305996444E-15,
    32.90328286277));
#4898 = DIRECTION('',(0.,-1.,2.22044604925E-16));
#4899 = DIRECTION('',(0.173648177667,-2.186712484447E-16,-0.984807753012
    ));
#4900 = ORIENTED_EDGE('',*,*,#4901,.T.);
#4901 = EDGE_CURVE('',#4893,#4902,#4904,.T.);
#4902 = VERTEX_POINT('',#4903);
#4903 = CARTESIAN_POINT('',(24.806410963186,6.8948247012E-16,
    3.105152995511));
#4904 = CIRCLE('',#4905,45.);
#4905 = AXIS2_PLACEMENT_3D('',#4906,#4907,#4908);
#4906 = CARTESIAN_POINT('',(17.053737270589,-9.153121597003E-15,
    -41.22199501353));
#4907 = DIRECTION('',(0.,-1.,2.22044604925E-16));
#4908 = DIRECTION('',(0.173648177667,-2.186712484447E-16,-0.984807753012
    ));
#4909 = ORIENTED_EDGE('',*,*,#4910,.F.);
#4910 = EDGE_CURVE('',#4891,#4902,#4911,.T.);
#4911 = CIRCLE('',#4912,25.);
#4912 = AXIS2_PLACEMENT_3D('',#4913,#4914,#4915);
#4913 = CARTESIAN_POINT('',(0.,0.,0.));
#4914 = DIRECTION('',(0.,-1.,2.22044604925E-16));
#4915 = DIRECTION('',(0.173648177667,-2.186712484447E-16,-0.984807753012
    ));
#4916 = FACE_BOUND('',#4917,.T.);
#4917 = EDGE_LOOP('',(#4918,#4929,#4938));
#4918 = ORIENTED_EDGE('',*,*,#4919,.T.);
#4919 = EDGE_CURVE('',#4920,#4922,#4924,.T.);
#4920 = VERTEX_POINT('',#4921);
#4921 = CARTESIAN_POINT('',(-24.80641096318,6.8948247012E-16,
    3.105152995511));
#4922 = VERTEX_POINT('',#4923);
#4923 = CARTESIAN_POINT('',(-47.88496193466,-1.874813806264E-15,
    -8.443410759278));
#4924 = CIRCLE('',#4925,45.);
#4925 = AXIS2_PLACEMENT_3D('',#4926,#4927,#4928);
#4926 = CARTESIAN_POINT('',(-17.05373727058,-9.153121597003E-15,
    -41.22199501353));
#4927 = DIRECTION('',(0.,-1.,2.22044604925E-16));
#4928 = DIRECTION('',(-0.5,1.922962686384E-16,0.866025403784));
#4929 = ORIENTED_EDGE('',*,*,#4930,.T.);
#4930 = EDGE_CURVE('',#4922,#4931,#4933,.T.);
#4931 = VERTEX_POINT('',#4932);
#4932 = CARTESIAN_POINT('',(-22.24837645771,-2.531792906283E-15,
    -11.40218158931));
#4933 = CIRCLE('',#4934,45.);
#4934 = AXIS2_PLACEMENT_3D('',#4935,#4936,#4937);
#4935 = CARTESIAN_POINT('',(-30.12402371269,7.305996444E-15,
    32.90328286277));
#4936 = DIRECTION('',(0.,-1.,2.22044604925E-16));
#4937 = DIRECTION('',(-0.5,1.922962686384E-16,0.866025403784));
#4938 = ORIENTED_EDGE('',*,*,#4939,.F.);
#4939 = EDGE_CURVE('',#4920,#4931,#4940,.T.);
#4940 = CIRCLE('',#4941,25.);
#4941 = AXIS2_PLACEMENT_3D('',#4942,#4943,#4944);
#4942 = CARTESIAN_POINT('',(0.,0.,0.));
#4943 = DIRECTION('',(0.,-1.,2.22044604925E-16));
#4944 = DIRECTION('',(-0.5,1.922962686384E-16,0.866025403784));
#4945 = FACE_BOUND('',#4946,.T.);
#4946 = EDGE_LOOP('',(#4947,#4958,#4967));
#4947 = ORIENTED_EDGE('',*,*,#4948,.T.);
#4948 = EDGE_CURVE('',#4949,#4951,#4953,.T.);
#4949 = VERTEX_POINT('',#4950);
#4950 = CARTESIAN_POINT('',(-7.365566802483,-5.304721480283E-15,
    -23.8903416819));
#4951 = VERTEX_POINT('',#4952);
#4952 = CARTESIAN_POINT('',(3.552713678801E-15,-1.07966224089E-14,
    -48.62366465758));
#4953 = CIRCLE('',#4954,45.);
#4954 = AXIS2_PLACEMENT_3D('',#4955,#4956,#4957);
#4955 = CARTESIAN_POINT('',(37.634389884514,-5.318584904891E-15,
    -23.9527769958));
#4956 = DIRECTION('',(0.,-1.,2.22044604925E-16));
#4957 = DIRECTION('',(-0.939692620786,-7.594372760115E-17,
    -0.342020143326));
#4958 = ORIENTED_EDGE('',*,*,#4959,.T.);
#4959 = EDGE_CURVE('',#4951,#4960,#4962,.T.);
#4960 = VERTEX_POINT('',#4961);
#4961 = CARTESIAN_POINT('',(7.365566802483,-5.304721480283E-15,
    -23.8903416819));
#4962 = CIRCLE('',#4963,45.);
#4963 = AXIS2_PLACEMENT_3D('',#4964,#4965,#4966);
#4964 = CARTESIAN_POINT('',(-37.63438988451,-5.318584904891E-15,
    -23.9527769958));
#4965 = DIRECTION('',(0.,-1.,2.22044604925E-16));
#4966 = DIRECTION('',(-0.939692620786,-7.594372760115E-17,
    -0.342020143326));
#4967 = ORIENTED_EDGE('',*,*,#4968,.F.);
#4968 = EDGE_CURVE('',#4949,#4960,#4969,.T.);
#4969 = CIRCLE('',#4970,25.);
#4970 = AXIS2_PLACEMENT_3D('',#4971,#4972,#4973);
#4971 = CARTESIAN_POINT('',(0.,0.,0.));
#4972 = DIRECTION('',(0.,-1.,2.22044604925E-16));
#4973 = DIRECTION('',(-0.939692620786,-7.594372760115E-17,
    -0.342020143326));
#4974 = PLANE('',#4975);
#4975 = AXIS2_PLACEMENT_3D('',#4976,#4977,#4978);
#4976 = CARTESIAN_POINT('',(-9.18825515693E-15,-2.281805412277E-30,
    -1.027633800446E-14));
#4977 = DIRECTION('',(0.,1.,0.));
#4978 = DIRECTION('',(0.,0.,1.));
#4979 = ADVANCED_FACE('',(#4980,#5072,#5155,#5167,#5205,#5243,#5281,
    #5319,#5348,#5377,#5406,#5435,#5464,#5502,#5540,#5569,#5598,#5627,
    #5656,#5694,#5732,#5761,#5790,#5819,#5848,#5877,#5906,#5935,#5964),
  #5993,.T.);
#4980 = FACE_BOUND('',#4981,.T.);
#4981 = EDGE_LOOP('',(#4982,#4993,#5002,#5011,#5020,#5029,#5038,#5047,
    #5056,#5065));
#4982 = ORIENTED_EDGE('',*,*,#4983,.T.);
#4983 = EDGE_CURVE('',#4984,#4986,#4988,.T.);
#4984 = VERTEX_POINT('',#4985);
#4985 = CARTESIAN_POINT('',(48.20907072649,-100.,57.453333233923));
#4986 = VERTEX_POINT('',#4987);
#4987 = CARTESIAN_POINT('',(-2.614024130122E-15,-100.,75.));
#4988 = CIRCLE('',#4989,75.);
#4989 = AXIS2_PLACEMENT_3D('',#4990,#4991,#4992);
#4990 = CARTESIAN_POINT('',(0.,-100.,2.22044604925E-14));
#4991 = DIRECTION('',(0.,-1.,2.22044604925E-16));
#4992 = DIRECTION('',(1.,0.,0.));
#4993 = ORIENTED_EDGE('',*,*,#4994,.T.);
#4994 = EDGE_CURVE('',#4986,#4995,#4997,.T.);
#4995 = VERTEX_POINT('',#4996);
#4996 = CARTESIAN_POINT('',(-48.20907072649,-100.,57.453333233923));
#4997 = CIRCLE('',#4998,75.);
#4998 = AXIS2_PLACEMENT_3D('',#4999,#5000,#5001);
#4999 = CARTESIAN_POINT('',(0.,-100.,2.22044604925E-14));
#5000 = DIRECTION('',(0.,-1.,2.22044604925E-16));
#5001 = DIRECTION('',(0.766044443119,1.427275208436E-16,0.642787609687)
  );
#5002 = ORIENTED_EDGE('',*,*,#5003,.T.);
#5003 = EDGE_CURVE('',#4995,#5004,#5006,.T.);
#5004 = VERTEX_POINT('',#5005);
#5005 = CARTESIAN_POINT('',(-73.86058147591,-100.,13.02361332502));
#5006 = CIRCLE('',#5007,75.);
#5007 = AXIS2_PLACEMENT_3D('',#5008,#5009,#5010);
#5008 = CARTESIAN_POINT('',(0.,-100.,2.22044604925E-14));
#5009 = DIRECTION('',(0.,-1.,2.22044604925E-16));
#5010 = DIRECTION('',(0.173648177667,2.186712484447E-16,0.984807753012)
  );
#5011 = ORIENTED_EDGE('',*,*,#5012,.T.);
#5012 = EDGE_CURVE('',#5004,#5013,#5015,.T.);
#5013 = VERTEX_POINT('',#5014);
#5014 = CARTESIAN_POINT('',(-75.,-99.99999999999,0.));
#5015 = CIRCLE('',#5016,75.);
#5016 = AXIS2_PLACEMENT_3D('',#5017,#5018,#5019);
#5017 = CARTESIAN_POINT('',(0.,-100.,2.22044604925E-14));
#5018 = DIRECTION('',(0.,-1.,2.22044604925E-16));
#5019 = DIRECTION('',(-0.5,1.922962686384E-16,0.866025403784));
#5020 = ORIENTED_EDGE('',*,*,#5021,.T.);
#5021 = EDGE_CURVE('',#5013,#5022,#5024,.T.);
#5022 = VERTEX_POINT('',#5023);
#5023 = CARTESIAN_POINT('',(-64.95190528383,-100.,-37.5));
#5024 = CIRCLE('',#5025,75.);
#5025 = AXIS2_PLACEMENT_3D('',#5026,#5027,#5028);
#5026 = CARTESIAN_POINT('',(0.,-100.,2.22044604925E-14));
#5027 = DIRECTION('',(0.,-1.,2.22044604925E-16));
#5028 = DIRECTION('',(-0.5,1.922962686384E-16,0.866025403784));
#5029 = ORIENTED_EDGE('',*,*,#5030,.T.);
#5030 = EDGE_CURVE('',#5022,#5031,#5033,.T.);
#5031 = VERTEX_POINT('',#5032);
#5032 = CARTESIAN_POINT('',(-25.65151074942,-100.,-70.47694655894));
#5033 = CIRCLE('',#5034,75.);
#5034 = AXIS2_PLACEMENT_3D('',#5035,#5036,#5037);
#5035 = CARTESIAN_POINT('',(0.,-100.,2.22044604925E-14));
#5036 = DIRECTION('',(0.,-1.,2.22044604925E-16));
#5037 = DIRECTION('',(-0.939692620786,7.594372760115E-17,0.342020143326)
  );
#5038 = ORIENTED_EDGE('',*,*,#5039,.T.);
#5039 = EDGE_CURVE('',#5031,#5040,#5042,.T.);
#5040 = VERTEX_POINT('',#5041);
#5041 = CARTESIAN_POINT('',(25.651510749425,-100.,-70.47694655894));
#5042 = CIRCLE('',#5043,75.);
#5043 = AXIS2_PLACEMENT_3D('',#5044,#5045,#5046);
#5044 = CARTESIAN_POINT('',(0.,-100.,2.22044604925E-14));
#5045 = DIRECTION('',(0.,-1.,2.22044604925E-16));
#5046 = DIRECTION('',(-0.939692620786,-7.594372760115E-17,
    -0.342020143326));
#5047 = ORIENTED_EDGE('',*,*,#5048,.T.);
#5048 = EDGE_CURVE('',#5040,#5049,#5051,.T.);
#5049 = VERTEX_POINT('',#5050);
#5050 = CARTESIAN_POINT('',(64.951905283833,-100.,-37.5));
#5051 = CIRCLE('',#5052,75.);
#5052 = AXIS2_PLACEMENT_3D('',#5053,#5054,#5055);
#5053 = CARTESIAN_POINT('',(0.,-100.,2.22044604925E-14));
#5054 = DIRECTION('',(0.,-1.,2.22044604925E-16));
#5055 = DIRECTION('',(-0.5,-1.922962686384E-16,-0.866025403784));
#5056 = ORIENTED_EDGE('',*,*,#5057,.T.);
#5057 = EDGE_CURVE('',#5049,#5058,#5060,.T.);
#5058 = VERTEX_POINT('',#5059);
#5059 = CARTESIAN_POINT('',(73.860581475916,-100.,13.02361332502));
#5060 = CIRCLE('',#5061,75.);
#5061 = AXIS2_PLACEMENT_3D('',#5062,#5063,#5064);
#5062 = CARTESIAN_POINT('',(0.,-100.,2.22044604925E-14));
#5063 = DIRECTION('',(0.,-1.,2.22044604925E-16));
#5064 = DIRECTION('',(0.173648177667,-2.186712484447E-16,-0.984807753012
    ));
#5065 = ORIENTED_EDGE('',*,*,#5066,.T.);
#5066 = EDGE_CURVE('',#5058,#4984,#5067,.T.);
#5067 = CIRCLE('',#5068,75.);
#5068 = AXIS2_PLACEMENT_3D('',#5069,#5070,#5071);
#5069 = CARTESIAN_POINT('',(0.,-100.,2.22044604925E-14));
#5070 = DIRECTION('',(0.,-1.,2.22044604925E-16));
#5071 = DIRECTION('',(0.766044443119,-1.427275208436E-16,-0.642787609687
    ));
#5072 = FACE_BOUND('',#5073,.T.);
#5073 = EDGE_LOOP('',(#5074,#5085,#5094,#5103,#5112,#5121,#5130,#5139,
    #5148));
#5074 = ORIENTED_EDGE('',*,*,#5075,.F.);
#5075 = EDGE_CURVE('',#5076,#5078,#5080,.T.);
#5076 = VERTEX_POINT('',#5077);
#5077 = CARTESIAN_POINT('',(14.462721217947,-100.,17.235999970177));
#5078 = VERTEX_POINT('',#5079);
#5079 = CARTESIAN_POINT('',(-1.317114294225E-15,-100.,22.5));
#5080 = CIRCLE('',#5081,22.5);
#5081 = AXIS2_PLACEMENT_3D('',#5082,#5083,#5084);
#5082 = CARTESIAN_POINT('',(0.,-100.,2.22044604925E-14));
#5083 = DIRECTION('',(0.,-1.,2.22044604925E-16));
#5084 = DIRECTION('',(1.,0.,0.));
#5085 = ORIENTED_EDGE('',*,*,#5086,.F.);
#5086 = EDGE_CURVE('',#5087,#5076,#5089,.T.);
#5087 = VERTEX_POINT('',#5088);
#5088 = CARTESIAN_POINT('',(22.158174442775,-100.,3.907083997506));
#5089 = CIRCLE('',#5090,22.5);
#5090 = AXIS2_PLACEMENT_3D('',#5091,#5092,#5093);
#5091 = CARTESIAN_POINT('',(0.,-100.,2.22044604925E-14));
#5092 = DIRECTION('',(0.,-1.,2.22044604925E-16));
#5093 = DIRECTION('',(0.766044443119,-1.427275208436E-16,-0.642787609687
    ));
#5094 = ORIENTED_EDGE('',*,*,#5095,.F.);
#5095 = EDGE_CURVE('',#5096,#5087,#5098,.T.);
#5096 = VERTEX_POINT('',#5097);
#5097 = CARTESIAN_POINT('',(19.48557158515,-100.,-11.25));
#5098 = CIRCLE('',#5099,22.5);
#5099 = AXIS2_PLACEMENT_3D('',#5100,#5101,#5102);
#5100 = CARTESIAN_POINT('',(0.,-100.,2.22044604925E-14));
#5101 = DIRECTION('',(0.,-1.,2.22044604925E-16));
#5102 = DIRECTION('',(0.173648177667,-2.186712484447E-16,-0.984807753012
    ));
#5103 = ORIENTED_EDGE('',*,*,#5104,.F.);
#5104 = EDGE_CURVE('',#5105,#5096,#5107,.T.);
#5105 = VERTEX_POINT('',#5106);
#5106 = CARTESIAN_POINT('',(7.695453224828,-100.,-21.14308396768));
#5107 = CIRCLE('',#5108,22.5);
#5108 = AXIS2_PLACEMENT_3D('',#5109,#5110,#5111);
#5109 = CARTESIAN_POINT('',(0.,-100.,2.22044604925E-14));
#5110 = DIRECTION('',(0.,-1.,2.22044604925E-16));
#5111 = DIRECTION('',(-0.5,-1.922962686384E-16,-0.866025403784));
#5112 = ORIENTED_EDGE('',*,*,#5113,.F.);
#5113 = EDGE_CURVE('',#5114,#5105,#5116,.T.);
#5114 = VERTEX_POINT('',#5115);
#5115 = CARTESIAN_POINT('',(-7.695453224828,-100.,-21.14308396768));
#5116 = CIRCLE('',#5117,22.5);
#5117 = AXIS2_PLACEMENT_3D('',#5118,#5119,#5120);
#5118 = CARTESIAN_POINT('',(0.,-100.,2.22044604925E-14));
#5119 = DIRECTION('',(0.,-1.,2.22044604925E-16));
#5120 = DIRECTION('',(-0.939692620786,-7.594372760115E-17,
    -0.342020143326));
#5121 = ORIENTED_EDGE('',*,*,#5122,.F.);
#5122 = EDGE_CURVE('',#5123,#5114,#5125,.T.);
#5123 = VERTEX_POINT('',#5124);
#5124 = CARTESIAN_POINT('',(-19.48557158515,-100.,-11.25));
#5125 = CIRCLE('',#5126,22.5);
#5126 = AXIS2_PLACEMENT_3D('',#5127,#5128,#5129);
#5127 = CARTESIAN_POINT('',(0.,-100.,2.22044604925E-14));
#5128 = DIRECTION('',(0.,-1.,2.22044604925E-16));
#5129 = DIRECTION('',(-0.939692620786,7.594372760115E-17,0.342020143326)
  );
#5130 = ORIENTED_EDGE('',*,*,#5131,.F.);
#5131 = EDGE_CURVE('',#5132,#5123,#5134,.T.);
#5132 = VERTEX_POINT('',#5133);
#5133 = CARTESIAN_POINT('',(-22.15817444277,-100.,3.907083997506));
#5134 = CIRCLE('',#5135,22.5);
#5135 = AXIS2_PLACEMENT_3D('',#5136,#5137,#5138);
#5136 = CARTESIAN_POINT('',(0.,-100.,2.22044604925E-14));
#5137 = DIRECTION('',(0.,-1.,2.22044604925E-16));
#5138 = DIRECTION('',(-0.5,1.922962686384E-16,0.866025403784));
#5139 = ORIENTED_EDGE('',*,*,#5140,.F.);
#5140 = EDGE_CURVE('',#5141,#5132,#5143,.T.);
#5141 = VERTEX_POINT('',#5142);
#5142 = CARTESIAN_POINT('',(-14.46272121794,-100.,17.235999970177));
#5143 = CIRCLE('',#5144,22.5);
#5144 = AXIS2_PLACEMENT_3D('',#5145,#5146,#5147);
#5145 = CARTESIAN_POINT('',(0.,-100.,2.22044604925E-14));
#5146 = DIRECTION('',(0.,-1.,2.22044604925E-16));
#5147 = DIRECTION('',(0.173648177667,2.186712484447E-16,0.984807753012)
  );
#5148 = ORIENTED_EDGE('',*,*,#5149,.F.);
#5149 = EDGE_CURVE('',#5078,#5141,#5150,.T.);
#5150 = CIRCLE('',#5151,22.5);
#5151 = AXIS2_PLACEMENT_3D('',#5152,#5153,#5154);
#5152 = CARTESIAN_POINT('',(0.,-100.,2.22044604925E-14));
#5153 = DIRECTION('',(0.,-1.,2.22044604925E-16));
#5154 = DIRECTION('',(0.766044443119,1.427275208436E-16,0.642787609687)
  );
#5155 = FACE_BOUND('',#5156,.T.);
#5156 = EDGE_LOOP('',(#5157,#5158,#5159,#5166));
#5157 = ORIENTED_EDGE('',*,*,#3866,.F.);
#5158 = ORIENTED_EDGE('',*,*,#3899,.T.);
#5159 = ORIENTED_EDGE('',*,*,#5160,.T.);
#5160 = EDGE_CURVE('',#3900,#3933,#5161,.T.);
#5161 = CIRCLE('',#5162,45.);
#5162 = AXIS2_PLACEMENT_3D('',#5163,#5164,#5165);
#5163 = CARTESIAN_POINT('',(-42.37451812739,-100.,11.988075421914));
#5164 = DIRECTION('',(0.,-1.,2.22044604925E-16));
#5165 = DIRECTION('',(0.766044443119,1.427275208436E-16,0.642787609687)
  );
#5166 = ORIENTED_EDGE('',*,*,#3932,.F.);
#5167 = FACE_BOUND('',#5168,.T.);
#5168 = EDGE_LOOP('',(#5169,#5180,#5189,#5198));
#5169 = ORIENTED_EDGE('',*,*,#5170,.T.);
#5170 = EDGE_CURVE('',#5171,#5173,#5175,.T.);
#5171 = VERTEX_POINT('',#5172);
#5172 = CARTESIAN_POINT('',(-26.72181200251,-100.,4.711776429463));
#5173 = VERTEX_POINT('',#5174);
#5174 = CARTESIAN_POINT('',(-50.40962689976,-100.,-7.26504176419));
#5175 = CIRCLE('',#5176,45.);
#5176 = AXIS2_PLACEMENT_3D('',#5177,#5178,#5179);
#5177 = CARTESIAN_POINT('',(-19.16420747153,-100.,-39.64904653126));
#5178 = DIRECTION('',(0.,-1.,2.22044604925E-16));
#5179 = DIRECTION('',(-0.5,1.922962686384E-16,0.866025403784));
#5180 = ORIENTED_EDGE('',*,*,#5181,.F.);
#5181 = EDGE_CURVE('',#5182,#5173,#5184,.T.);
#5182 = VERTEX_POINT('',#5183);
#5183 = CARTESIAN_POINT('',(-70.16755240212,-100.,12.372432658769));
#5184 = CIRCLE('',#5185,45.);
#5185 = AXIS2_PLACEMENT_3D('',#5186,#5187,#5188);
#5186 = CARTESIAN_POINT('',(-30.12402371269,-100.,32.90328286277));
#5187 = DIRECTION('',(0.,-1.,2.22044604925E-16));
#5188 = DIRECTION('',(-0.5,1.922962686384E-16,0.866025403784));
#5189 = ORIENTED_EDGE('',*,*,#5190,.F.);
#5190 = EDGE_CURVE('',#5191,#5182,#5193,.T.);
#5191 = VERTEX_POINT('',#5192);
#5192 = CARTESIAN_POINT('',(-44.88476378882,-100.,24.068013952761));
#5193 = CIRCLE('',#5194,45.);
#5194 = AXIS2_PLACEMENT_3D('',#5195,#5196,#5197);
#5195 = CARTESIAN_POINT('',(-39.5609083118,-100.,-20.61594919801));
#5196 = DIRECTION('',(0.,-1.,2.22044604925E-16));
#5197 = DIRECTION('',(0.173648177667,2.186712484447E-16,0.984807753012)
  );
#5198 = ORIENTED_EDGE('',*,*,#5199,.T.);
#5199 = EDGE_CURVE('',#5191,#5171,#5200,.T.);
#5200 = CIRCLE('',#5201,45.);
#5201 = AXIS2_PLACEMENT_3D('',#5202,#5203,#5204);
#5202 = CARTESIAN_POINT('',(-4.447691766859,-100.,43.812461432765));
#5203 = DIRECTION('',(0.,-1.,2.22044604925E-16));
#5204 = DIRECTION('',(0.173648177667,2.186712484447E-16,0.984807753012)
  );
#5205 = FACE_BOUND('',#5206,.T.);
#5206 = EDGE_LOOP('',(#5207,#5218,#5227,#5236));
#5207 = ORIENTED_EDGE('',*,*,#5208,.T.);
#5208 = EDGE_CURVE('',#5209,#5211,#5213,.T.);
#5209 = VERTEX_POINT('',#5210);
#5210 = CARTESIAN_POINT('',(26.721812002518,-100.,4.711776429463));
#5211 = VERTEX_POINT('',#5212);
#5212 = CARTESIAN_POINT('',(44.884763788822,-100.,24.068013952761));
#5213 = CIRCLE('',#5214,45.);
#5214 = AXIS2_PLACEMENT_3D('',#5215,#5216,#5217);
#5215 = CARTESIAN_POINT('',(4.447691766859,-100.,43.812461432765));
#5216 = DIRECTION('',(0.,-1.,2.22044604925E-16));
#5217 = DIRECTION('',(0.766044443119,-1.427275208436E-16,-0.642787609687
    ));
#5218 = ORIENTED_EDGE('',*,*,#5219,.F.);
#5219 = EDGE_CURVE('',#5220,#5211,#5222,.T.);
#5220 = VERTEX_POINT('',#5221);
#5221 = CARTESIAN_POINT('',(70.16755240212,-100.,12.372432658769));
#5222 = CIRCLE('',#5223,45.);
#5223 = AXIS2_PLACEMENT_3D('',#5224,#5225,#5226);
#5224 = CARTESIAN_POINT('',(39.560908311808,-100.,-20.61594919801));
#5225 = DIRECTION('',(0.,-1.,2.22044604925E-16));
#5226 = DIRECTION('',(0.766044443119,-1.427275208436E-16,-0.642787609687
    ));
#5227 = ORIENTED_EDGE('',*,*,#5228,.F.);
#5228 = EDGE_CURVE('',#5229,#5220,#5231,.T.);
#5229 = VERTEX_POINT('',#5230);
#5230 = CARTESIAN_POINT('',(50.409626899762,-100.,-7.26504176419));
#5231 = CIRCLE('',#5232,45.);
#5232 = AXIS2_PLACEMENT_3D('',#5233,#5234,#5235);
#5233 = CARTESIAN_POINT('',(30.124023712694,-100.,32.90328286277));
#5234 = DIRECTION('',(0.,-1.,2.22044604925E-16));
#5235 = DIRECTION('',(0.173648177667,-2.186712484447E-16,-0.984807753012
    ));
#5236 = ORIENTED_EDGE('',*,*,#5237,.T.);
#5237 = EDGE_CURVE('',#5229,#5209,#5238,.T.);
#5238 = CIRCLE('',#5239,45.);
#5239 = AXIS2_PLACEMENT_3D('',#5240,#5241,#5242);
#5240 = CARTESIAN_POINT('',(19.164207471532,-100.,-39.64904653126));
#5241 = DIRECTION('',(0.,-1.,2.22044604925E-16));
#5242 = DIRECTION('',(0.173648177667,-2.186712484447E-16,-0.984807753012
    ));
#5243 = FACE_BOUND('',#5244,.T.);
#5244 = EDGE_LOOP('',(#5245,#5256,#5265,#5274));
#5245 = ORIENTED_EDGE('',*,*,#5246,.T.);
#5246 = EDGE_CURVE('',#5247,#5249,#5251,.T.);
#5247 = VERTEX_POINT('',#5248);
#5248 = CARTESIAN_POINT('',(-9.280387916391,-100.,-25.49765624406));
#5249 = VERTEX_POINT('',#5250);
#5250 = CARTESIAN_POINT('',(-1.598870392682,-100.,-50.90535266036));
#5251 = CIRCLE('',#5252,45.);
#5252 = AXIS2_PLACEMENT_3D('',#5253,#5254,#5255);
#5253 = CARTESIAN_POINT('',(35.718858719671,-100.,-25.75804477468));
#5254 = DIRECTION('',(0.,-1.,2.22044604925E-16));
#5255 = DIRECTION('',(-0.939692620786,-7.594372760115E-17,
    -0.342020143326));
#5256 = ORIENTED_EDGE('',*,*,#5257,.F.);
#5257 = EDGE_CURVE('',#5258,#5249,#5260,.T.);
#5258 = VERTEX_POINT('',#5259);
#5259 = CARTESIAN_POINT('',(-24.36893521195,-100.,-66.95309923099));
#5260 = CIRCLE('',#5261,45.);
#5261 = AXIS2_PLACEMENT_3D('',#5262,#5263,#5264);
#5262 = CARTESIAN_POINT('',(-37.63438988451,-100.,-23.9527769958));
#5263 = DIRECTION('',(0.,-1.,2.22044604925E-16));
#5264 = DIRECTION('',(-0.939692620786,-7.594372760115E-17,
    -0.342020143326));
#5265 = ORIENTED_EDGE('',*,*,#5266,.F.);
#5266 = EDGE_CURVE('',#5267,#5258,#5269,.T.);
#5267 = VERTEX_POINT('',#5268);
#5268 = CARTESIAN_POINT('',(-31.49652417722,-100.,-40.02349660839));
#5269 = CIRCLE('',#5270,45.);
#5270 = AXIS2_PLACEMENT_3D('',#5271,#5272,#5273);
#5271 = CARTESIAN_POINT('',(13.433066970717,-100.,-42.53981123078));
#5272 = DIRECTION('',(0.,-1.,2.22044604925E-16));
#5273 = DIRECTION('',(-0.939692620786,7.594372760115E-17,0.342020143326)
  );
#5274 = ORIENTED_EDGE('',*,*,#5275,.T.);
#5275 = EDGE_CURVE('',#5267,#5247,#5276,.T.);
#5276 = CIRCLE('',#5277,45.);
#5277 = AXIS2_PLACEMENT_3D('',#5278,#5279,#5280);
#5278 = CARTESIAN_POINT('',(-43.91918526767,-100.,3.227832751891));
#5279 = DIRECTION('',(0.,-1.,2.22044604925E-16));
#5280 = DIRECTION('',(-0.939692620786,7.594372760115E-17,0.342020143326)
  );
#5281 = FACE_BOUND('',#5282,.T.);
#5282 = EDGE_LOOP('',(#5283,#5294,#5303,#5312));
#5283 = ORIENTED_EDGE('',*,*,#5284,.T.);
#5284 = EDGE_CURVE('',#5285,#5287,#5289,.T.);
#5285 = VERTEX_POINT('',#5286);
#5286 = CARTESIAN_POINT('',(9.280387916391,-100.,-25.49765624406));
#5287 = VERTEX_POINT('',#5288);
#5288 = CARTESIAN_POINT('',(31.496524177224,-100.,-40.02349660839));
#5289 = CIRCLE('',#5290,45.);
#5290 = AXIS2_PLACEMENT_3D('',#5291,#5292,#5293);
#5291 = CARTESIAN_POINT('',(43.919185267674,-100.,3.227832751891));
#5292 = DIRECTION('',(0.,-1.,2.22044604925E-16));
#5293 = DIRECTION('',(-0.5,-1.922962686384E-16,-0.866025403784));
#5294 = ORIENTED_EDGE('',*,*,#5295,.F.);
#5295 = EDGE_CURVE('',#5296,#5287,#5298,.T.);
#5296 = VERTEX_POINT('',#5297);
#5297 = CARTESIAN_POINT('',(24.368935211954,-100.,-66.95309923099));
#5298 = CIRCLE('',#5299,45.);
#5299 = AXIS2_PLACEMENT_3D('',#5300,#5301,#5302);
#5300 = CARTESIAN_POINT('',(-13.43306697071,-100.,-42.53981123078));
#5301 = DIRECTION('',(0.,-1.,2.22044604925E-16));
#5302 = DIRECTION('',(-0.5,-1.922962686384E-16,-0.866025403784));
#5303 = ORIENTED_EDGE('',*,*,#5304,.F.);
#5304 = EDGE_CURVE('',#5305,#5296,#5307,.T.);
#5305 = VERTEX_POINT('',#5306);
#5306 = CARTESIAN_POINT('',(1.598870392682,-100.,-50.90535266036));
#5307 = CIRCLE('',#5308,45.);
#5308 = AXIS2_PLACEMENT_3D('',#5309,#5310,#5311);
#5309 = CARTESIAN_POINT('',(37.634389884514,-100.,-23.9527769958));
#5310 = DIRECTION('',(0.,-1.,2.22044604925E-16));
#5311 = DIRECTION('',(-0.939692620786,-7.594372760115E-17,
    -0.342020143326));
#5312 = ORIENTED_EDGE('',*,*,#5313,.T.);
#5313 = EDGE_CURVE('',#5305,#5285,#5314,.T.);
#5314 = CIRCLE('',#5315,45.);
#5315 = AXIS2_PLACEMENT_3D('',#5316,#5317,#5318);
#5316 = CARTESIAN_POINT('',(-35.71885871967,-100.,-25.75804477468));
#5317 = DIRECTION('',(0.,-1.,2.22044604925E-16));
#5318 = DIRECTION('',(-0.939692620786,-7.594372760115E-17,
    -0.342020143326));
#5319 = FACE_BOUND('',#5320,.T.);
#5320 = EDGE_LOOP('',(#5321,#5332,#5341));
#5321 = ORIENTED_EDGE('',*,*,#5322,.T.);
#5322 = EDGE_CURVE('',#5323,#5325,#5327,.T.);
#5323 = VERTEX_POINT('',#5324);
#5324 = CARTESIAN_POINT('',(-22.73317948109,-100.,-68.84368199537));
#5325 = VERTEX_POINT('',#5326);
#5326 = CARTESIAN_POINT('',(7.105427357601E-15,-100.,-53.12888933169));
#5327 = CIRCLE('',#5328,45.);
#5328 = AXIS2_PLACEMENT_3D('',#5329,#5330,#5331);
#5329 = CARTESIAN_POINT('',(-35.71885871967,-100.,-25.75804477468));
#5330 = DIRECTION('',(0.,-1.,2.22044604925E-16));
#5331 = DIRECTION('',(-0.939692620786,-7.594372760115E-17,
    -0.342020143326));
#5332 = ORIENTED_EDGE('',*,*,#5333,.T.);
#5333 = EDGE_CURVE('',#5325,#5334,#5336,.T.);
#5334 = VERTEX_POINT('',#5335);
#5335 = CARTESIAN_POINT('',(22.733179481096,-100.,-68.84368199537));
#5336 = CIRCLE('',#5337,45.);
#5337 = AXIS2_PLACEMENT_3D('',#5338,#5339,#5340);
#5338 = CARTESIAN_POINT('',(35.718858719671,-100.,-25.75804477468));
#5339 = DIRECTION('',(0.,-1.,2.22044604925E-16));
#5340 = DIRECTION('',(-0.939692620786,-7.594372760115E-17,
    -0.342020143326));
#5341 = ORIENTED_EDGE('',*,*,#5342,.F.);
#5342 = EDGE_CURVE('',#5323,#5334,#5343,.T.);
#5343 = CIRCLE('',#5344,72.5);
#5344 = AXIS2_PLACEMENT_3D('',#5345,#5346,#5347);
#5345 = CARTESIAN_POINT('',(0.,-100.,2.22044604925E-14));
#5346 = DIRECTION('',(0.,-1.,2.22044604925E-16));
#5347 = DIRECTION('',(-0.939692620786,-7.594372760115E-17,
    -0.342020143326));
#5348 = FACE_BOUND('',#5349,.T.);
#5349 = EDGE_LOOP('',(#5350,#5361,#5370));
#5350 = ORIENTED_EDGE('',*,*,#5351,.T.);
#5351 = EDGE_CURVE('',#5352,#5354,#5356,.T.);
#5352 = VERTEX_POINT('',#5353);
#5353 = CARTESIAN_POINT('',(-71.74536696442,-100.,10.433231481223));
#5354 = VERTEX_POINT('',#5355);
#5355 = CARTESIAN_POINT('',(-52.32174212278,-100.,-9.225734813918));
#5356 = CIRCLE('',#5357,45.);
#5357 = AXIS2_PLACEMENT_3D('',#5358,#5359,#5360);
#5358 = CARTESIAN_POINT('',(-31.56923692155,-100.,30.703371460492));
#5359 = DIRECTION('',(0.,-1.,2.22044604925E-16));
#5360 = DIRECTION('',(-0.5,1.922962686384E-16,0.866025403784));
#5361 = ORIENTED_EDGE('',*,*,#5362,.T.);
#5362 = EDGE_CURVE('',#5354,#5363,#5365,.T.);
#5363 = VERTEX_POINT('',#5364);
#5364 = CARTESIAN_POINT('',(-63.85021658548,-100.,-34.34239132598));
#5365 = CIRCLE('',#5366,45.);
#5366 = AXIS2_PLACEMENT_3D('',#5367,#5368,#5369);
#5367 = CARTESIAN_POINT('',(-19.16420747153,-100.,-39.64904653126));
#5368 = DIRECTION('',(0.,-1.,2.22044604925E-16));
#5369 = DIRECTION('',(-0.5,1.922962686384E-16,0.866025403784));
#5370 = ORIENTED_EDGE('',*,*,#5371,.F.);
#5371 = EDGE_CURVE('',#5352,#5363,#5372,.T.);
#5372 = CIRCLE('',#5373,72.5);
#5373 = AXIS2_PLACEMENT_3D('',#5374,#5375,#5376);
#5374 = CARTESIAN_POINT('',(0.,-100.,2.22044604925E-14));
#5375 = DIRECTION('',(0.,-1.,2.22044604925E-16));
#5376 = DIRECTION('',(-0.5,1.922962686384E-16,0.866025403784));
#5377 = FACE_BOUND('',#5378,.T.);
#5378 = EDGE_LOOP('',(#5379,#5390,#5399));
#5379 = ORIENTED_EDGE('',*,*,#5380,.T.);
#5380 = EDGE_CURVE('',#5381,#5383,#5385,.T.);
#5381 = VERTEX_POINT('',#5382);
#5382 = CARTESIAN_POINT('',(63.850216585484,-100.,-34.34239132598));
#5383 = VERTEX_POINT('',#5384);
#5384 = CARTESIAN_POINT('',(52.321742122785,-100.,-9.225734813918));
#5385 = CIRCLE('',#5386,45.);
#5386 = AXIS2_PLACEMENT_3D('',#5387,#5388,#5389);
#5387 = CARTESIAN_POINT('',(19.164207471532,-100.,-39.64904653126));
#5388 = DIRECTION('',(0.,-1.,2.22044604925E-16));
#5389 = DIRECTION('',(0.173648177667,-2.186712484447E-16,-0.984807753012
    ));
#5390 = ORIENTED_EDGE('',*,*,#5391,.T.);
#5391 = EDGE_CURVE('',#5383,#5392,#5394,.T.);
#5392 = VERTEX_POINT('',#5393);
#5393 = CARTESIAN_POINT('',(71.74536696442,-100.,10.433231481223));
#5394 = CIRCLE('',#5395,45.);
#5395 = AXIS2_PLACEMENT_3D('',#5396,#5397,#5398);
#5396 = CARTESIAN_POINT('',(31.569236921559,-100.,30.703371460492));
#5397 = DIRECTION('',(0.,-1.,2.22044604925E-16));
#5398 = DIRECTION('',(0.173648177667,-2.186712484447E-16,-0.984807753012
    ));
#5399 = ORIENTED_EDGE('',*,*,#5400,.F.);
#5400 = EDGE_CURVE('',#5381,#5392,#5401,.T.);
#5401 = CIRCLE('',#5402,72.5);
#5402 = AXIS2_PLACEMENT_3D('',#5403,#5404,#5405);
#5403 = CARTESIAN_POINT('',(0.,-100.,2.22044604925E-14));
#5404 = DIRECTION('',(0.,-1.,2.22044604925E-16));
#5405 = DIRECTION('',(0.173648177667,-2.186712484447E-16,-0.984807753012
    ));
#5406 = FACE_BOUND('',#5407,.T.);
#5407 = EDGE_LOOP('',(#5408,#5419,#5428));
#5408 = ORIENTED_EDGE('',*,*,#5409,.T.);
#5409 = EDGE_CURVE('',#5410,#5412,#5414,.T.);
#5410 = VERTEX_POINT('',#5411);
#5411 = CARTESIAN_POINT('',(-2.183724977737,-100.,72.467105263158));
#5412 = VERTEX_POINT('',#5413);
#5413 = CARTESIAN_POINT('',(-18.17115034396,-100.,49.924825255549));
#5414 = CIRCLE('',#5415,45.);
#5415 = AXIS2_PLACEMENT_3D('',#5416,#5417,#5418);
#5416 = CARTESIAN_POINT('',(24.754977796142,-100.,36.421213779376));
#5417 = DIRECTION('',(0.,-1.,2.22044604925E-16));
#5418 = DIRECTION('',(0.766044443119,1.427275208436E-16,0.642787609687)
  );
#5419 = ORIENTED_EDGE('',*,*,#5420,.T.);
#5420 = EDGE_CURVE('',#5412,#5421,#5423,.T.);
#5421 = VERTEX_POINT('',#5422);
#5422 = CARTESIAN_POINT('',(-44.90812698851,-100.,56.916694654413));
#5423 = CIRCLE('',#5424,45.);
#5424 = AXIS2_PLACEMENT_3D('',#5425,#5426,#5427);
#5425 = CARTESIAN_POINT('',(-42.37451812739,-100.,11.988075421914));
#5426 = DIRECTION('',(0.,-1.,2.22044604925E-16));
#5427 = DIRECTION('',(0.766044443119,1.427275208436E-16,0.642787609687)
  );
#5428 = ORIENTED_EDGE('',*,*,#5429,.F.);
#5429 = EDGE_CURVE('',#5410,#5421,#5430,.T.);
#5430 = CIRCLE('',#5431,72.5);
#5431 = AXIS2_PLACEMENT_3D('',#5432,#5433,#5434);
#5432 = CARTESIAN_POINT('',(0.,-100.,2.22044604925E-14));
#5433 = DIRECTION('',(0.,-1.,2.22044604925E-16));
#5434 = DIRECTION('',(0.766044443119,1.427275208436E-16,0.642787609687)
  );
#5435 = FACE_BOUND('',#5436,.T.);
#5436 = EDGE_LOOP('',(#5437,#5448,#5457));
#5437 = ORIENTED_EDGE('',*,*,#5438,.T.);
#5438 = EDGE_CURVE('',#5439,#5441,#5443,.T.);
#5439 = VERTEX_POINT('',#5440);
#5440 = CARTESIAN_POINT('',(44.908126988512,-100.,56.916694654413));
#5441 = VERTEX_POINT('',#5442);
#5442 = CARTESIAN_POINT('',(18.171150343961,-100.,49.924825255549));
#5443 = CIRCLE('',#5444,45.);
#5444 = AXIS2_PLACEMENT_3D('',#5445,#5446,#5447);
#5445 = CARTESIAN_POINT('',(42.374518127396,-100.,11.988075421914));
#5446 = DIRECTION('',(0.,-1.,2.22044604925E-16));
#5447 = DIRECTION('',(1.,0.,0.));
#5448 = ORIENTED_EDGE('',*,*,#5449,.T.);
#5449 = EDGE_CURVE('',#5441,#5450,#5452,.T.);
#5450 = VERTEX_POINT('',#5451);
#5451 = CARTESIAN_POINT('',(2.183724977737,-100.,72.467105263158));
#5452 = CIRCLE('',#5453,45.);
#5453 = AXIS2_PLACEMENT_3D('',#5454,#5455,#5456);
#5454 = CARTESIAN_POINT('',(-24.75497779614,-100.,36.421213779376));
#5455 = DIRECTION('',(0.,-1.,2.22044604925E-16));
#5456 = DIRECTION('',(1.,0.,0.));
#5457 = ORIENTED_EDGE('',*,*,#5458,.F.);
#5458 = EDGE_CURVE('',#5439,#5450,#5459,.T.);
#5459 = CIRCLE('',#5460,72.5);
#5460 = AXIS2_PLACEMENT_3D('',#5461,#5462,#5463);
#5461 = CARTESIAN_POINT('',(0.,-100.,2.22044604925E-14));
#5462 = DIRECTION('',(0.,-1.,2.22044604925E-16));
#5463 = DIRECTION('',(1.,0.,0.));
#5464 = FACE_BOUND('',#5465,.T.);
#5465 = EDGE_LOOP('',(#5466,#5477,#5486,#5495));
#5466 = ORIENTED_EDGE('',*,*,#5467,.T.);
#5467 = EDGE_CURVE('',#5468,#5470,#5472,.T.);
#5468 = VERTEX_POINT('',#5469);
#5469 = CARTESIAN_POINT('',(-23.49876710307,-100.,-13.56701951258));
#5470 = VERTEX_POINT('',#5471);
#5471 = CARTESIAN_POINT('',(-33.94613573638,-100.,-37.96802845257));
#5472 = CIRCLE('',#5473,45.);
#5473 = AXIS2_PLACEMENT_3D('',#5474,#5475,#5476);
#5474 = CARTESIAN_POINT('',(10.805281205837,-100.,-42.6914468824));
#5475 = DIRECTION('',(0.,-1.,2.22044604925E-16));
#5476 = DIRECTION('',(-0.939692620786,7.594372760115E-17,0.342020143326)
  );
#5477 = ORIENTED_EDGE('',*,*,#5478,.F.);
#5478 = EDGE_CURVE('',#5479,#5470,#5481,.T.);
#5479 = VERTEX_POINT('',#5480);
#5480 = CARTESIAN_POINT('',(-61.70431001964,-100.,-35.625));
#5481 = CIRCLE('',#5482,45.);
#5482 = AXIS2_PLACEMENT_3D('',#5483,#5484,#5485);
#5483 = CARTESIAN_POINT('',(-44.22616351169,-100.,5.842027800974));
#5484 = DIRECTION('',(0.,-1.,2.22044604925E-16));
#5485 = DIRECTION('',(-0.939692620786,7.594372760115E-17,0.342020143326)
  );
#5486 = ORIENTED_EDGE('',*,*,#5487,.F.);
#5487 = EDGE_CURVE('',#5488,#5479,#5490,.T.);
#5488 = VERTEX_POINT('',#5489);
#5489 = CARTESIAN_POINT('',(-49.85434503973,-100.,-10.41420168173));
#5490 = CIRCLE('',#5491,45.);
#5491 = AXIS2_PLACEMENT_3D('',#5492,#5493,#5494);
#5492 = CARTESIAN_POINT('',(-17.05373727058,-100.,-41.22199501353));
#5493 = DIRECTION('',(0.,-1.,2.22044604925E-16));
#5494 = DIRECTION('',(-0.5,1.922962686384E-16,0.866025403784));
#5495 = ORIENTED_EDGE('',*,*,#5496,.T.);
#5496 = EDGE_CURVE('',#5488,#5468,#5497,.T.);
#5497 = CIRCLE('',#5498,45.);
#5498 = AXIS2_PLACEMENT_3D('',#5499,#5500,#5501);
#5499 = CARTESIAN_POINT('',(-31.56923692155,-100.,30.703371460492));
#5500 = DIRECTION('',(0.,-1.,2.22044604925E-16));
#5501 = DIRECTION('',(-0.5,1.922962686384E-16,0.866025403784));
#5502 = FACE_BOUND('',#5503,.T.);
#5503 = EDGE_LOOP('',(#5504,#5515,#5524,#5533));
#5504 = ORIENTED_EDGE('',*,*,#5505,.T.);
#5505 = EDGE_CURVE('',#5506,#5508,#5510,.T.);
#5506 = VERTEX_POINT('',#5507);
#5507 = CARTESIAN_POINT('',(23.498767103071,-100.,-13.56701951258));
#5508 = VERTEX_POINT('',#5509);
#5509 = CARTESIAN_POINT('',(49.854345039732,-100.,-10.41420168173));
#5510 = CIRCLE('',#5511,45.);
#5511 = AXIS2_PLACEMENT_3D('',#5512,#5513,#5514);
#5512 = CARTESIAN_POINT('',(31.569236921559,-100.,30.703371460492));
#5513 = DIRECTION('',(0.,-1.,2.22044604925E-16));
#5514 = DIRECTION('',(0.173648177667,-2.186712484447E-16,-0.984807753012
    ));
#5515 = ORIENTED_EDGE('',*,*,#5516,.F.);
#5516 = EDGE_CURVE('',#5517,#5508,#5519,.T.);
#5517 = VERTEX_POINT('',#5518);
#5518 = CARTESIAN_POINT('',(61.704310019641,-100.,-35.625));
#5519 = CIRCLE('',#5520,45.);
#5520 = AXIS2_PLACEMENT_3D('',#5521,#5522,#5523);
#5521 = CARTESIAN_POINT('',(17.053737270589,-100.,-41.22199501353));
#5522 = DIRECTION('',(0.,-1.,2.22044604925E-16));
#5523 = DIRECTION('',(0.173648177667,-2.186712484447E-16,-0.984807753012
    ));
#5524 = ORIENTED_EDGE('',*,*,#5525,.F.);
#5525 = EDGE_CURVE('',#5526,#5517,#5528,.T.);
#5526 = VERTEX_POINT('',#5527);
#5527 = CARTESIAN_POINT('',(33.946135736387,-100.,-37.96802845257));
#5528 = CIRCLE('',#5529,45.);
#5529 = AXIS2_PLACEMENT_3D('',#5530,#5531,#5532);
#5530 = CARTESIAN_POINT('',(44.226163511693,-100.,5.842027800973));
#5531 = DIRECTION('',(0.,-1.,2.22044604925E-16));
#5532 = DIRECTION('',(-0.5,-1.922962686384E-16,-0.866025403784));
#5533 = ORIENTED_EDGE('',*,*,#5534,.T.);
#5534 = EDGE_CURVE('',#5526,#5506,#5535,.T.);
#5535 = CIRCLE('',#5536,45.);
#5536 = AXIS2_PLACEMENT_3D('',#5537,#5538,#5539);
#5537 = CARTESIAN_POINT('',(-10.80528120583,-100.,-42.6914468824));
#5538 = DIRECTION('',(0.,-1.,2.22044604925E-16));
#5539 = DIRECTION('',(-0.5,-1.922962686384E-16,-0.866025403784));
#5540 = FACE_BOUND('',#5541,.T.);
#5541 = EDGE_LOOP('',(#5542,#5553,#5562));
#5542 = ORIENTED_EDGE('',*,*,#5543,.T.);
#5543 = EDGE_CURVE('',#5544,#5546,#5548,.T.);
#5544 = VERTEX_POINT('',#5545);
#5545 = CARTESIAN_POINT('',(70.9869672386,-100.,14.734330058267));
#5546 = VERTEX_POINT('',#5547);
#5547 = CARTESIAN_POINT('',(46.010967836103,-100.,26.56444466585));
#5548 = CIRCLE('',#5549,45.);
#5549 = AXIS2_PLACEMENT_3D('',#5550,#5551,#5552);
#5550 = CARTESIAN_POINT('',(40.16655048653,-100.,-18.05441665807));
#5551 = DIRECTION('',(0.,-1.,2.22044604925E-16));
#5552 = DIRECTION('',(0.766044443119,-1.427275208436E-16,-0.642787609687
    ));
#5553 = ORIENTED_EDGE('',*,*,#5554,.T.);
#5554 = EDGE_CURVE('',#5546,#5555,#5557,.T.);
#5555 = VERTEX_POINT('',#5556);
#5556 = CARTESIAN_POINT('',(48.253787757504,-100.,54.109351937108));
#5557 = CIRCLE('',#5558,45.);
#5558 = AXIS2_PLACEMENT_3D('',#5559,#5560,#5561);
#5559 = CARTESIAN_POINT('',(4.447691766859,-100.,43.812461432765));
#5560 = DIRECTION('',(0.,-1.,2.22044604925E-16));
#5561 = DIRECTION('',(0.766044443119,-1.427275208436E-16,-0.642787609687
    ));
#5562 = ORIENTED_EDGE('',*,*,#5563,.F.);
#5563 = EDGE_CURVE('',#5544,#5555,#5564,.T.);
#5564 = CIRCLE('',#5565,72.5);
#5565 = AXIS2_PLACEMENT_3D('',#5566,#5567,#5568);
#5566 = CARTESIAN_POINT('',(0.,-100.,2.22044604925E-14));
#5567 = DIRECTION('',(0.,-1.,2.22044604925E-16));
#5568 = DIRECTION('',(0.766044443119,-1.427275208436E-16,-0.642787609687
    ));
#5569 = FACE_BOUND('',#5570,.T.);
#5570 = EDGE_LOOP('',(#5571,#5582,#5591));
#5571 = ORIENTED_EDGE('',*,*,#5572,.T.);
#5572 = EDGE_CURVE('',#5573,#5575,#5577,.T.);
#5573 = VERTEX_POINT('',#5574);
#5574 = CARTESIAN_POINT('',(-48.2537877575,-100.,54.109351937108));
#5575 = VERTEX_POINT('',#5576);
#5576 = CARTESIAN_POINT('',(-46.0109678361,-100.,26.56444466585));
#5577 = CIRCLE('',#5578,45.);
#5578 = AXIS2_PLACEMENT_3D('',#5579,#5580,#5581);
#5579 = CARTESIAN_POINT('',(-4.447691766859,-100.,43.812461432765));
#5580 = DIRECTION('',(0.,-1.,2.22044604925E-16));
#5581 = DIRECTION('',(0.173648177667,2.186712484447E-16,0.984807753012)
  );
#5582 = ORIENTED_EDGE('',*,*,#5583,.T.);
#5583 = EDGE_CURVE('',#5575,#5584,#5586,.T.);
#5584 = VERTEX_POINT('',#5585);
#5585 = CARTESIAN_POINT('',(-70.9869672386,-100.,14.734330058267));
#5586 = CIRCLE('',#5587,45.);
#5587 = AXIS2_PLACEMENT_3D('',#5588,#5589,#5590);
#5588 = CARTESIAN_POINT('',(-40.16655048653,-100.,-18.05441665807));
#5589 = DIRECTION('',(0.,-1.,2.22044604925E-16));
#5590 = DIRECTION('',(0.173648177667,2.186712484447E-16,0.984807753012)
  );
#5591 = ORIENTED_EDGE('',*,*,#5592,.F.);
#5592 = EDGE_CURVE('',#5573,#5584,#5593,.T.);
#5593 = CIRCLE('',#5594,72.5);
#5594 = AXIS2_PLACEMENT_3D('',#5595,#5596,#5597);
#5595 = CARTESIAN_POINT('',(0.,-100.,2.22044604925E-14));
#5596 = DIRECTION('',(0.,-1.,2.22044604925E-16));
#5597 = DIRECTION('',(0.173648177667,2.186712484447E-16,0.984807753012)
  );
#5598 = FACE_BOUND('',#5599,.T.);
#5599 = EDGE_LOOP('',(#5600,#5611,#5620));
#5600 = ORIENTED_EDGE('',*,*,#5601,.T.);
#5601 = EDGE_CURVE('',#5602,#5604,#5606,.T.);
#5602 = VERTEX_POINT('',#5603);
#5603 = CARTESIAN_POINT('',(26.837239975907,-100.,-67.34992613563));
#5604 = VERTEX_POINT('',#5605);
#5605 = CARTESIAN_POINT('',(34.150591778824,-100.,-40.69909044163));
#5606 = CIRCLE('',#5607,45.);
#5607 = AXIS2_PLACEMENT_3D('',#5608,#5609,#5610);
#5608 = CARTESIAN_POINT('',(-10.80528120583,-100.,-42.6914468824));
#5609 = DIRECTION('',(0.,-1.,2.22044604925E-16));
#5610 = DIRECTION('',(-0.5,-1.922962686384E-16,-0.866025403784));
#5611 = ORIENTED_EDGE('',*,*,#5612,.T.);
#5612 = EDGE_CURVE('',#5604,#5613,#5615,.T.);
#5613 = VERTEX_POINT('',#5614);
#5614 = CARTESIAN_POINT('',(61.666491607747,-100.,-38.12471393717));
#5615 = CIRCLE('',#5616,45.);
#5616 = AXIS2_PLACEMENT_3D('',#5617,#5618,#5619);
#5617 = CARTESIAN_POINT('',(43.919185267674,-100.,3.227832751891));
#5618 = DIRECTION('',(0.,-1.,2.22044604925E-16));
#5619 = DIRECTION('',(-0.5,-1.922962686384E-16,-0.866025403784));
#5620 = ORIENTED_EDGE('',*,*,#5621,.F.);
#5621 = EDGE_CURVE('',#5602,#5613,#5622,.T.);
#5622 = CIRCLE('',#5623,72.5);
#5623 = AXIS2_PLACEMENT_3D('',#5624,#5625,#5626);
#5624 = CARTESIAN_POINT('',(0.,-100.,2.22044604925E-14));
#5625 = DIRECTION('',(0.,-1.,2.22044604925E-16));
#5626 = DIRECTION('',(-0.5,-1.922962686384E-16,-0.866025403784));
#5627 = FACE_BOUND('',#5628,.T.);
#5628 = EDGE_LOOP('',(#5629,#5640,#5649));
#5629 = ORIENTED_EDGE('',*,*,#5630,.T.);
#5630 = EDGE_CURVE('',#5631,#5633,#5635,.T.);
#5631 = VERTEX_POINT('',#5632);
#5632 = CARTESIAN_POINT('',(-61.66649160774,-100.,-38.12471393717));
#5633 = VERTEX_POINT('',#5634);
#5634 = CARTESIAN_POINT('',(-34.15059177882,-100.,-40.69909044163));
#5635 = CIRCLE('',#5636,45.);
#5636 = AXIS2_PLACEMENT_3D('',#5637,#5638,#5639);
#5637 = CARTESIAN_POINT('',(-43.91918526767,-100.,3.227832751891));
#5638 = DIRECTION('',(0.,-1.,2.22044604925E-16));
#5639 = DIRECTION('',(-0.939692620786,7.594372760115E-17,0.342020143326)
  );
#5640 = ORIENTED_EDGE('',*,*,#5641,.T.);
#5641 = EDGE_CURVE('',#5633,#5642,#5644,.T.);
#5642 = VERTEX_POINT('',#5643);
#5643 = CARTESIAN_POINT('',(-26.8372399759,-100.,-67.34992613563));
#5644 = CIRCLE('',#5645,45.);
#5645 = AXIS2_PLACEMENT_3D('',#5646,#5647,#5648);
#5646 = CARTESIAN_POINT('',(10.805281205837,-100.,-42.6914468824));
#5647 = DIRECTION('',(0.,-1.,2.22044604925E-16));
#5648 = DIRECTION('',(-0.939692620786,7.594372760115E-17,0.342020143326)
  );
#5649 = ORIENTED_EDGE('',*,*,#5650,.F.);
#5650 = EDGE_CURVE('',#5631,#5642,#5651,.T.);
#5651 = CIRCLE('',#5652,72.5);
#5652 = AXIS2_PLACEMENT_3D('',#5653,#5654,#5655);
#5653 = CARTESIAN_POINT('',(0.,-100.,2.22044604925E-14));
#5654 = DIRECTION('',(0.,-1.,2.22044604925E-16));
#5655 = DIRECTION('',(-0.939692620786,7.594372760115E-17,0.342020143326)
  );
#5656 = FACE_BOUND('',#5657,.T.);
#5657 = EDGE_LOOP('',(#5658,#5669,#5678,#5687));
#5658 = ORIENTED_EDGE('',*,*,#5659,.T.);
#5659 = EDGE_CURVE('',#5660,#5662,#5664,.T.);
#5660 = VERTEX_POINT('',#5661);
#5661 = CARTESIAN_POINT('',(17.441424086127,-100.,20.785879814601));
#5662 = VERTEX_POINT('',#5663);
#5663 = CARTESIAN_POINT('',(18.913102722537,-100.,47.288538372584));
#5664 = CIRCLE('',#5665,45.);
#5665 = AXIS2_PLACEMENT_3D('',#5666,#5667,#5668);
#5666 = CARTESIAN_POINT('',(-24.75497779614,-100.,36.421213779376));
#5667 = DIRECTION('',(0.,-1.,2.22044604925E-16));
#5668 = DIRECTION('',(1.,0.,0.));
#5669 = ORIENTED_EDGE('',*,*,#5670,.F.);
#5670 = EDGE_CURVE('',#5671,#5662,#5673,.T.);
#5671 = VERTEX_POINT('',#5672);
#5672 = CARTESIAN_POINT('',(45.798617190166,-100.,54.580666572227));
#5673 = CIRCLE('',#5674,45.);
#5674 = AXIS2_PLACEMENT_3D('',#5675,#5676,#5677);
#5675 = CARTESIAN_POINT('',(43.557090683411,-100.,9.636528368013));
#5676 = DIRECTION('',(0.,-1.,2.22044604925E-16));
#5677 = DIRECTION('',(1.,0.,0.));
#5678 = ORIENTED_EDGE('',*,*,#5679,.F.);
#5679 = EDGE_CURVE('',#5680,#5671,#5682,.T.);
#5680 = VERTEX_POINT('',#5681);
#5681 = CARTESIAN_POINT('',(43.28589339614,-100.,26.837338707603));
#5682 = CIRCLE('',#5683,45.);
#5683 = AXIS2_PLACEMENT_3D('',#5684,#5685,#5686);
#5684 = CARTESIAN_POINT('',(1.926518427294,-100.,44.56872619382));
#5685 = DIRECTION('',(0.,-1.,2.22044604925E-16));
#5686 = DIRECTION('',(0.766044443119,-1.427275208436E-16,-0.642787609687
    ));
#5687 = ORIENTED_EDGE('',*,*,#5688,.T.);
#5688 = EDGE_CURVE('',#5680,#5660,#5689,.T.);
#5689 = CIRCLE('',#5690,45.);
#5690 = AXIS2_PLACEMENT_3D('',#5691,#5692,#5693);
#5691 = CARTESIAN_POINT('',(40.16655048653,-100.,-18.05441665807));
#5692 = DIRECTION('',(0.,-1.,2.22044604925E-16));
#5693 = DIRECTION('',(0.766044443119,-1.427275208436E-16,-0.642787609687
    ));
#5694 = FACE_BOUND('',#5695,.T.);
#5695 = EDGE_LOOP('',(#5696,#5707,#5716,#5725));
#5696 = ORIENTED_EDGE('',*,*,#5697,.T.);
#5697 = EDGE_CURVE('',#5698,#5700,#5702,.T.);
#5698 = VERTEX_POINT('',#5699);
#5699 = CARTESIAN_POINT('',(-17.44142408612,-100.,20.785879814601));
#5700 = VERTEX_POINT('',#5701);
#5701 = CARTESIAN_POINT('',(-43.28589339614,-100.,26.837338707603));
#5702 = CIRCLE('',#5703,45.);
#5703 = AXIS2_PLACEMENT_3D('',#5704,#5705,#5706);
#5704 = CARTESIAN_POINT('',(-40.16655048653,-100.,-18.05441665807));
#5705 = DIRECTION('',(0.,-1.,2.22044604925E-16));
#5706 = DIRECTION('',(0.173648177667,2.186712484447E-16,0.984807753012)
  );
#5707 = ORIENTED_EDGE('',*,*,#5708,.F.);
#5708 = EDGE_CURVE('',#5709,#5700,#5711,.T.);
#5709 = VERTEX_POINT('',#5710);
#5710 = CARTESIAN_POINT('',(-45.79861719016,-100.,54.580666572227));
#5711 = CIRCLE('',#5712,45.);
#5712 = AXIS2_PLACEMENT_3D('',#5713,#5714,#5715);
#5713 = CARTESIAN_POINT('',(-1.926518427294,-100.,44.56872619382));
#5714 = DIRECTION('',(0.,-1.,2.22044604925E-16));
#5715 = DIRECTION('',(0.173648177667,2.186712484447E-16,0.984807753012)
  );
#5716 = ORIENTED_EDGE('',*,*,#5717,.F.);
#5717 = EDGE_CURVE('',#5718,#5709,#5720,.T.);
#5718 = VERTEX_POINT('',#5719);
#5719 = CARTESIAN_POINT('',(-18.91310272253,-100.,47.288538372584));
#5720 = CIRCLE('',#5721,45.);
#5721 = AXIS2_PLACEMENT_3D('',#5722,#5723,#5724);
#5722 = CARTESIAN_POINT('',(-43.55709068341,-100.,9.636528368013));
#5723 = DIRECTION('',(0.,-1.,2.22044604925E-16));
#5724 = DIRECTION('',(0.766044443119,1.427275208436E-16,0.642787609687)
  );
#5725 = ORIENTED_EDGE('',*,*,#5726,.T.);
#5726 = EDGE_CURVE('',#5718,#5698,#5727,.T.);
#5727 = CIRCLE('',#5728,45.);
#5728 = AXIS2_PLACEMENT_3D('',#5729,#5730,#5731);
#5729 = CARTESIAN_POINT('',(24.754977796142,-100.,36.421213779376));
#5730 = DIRECTION('',(0.,-1.,2.22044604925E-16));
#5731 = DIRECTION('',(0.766044443119,1.427275208436E-16,0.642787609687)
  );
#5732 = FACE_BOUND('',#5733,.T.);
#5733 = EDGE_LOOP('',(#5734,#5745,#5754));
#5734 = ORIENTED_EDGE('',*,*,#5735,.F.);
#5735 = EDGE_CURVE('',#5736,#5738,#5740,.T.);
#5736 = VERTEX_POINT('',#5737);
#5737 = CARTESIAN_POINT('',(-20.99876714377,-100.,-13.56656841068));
#5738 = VERTEX_POINT('',#5739);
#5739 = CARTESIAN_POINT('',(-31.25468917945,-100.,-37.24788811502));
#5740 = CIRCLE('',#5741,45.);
#5741 = AXIS2_PLACEMENT_3D('',#5742,#5743,#5744);
#5742 = CARTESIAN_POINT('',(13.433066970717,-100.,-42.53981123078));
#5743 = DIRECTION('',(0.,-1.,2.22044604925E-16));
#5744 = DIRECTION('',(-0.939692620786,7.594372760115E-17,0.342020143326)
  );
#5745 = ORIENTED_EDGE('',*,*,#5746,.T.);
#5746 = EDGE_CURVE('',#5736,#5747,#5749,.T.);
#5747 = VERTEX_POINT('',#5748);
#5748 = CARTESIAN_POINT('',(-9.714064104843,-100.,-23.03555856859));
#5749 = CIRCLE('',#5750,25.);
#5750 = AXIS2_PLACEMENT_3D('',#5751,#5752,#5753);
#5751 = CARTESIAN_POINT('',(0.,-100.,2.22044604925E-14));
#5752 = DIRECTION('',(0.,-1.,2.22044604925E-16));
#5753 = DIRECTION('',(-0.939692620786,7.594372760115E-17,0.342020143326)
  );
#5754 = ORIENTED_EDGE('',*,*,#5755,.F.);
#5755 = EDGE_CURVE('',#5738,#5747,#5756,.T.);
#5756 = CIRCLE('',#5757,45.);
#5757 = AXIS2_PLACEMENT_3D('',#5758,#5759,#5760);
#5758 = CARTESIAN_POINT('',(-44.22616351169,-100.,5.842027800974));
#5759 = DIRECTION('',(0.,-1.,2.22044604925E-16));
#5760 = DIRECTION('',(-0.939692620786,7.594372760115E-17,0.342020143326)
  );
#5761 = FACE_BOUND('',#5762,.T.);
#5762 = EDGE_LOOP('',(#5763,#5774,#5783));
#5763 = ORIENTED_EDGE('',*,*,#5764,.F.);
#5764 = EDGE_CURVE('',#5765,#5767,#5769,.T.);
#5765 = VERTEX_POINT('',#5766);
#5766 = CARTESIAN_POINT('',(9.714064104843,-100.,-23.03555856859));
#5767 = VERTEX_POINT('',#5768);
#5768 = CARTESIAN_POINT('',(31.254689179452,-100.,-37.24788811502));
#5769 = CIRCLE('',#5770,45.);
#5770 = AXIS2_PLACEMENT_3D('',#5771,#5772,#5773);
#5771 = CARTESIAN_POINT('',(44.226163511693,-100.,5.842027800973));
#5772 = DIRECTION('',(0.,-1.,2.22044604925E-16));
#5773 = DIRECTION('',(-0.5,-1.922962686384E-16,-0.866025403784));
#5774 = ORIENTED_EDGE('',*,*,#5775,.T.);
#5775 = EDGE_CURVE('',#5765,#5776,#5778,.T.);
#5776 = VERTEX_POINT('',#5777);
#5777 = CARTESIAN_POINT('',(20.99876714377,-100.,-13.56656841068));
#5778 = CIRCLE('',#5779,25.);
#5779 = AXIS2_PLACEMENT_3D('',#5780,#5781,#5782);
#5780 = CARTESIAN_POINT('',(0.,-100.,2.22044604925E-14));
#5781 = DIRECTION('',(0.,-1.,2.22044604925E-16));
#5782 = DIRECTION('',(-0.5,-1.922962686384E-16,-0.866025403784));
#5783 = ORIENTED_EDGE('',*,*,#5784,.F.);
#5784 = EDGE_CURVE('',#5767,#5776,#5785,.T.);
#5785 = CIRCLE('',#5786,45.);
#5786 = AXIS2_PLACEMENT_3D('',#5787,#5788,#5789);
#5787 = CARTESIAN_POINT('',(-13.43306697071,-100.,-42.53981123078));
#5788 = DIRECTION('',(0.,-1.,2.22044604925E-16));
#5789 = DIRECTION('',(-0.5,-1.922962686384E-16,-0.866025403784));
#5790 = FACE_BOUND('',#5791,.T.);
#5791 = EDGE_LOOP('',(#5792,#5803,#5812));
#5792 = ORIENTED_EDGE('',*,*,#5793,.F.);
#5793 = EDGE_CURVE('',#5794,#5796,#5798,.T.);
#5794 = VERTEX_POINT('',#5795);
#5795 = CARTESIAN_POINT('',(-17.00685940037,-100.,18.323938805174));
#5796 = VERTEX_POINT('',#5797);
#5797 = CARTESIAN_POINT('',(-42.10932881856,-100.,24.311832328795));
#5798 = CIRCLE('',#5799,45.);
#5799 = AXIS2_PLACEMENT_3D('',#5800,#5801,#5802);
#5800 = CARTESIAN_POINT('',(-39.5609083118,-100.,-20.61594919801));
#5801 = DIRECTION('',(0.,-1.,2.22044604925E-16));
#5802 = DIRECTION('',(0.173648177667,2.186712484447E-16,0.984807753012)
  );
#5803 = ORIENTED_EDGE('',*,*,#5804,.T.);
#5804 = EDGE_CURVE('',#5794,#5805,#5807,.T.);
#5805 = VERTEX_POINT('',#5806);
#5806 = CARTESIAN_POINT('',(-24.37242620286,-100.,5.566402876731));
#5807 = CIRCLE('',#5808,25.);
#5808 = AXIS2_PLACEMENT_3D('',#5809,#5810,#5811);
#5809 = CARTESIAN_POINT('',(0.,-100.,2.22044604925E-14));
#5810 = DIRECTION('',(0.,-1.,2.22044604925E-16));
#5811 = DIRECTION('',(0.173648177667,2.186712484447E-16,0.984807753012)
  );
#5812 = ORIENTED_EDGE('',*,*,#5813,.F.);
#5813 = EDGE_CURVE('',#5796,#5805,#5814,.T.);
#5814 = CIRCLE('',#5815,45.);
#5815 = AXIS2_PLACEMENT_3D('',#5816,#5817,#5818);
#5816 = CARTESIAN_POINT('',(-1.926518427294,-100.,44.56872619382));
#5817 = DIRECTION('',(0.,-1.,2.22044604925E-16));
#5818 = DIRECTION('',(0.173648177667,2.186712484447E-16,0.984807753012)
  );
#5819 = FACE_BOUND('',#5820,.T.);
#5820 = EDGE_LOOP('',(#5821,#5832,#5841));
#5821 = ORIENTED_EDGE('',*,*,#5822,.F.);
#5822 = EDGE_CURVE('',#5823,#5825,#5827,.T.);
#5823 = VERTEX_POINT('',#5824);
#5824 = CARTESIAN_POINT('',(24.372426202861,-100.,5.566402876731));
#5825 = VERTEX_POINT('',#5826);
#5826 = CARTESIAN_POINT('',(42.109328818568,-100.,24.311832328795));
#5827 = CIRCLE('',#5828,45.);
#5828 = AXIS2_PLACEMENT_3D('',#5829,#5830,#5831);
#5829 = CARTESIAN_POINT('',(1.926518427294,-100.,44.56872619382));
#5830 = DIRECTION('',(0.,-1.,2.22044604925E-16));
#5831 = DIRECTION('',(0.766044443119,-1.427275208436E-16,-0.642787609687
    ));
#5832 = ORIENTED_EDGE('',*,*,#5833,.T.);
#5833 = EDGE_CURVE('',#5823,#5834,#5836,.T.);
#5834 = VERTEX_POINT('',#5835);
#5835 = CARTESIAN_POINT('',(17.006859400379,-100.,18.323938805174));
#5836 = CIRCLE('',#5837,25.);
#5837 = AXIS2_PLACEMENT_3D('',#5838,#5839,#5840);
#5838 = CARTESIAN_POINT('',(0.,-100.,2.22044604925E-14));
#5839 = DIRECTION('',(0.,-1.,2.22044604925E-16));
#5840 = DIRECTION('',(0.766044443119,-1.427275208436E-16,-0.642787609687
    ));
#5841 = ORIENTED_EDGE('',*,*,#5842,.F.);
#5842 = EDGE_CURVE('',#5825,#5834,#5843,.T.);
#5843 = CIRCLE('',#5844,45.);
#5844 = AXIS2_PLACEMENT_3D('',#5845,#5846,#5847);
#5845 = CARTESIAN_POINT('',(39.560908311808,-100.,-20.61594919801));
#5846 = DIRECTION('',(0.,-1.,2.22044604925E-16));
#5847 = DIRECTION('',(0.766044443119,-1.427275208436E-16,-0.642787609687
    ));
#5848 = FACE_BOUND('',#5849,.T.);
#5849 = EDGE_LOOP('',(#5850,#5861,#5870));
#5850 = ORIENTED_EDGE('',*,*,#5851,.F.);
#5851 = EDGE_CURVE('',#5852,#5854,#5856,.T.);
#5852 = VERTEX_POINT('',#5853);
#5853 = CARTESIAN_POINT('',(-1.249609313946,-100.,24.96875));
#5854 = VERTEX_POINT('',#5855);
#5855 = CARTESIAN_POINT('',(-16.6302727552,-100.,45.691298874305));
#5856 = CIRCLE('',#5857,45.);
#5857 = AXIS2_PLACEMENT_3D('',#5858,#5859,#5860);
#5858 = CARTESIAN_POINT('',(-43.55709068341,-100.,9.636528368013));
#5859 = DIRECTION('',(0.,-1.,2.22044604925E-16));
#5860 = DIRECTION('',(0.766044443119,1.427275208436E-16,0.642787609687)
  );
#5861 = ORIENTED_EDGE('',*,*,#5862,.T.);
#5862 = EDGE_CURVE('',#5852,#5863,#5865,.T.);
#5863 = VERTEX_POINT('',#5864);
#5864 = CARTESIAN_POINT('',(-15.09234685834,-100.,19.93040557308));
#5865 = CIRCLE('',#5866,25.);
#5866 = AXIS2_PLACEMENT_3D('',#5867,#5868,#5869);
#5867 = CARTESIAN_POINT('',(0.,-100.,2.22044604925E-14));
#5868 = DIRECTION('',(0.,-1.,2.22044604925E-16));
#5869 = DIRECTION('',(0.766044443119,1.427275208436E-16,0.642787609687)
  );
#5870 = ORIENTED_EDGE('',*,*,#5871,.F.);
#5871 = EDGE_CURVE('',#5854,#5863,#5872,.T.);
#5872 = CIRCLE('',#5873,45.);
#5873 = AXIS2_PLACEMENT_3D('',#5874,#5875,#5876);
#5874 = CARTESIAN_POINT('',(27.172426241105,-100.,35.379967212564));
#5875 = DIRECTION('',(0.,-1.,2.22044604925E-16));
#5876 = DIRECTION('',(0.766044443119,1.427275208436E-16,0.642787609687)
  );
#5877 = FACE_BOUND('',#5878,.T.);
#5878 = EDGE_LOOP('',(#5879,#5890,#5899));
#5879 = ORIENTED_EDGE('',*,*,#5880,.F.);
#5880 = EDGE_CURVE('',#5881,#5883,#5885,.T.);
#5881 = VERTEX_POINT('',#5882);
#5882 = CARTESIAN_POINT('',(15.092346858343,-100.,19.93040557308));
#5883 = VERTEX_POINT('',#5884);
#5884 = CARTESIAN_POINT('',(16.630272755208,-100.,45.691298874305));
#5885 = CIRCLE('',#5886,45.);
#5886 = AXIS2_PLACEMENT_3D('',#5887,#5888,#5889);
#5887 = CARTESIAN_POINT('',(-27.1724262411,-100.,35.379967212564));
#5888 = DIRECTION('',(0.,-1.,2.22044604925E-16));
#5889 = DIRECTION('',(1.,0.,0.));
#5890 = ORIENTED_EDGE('',*,*,#5891,.T.);
#5891 = EDGE_CURVE('',#5881,#5892,#5894,.T.);
#5892 = VERTEX_POINT('',#5893);
#5893 = CARTESIAN_POINT('',(1.249609313946,-100.,24.96875));
#5894 = CIRCLE('',#5895,25.);
#5895 = AXIS2_PLACEMENT_3D('',#5896,#5897,#5898);
#5896 = CARTESIAN_POINT('',(0.,-100.,2.22044604925E-14));
#5897 = DIRECTION('',(0.,-1.,2.22044604925E-16));
#5898 = DIRECTION('',(1.,0.,0.));
#5899 = ORIENTED_EDGE('',*,*,#5900,.F.);
#5900 = EDGE_CURVE('',#5883,#5892,#5901,.T.);
#5901 = CIRCLE('',#5902,45.);
#5902 = AXIS2_PLACEMENT_3D('',#5903,#5904,#5905);
#5903 = CARTESIAN_POINT('',(43.557090683411,-100.,9.636528368013));
#5904 = DIRECTION('',(0.,-1.,2.22044604925E-16));
#5905 = DIRECTION('',(1.,0.,0.));
#5906 = FACE_BOUND('',#5907,.T.);
#5907 = EDGE_LOOP('',(#5908,#5919,#5928));
#5908 = ORIENTED_EDGE('',*,*,#5909,.F.);
#5909 = EDGE_CURVE('',#5910,#5912,#5914,.T.);
#5910 = VERTEX_POINT('',#5911);
#5911 = CARTESIAN_POINT('',(22.248376457716,-100.,-11.40218158931));
#5912 = VERTEX_POINT('',#5913);
#5913 = CARTESIAN_POINT('',(47.88496193466,-100.,-8.443410759278));
#5914 = CIRCLE('',#5915,45.);
#5915 = AXIS2_PLACEMENT_3D('',#5916,#5917,#5918);
#5916 = CARTESIAN_POINT('',(30.124023712694,-100.,32.90328286277));
#5917 = DIRECTION('',(0.,-1.,2.22044604925E-16));
#5918 = DIRECTION('',(0.173648177667,-2.186712484447E-16,-0.984807753012
    ));
#5919 = ORIENTED_EDGE('',*,*,#5920,.T.);
#5920 = EDGE_CURVE('',#5910,#5921,#5923,.T.);
#5921 = VERTEX_POINT('',#5922);
#5922 = CARTESIAN_POINT('',(24.806410963186,-100.,3.105152995511));
#5923 = CIRCLE('',#5924,25.);
#5924 = AXIS2_PLACEMENT_3D('',#5925,#5926,#5927);
#5925 = CARTESIAN_POINT('',(0.,-100.,2.22044604925E-14));
#5926 = DIRECTION('',(0.,-1.,2.22044604925E-16));
#5927 = DIRECTION('',(0.173648177667,-2.186712484447E-16,-0.984807753012
    ));
#5928 = ORIENTED_EDGE('',*,*,#5929,.F.);
#5929 = EDGE_CURVE('',#5912,#5921,#5930,.T.);
#5930 = CIRCLE('',#5931,45.);
#5931 = AXIS2_PLACEMENT_3D('',#5932,#5933,#5934);
#5932 = CARTESIAN_POINT('',(17.053737270589,-100.,-41.22199501353));
#5933 = DIRECTION('',(0.,-1.,2.22044604925E-16));
#5934 = DIRECTION('',(0.173648177667,-2.186712484447E-16,-0.984807753012
    ));
#5935 = FACE_BOUND('',#5936,.T.);
#5936 = EDGE_LOOP('',(#5937,#5948,#5957));
#5937 = ORIENTED_EDGE('',*,*,#5938,.F.);
#5938 = EDGE_CURVE('',#5939,#5941,#5943,.T.);
#5939 = VERTEX_POINT('',#5940);
#5940 = CARTESIAN_POINT('',(-24.80641096318,-100.,3.105152995511));
#5941 = VERTEX_POINT('',#5942);
#5942 = CARTESIAN_POINT('',(-47.88496193466,-100.,-8.443410759278));
#5943 = CIRCLE('',#5944,45.);
#5944 = AXIS2_PLACEMENT_3D('',#5945,#5946,#5947);
#5945 = CARTESIAN_POINT('',(-17.05373727058,-100.,-41.22199501353));
#5946 = DIRECTION('',(0.,-1.,2.22044604925E-16));
#5947 = DIRECTION('',(-0.5,1.922962686384E-16,0.866025403784));
#5948 = ORIENTED_EDGE('',*,*,#5949,.T.);
#5949 = EDGE_CURVE('',#5939,#5950,#5952,.T.);
#5950 = VERTEX_POINT('',#5951);
#5951 = CARTESIAN_POINT('',(-22.24837645771,-100.,-11.40218158931));
#5952 = CIRCLE('',#5953,25.);
#5953 = AXIS2_PLACEMENT_3D('',#5954,#5955,#5956);
#5954 = CARTESIAN_POINT('',(0.,-100.,2.22044604925E-14));
#5955 = DIRECTION('',(0.,-1.,2.22044604925E-16));
#5956 = DIRECTION('',(-0.5,1.922962686384E-16,0.866025403784));
#5957 = ORIENTED_EDGE('',*,*,#5958,.F.);
#5958 = EDGE_CURVE('',#5941,#5950,#5959,.T.);
#5959 = CIRCLE('',#5960,45.);
#5960 = AXIS2_PLACEMENT_3D('',#5961,#5962,#5963);
#5961 = CARTESIAN_POINT('',(-30.12402371269,-100.,32.90328286277));
#5962 = DIRECTION('',(0.,-1.,2.22044604925E-16));
#5963 = DIRECTION('',(-0.5,1.922962686384E-16,0.866025403784));
#5964 = FACE_BOUND('',#5965,.T.);
#5965 = EDGE_LOOP('',(#5966,#5977,#5986));
#5966 = ORIENTED_EDGE('',*,*,#5967,.F.);
#5967 = EDGE_CURVE('',#5968,#5970,#5972,.T.);
#5968 = VERTEX_POINT('',#5969);
#5969 = CARTESIAN_POINT('',(-7.365566802483,-100.,-23.8903416819));
#5970 = VERTEX_POINT('',#5971);
#5971 = CARTESIAN_POINT('',(3.552713678801E-15,-100.,-48.62366465758));
#5972 = CIRCLE('',#5973,45.);
#5973 = AXIS2_PLACEMENT_3D('',#5974,#5975,#5976);
#5974 = CARTESIAN_POINT('',(37.634389884514,-100.,-23.9527769958));
#5975 = DIRECTION('',(0.,-1.,2.22044604925E-16));
#5976 = DIRECTION('',(-0.939692620786,-7.594372760115E-17,
    -0.342020143326));
#5977 = ORIENTED_EDGE('',*,*,#5978,.T.);
#5978 = EDGE_CURVE('',#5968,#5979,#5981,.T.);
#5979 = VERTEX_POINT('',#5980);
#5980 = CARTESIAN_POINT('',(7.365566802483,-100.,-23.8903416819));
#5981 = CIRCLE('',#5982,25.);
#5982 = AXIS2_PLACEMENT_3D('',#5983,#5984,#5985);
#5983 = CARTESIAN_POINT('',(0.,-100.,2.22044604925E-14));
#5984 = DIRECTION('',(0.,-1.,2.22044604925E-16));
#5985 = DIRECTION('',(-0.939692620786,-7.594372760115E-17,
    -0.342020143326));
#5986 = ORIENTED_EDGE('',*,*,#5987,.F.);
#5987 = EDGE_CURVE('',#5970,#5979,#5988,.T.);
#5988 = CIRCLE('',#5989,45.);
#5989 = AXIS2_PLACEMENT_3D('',#5990,#5991,#5992);
#5990 = CARTESIAN_POINT('',(-37.63438988451,-100.,-23.9527769958));
#5991 = DIRECTION('',(0.,-1.,2.22044604925E-16));
#5992 = DIRECTION('',(-0.939692620786,-7.594372760115E-17,
    -0.342020143326));
#5993 = PLANE('',#5994);
#5994 = AXIS2_PLACEMENT_3D('',#5995,#5996,#5997);
#5995 = CARTESIAN_POINT('',(-1.088082847531E-15,-100.,2.10362683856E-14)
  );
#5996 = DIRECTION('',(-0.,-1.,-0.));
#5997 = DIRECTION('',(0.,0.,-1.));
#5998 = ADVANCED_FACE('',(#5999),#6005,.T.);
#5999 = FACE_BOUND('',#6000,.F.);
#6000 = EDGE_LOOP('',(#6001,#6002,#6003,#6004));
#6001 = ORIENTED_EDGE('',*,*,#3908,.T.);
#6002 = ORIENTED_EDGE('',*,*,#5160,.T.);
#6003 = ORIENTED_EDGE('',*,*,#3941,.F.);
#6004 = ORIENTED_EDGE('',*,*,#4141,.F.);
#6005 = CYLINDRICAL_SURFACE('',#6006,45.);
#6006 = AXIS2_PLACEMENT_3D('',#6007,#6008,#6009);
#6007 = CARTESIAN_POINT('',(-42.37451812739,2.66188747087E-15,
    11.988075421914));
#6008 = DIRECTION('',(0.,1.,-2.22044604925E-16));
#6009 = DIRECTION('',(0.766044443119,1.427275208436E-16,0.642787609687)
  );
#6010 = ADVANCED_FACE('',(#6011),#6041,.F.);
#6011 = FACE_BOUND('',#6012,.F.);
#6012 = EDGE_LOOP('',(#6013,#6014,#6015,#6016,#6017,#6018,#6019,#6020,
    #6021,#6022,#6023,#6030,#6031,#6032,#6033,#6034,#6035,#6036,#6037,
    #6038,#6039,#6040));
#6013 = ORIENTED_EDGE('',*,*,#4029,.F.);
#6014 = ORIENTED_EDGE('',*,*,#4038,.F.);
#6015 = ORIENTED_EDGE('',*,*,#4047,.F.);
#6016 = ORIENTED_EDGE('',*,*,#3964,.F.);
#6017 = ORIENTED_EDGE('',*,*,#3975,.F.);
#6018 = ORIENTED_EDGE('',*,*,#3984,.F.);
#6019 = ORIENTED_EDGE('',*,*,#3993,.F.);
#6020 = ORIENTED_EDGE('',*,*,#4002,.F.);
#6021 = ORIENTED_EDGE('',*,*,#4011,.F.);
#6022 = ORIENTED_EDGE('',*,*,#4020,.F.);
#6023 = ORIENTED_EDGE('',*,*,#6024,.T.);
#6024 = EDGE_CURVE('',#4021,#5013,#6025,.T.);
#6025 = CIRCLE('',#6026,400.);
#6026 = AXIS2_PLACEMENT_3D('',#6027,#6028,#6029);
#6027 = CARTESIAN_POINT('',(321.86269665968,-50.,0.));
#6028 = DIRECTION('',(0.,0.,1.));
#6029 = DIRECTION('',(1.,0.,0.));
#6030 = ORIENTED_EDGE('',*,*,#5021,.T.);
#6031 = ORIENTED_EDGE('',*,*,#5030,.T.);
#6032 = ORIENTED_EDGE('',*,*,#5039,.T.);
#6033 = ORIENTED_EDGE('',*,*,#5048,.T.);
#6034 = ORIENTED_EDGE('',*,*,#5057,.T.);
#6035 = ORIENTED_EDGE('',*,*,#5066,.T.);
#6036 = ORIENTED_EDGE('',*,*,#4983,.T.);
#6037 = ORIENTED_EDGE('',*,*,#4994,.T.);
#6038 = ORIENTED_EDGE('',*,*,#5003,.T.);
#6039 = ORIENTED_EDGE('',*,*,#5012,.T.);
#6040 = ORIENTED_EDGE('',*,*,#6024,.F.);
#6041 = SURFACE_OF_REVOLUTION('',#6042,#6047);
#6042 = CIRCLE('',#6043,400.);
#6043 = AXIS2_PLACEMENT_3D('',#6044,#6045,#6046);
#6044 = CARTESIAN_POINT('',(321.86269665968,-50.,0.));
#6045 = DIRECTION('',(0.,0.,1.));
#6046 = DIRECTION('',(1.,0.,0.));
#6047 = AXIS1_PLACEMENT('',#6048,#6049);
#6048 = CARTESIAN_POINT('',(0.,0.,0.));
#6049 = DIRECTION('',(0.,1.,0.));
#6050 = ADVANCED_FACE('',(#6051),#6077,.F.);
#6051 = FACE_BOUND('',#6052,.T.);
#6052 = EDGE_LOOP('',(#6053,#6054,#6055,#6056,#6057,#6058,#6059,#6060,
    #6065,#6066,#6067,#6068,#6069,#6070,#6071,#6072,#6073,#6074,#6075,
    #6076));
#6053 = ORIENTED_EDGE('',*,*,#5149,.T.);
#6054 = ORIENTED_EDGE('',*,*,#5140,.T.);
#6055 = ORIENTED_EDGE('',*,*,#5131,.T.);
#6056 = ORIENTED_EDGE('',*,*,#5122,.T.);
#6057 = ORIENTED_EDGE('',*,*,#5113,.T.);
#6058 = ORIENTED_EDGE('',*,*,#5104,.T.);
#6059 = ORIENTED_EDGE('',*,*,#5095,.T.);
#6060 = ORIENTED_EDGE('',*,*,#6061,.T.);
#6061 = EDGE_CURVE('',#5087,#4122,#6062,.T.);
#6062 = B_SPLINE_CURVE_WITH_KNOTS('',1,(#6063,#6064),.UNSPECIFIED.,.F.,
  .F.,(2,2),(-100.,0.),.PIECEWISE_BEZIER_KNOTS.);
#6063 = CARTESIAN_POINT('',(22.158174442775,-100.,3.907083997506));
#6064 = CARTESIAN_POINT('',(22.158174442775,8.675469226351E-16,
    3.907083997506));
#6065 = ORIENTED_EDGE('',*,*,#4121,.F.);
#6066 = ORIENTED_EDGE('',*,*,#4112,.F.);
#6067 = ORIENTED_EDGE('',*,*,#4103,.F.);
#6068 = ORIENTED_EDGE('',*,*,#4094,.F.);
#6069 = ORIENTED_EDGE('',*,*,#4085,.F.);
#6070 = ORIENTED_EDGE('',*,*,#4076,.F.);
#6071 = ORIENTED_EDGE('',*,*,#4067,.F.);
#6072 = ORIENTED_EDGE('',*,*,#4056,.F.);
#6073 = ORIENTED_EDGE('',*,*,#4130,.F.);
#6074 = ORIENTED_EDGE('',*,*,#6061,.F.);
#6075 = ORIENTED_EDGE('',*,*,#5086,.T.);
#6076 = ORIENTED_EDGE('',*,*,#5075,.T.);
#6077 = CYLINDRICAL_SURFACE('',#6078,22.5);
#6078 = AXIS2_PLACEMENT_3D('',#6079,#6080,#6081);
#6079 = CARTESIAN_POINT('',(0.,0.,0.));
#6080 = DIRECTION('',(0.,1.,-2.22044604925E-16));
#6081 = DIRECTION('',(1.,0.,0.));
#6082 = ADVANCED_FACE('',(#6083),#6099,.T.);
#6083 = FACE_BOUND('',#6084,.F.);
#6084 = EDGE_LOOP('',(#6085,#6091,#6092,#6098));
#6085 = ORIENTED_EDGE('',*,*,#6086,.T.);
#6086 = EDGE_CURVE('',#4152,#5171,#6087,.T.);
#6087 = LINE('',#6088,#6089);
#6088 = CARTESIAN_POINT('',(-26.72181200251,1.046224535775E-15,
    4.711776429463));
#6089 = VECTOR('',#6090,1.);
#6090 = DIRECTION('',(0.,-1.,2.22044604925E-16));
#6091 = ORIENTED_EDGE('',*,*,#5170,.T.);
#6092 = ORIENTED_EDGE('',*,*,#6093,.F.);
#6093 = EDGE_CURVE('',#4154,#5173,#6094,.T.);
#6094 = LINE('',#6095,#6096);
#6095 = CARTESIAN_POINT('',(-50.40962689976,-1.613163328293E-15,
    -7.26504176419));
#6096 = VECTOR('',#6097,1.);
#6097 = DIRECTION('',(2.465190328816E-32,-1.,2.22044604925E-16));
#6098 = ORIENTED_EDGE('',*,*,#4151,.F.);
#6099 = CYLINDRICAL_SURFACE('',#6100,45.);
#6100 = AXIS2_PLACEMENT_3D('',#6101,#6102,#6103);
#6101 = CARTESIAN_POINT('',(-19.16420747153,-8.803856872689E-15,
    -39.64904653126));
#6102 = DIRECTION('',(-2.465190328816E-32,1.,-2.22044604925E-16));
#6103 = DIRECTION('',(-0.5,1.922962686384E-16,0.866025403784));
#6104 = ADVANCED_FACE('',(#6105),#6116,.T.);
#6105 = FACE_BOUND('',#6106,.F.);
#6106 = EDGE_LOOP('',(#6107,#6113,#6114,#6115));
#6107 = ORIENTED_EDGE('',*,*,#6108,.T.);
#6108 = EDGE_CURVE('',#4163,#5191,#6109,.T.);
#6109 = LINE('',#6110,#6111);
#6110 = CARTESIAN_POINT('',(-44.88476378882,5.344172649471E-15,
    24.068013952761));
#6111 = VECTOR('',#6112,1.);
#6112 = DIRECTION('',(0.,-1.,2.22044604925E-16));
#6113 = ORIENTED_EDGE('',*,*,#5199,.T.);
#6114 = ORIENTED_EDGE('',*,*,#6086,.F.);
#6115 = ORIENTED_EDGE('',*,*,#4162,.F.);
#6116 = CYLINDRICAL_SURFACE('',#6117,45.);
#6117 = AXIS2_PLACEMENT_3D('',#6118,#6119,#6120);
#6118 = CARTESIAN_POINT('',(-4.447691766859,9.728320689631E-15,
    43.812461432765));
#6119 = DIRECTION('',(0.,1.,-2.22044604925E-16));
#6120 = DIRECTION('',(0.173648177667,2.186712484447E-16,0.984807753012)
  );
#6121 = ADVANCED_FACE('',(#6122),#6133,.F.);
#6122 = FACE_BOUND('',#6123,.T.);
#6123 = EDGE_LOOP('',(#6124,#6125,#6126,#6132));
#6124 = ORIENTED_EDGE('',*,*,#6108,.T.);
#6125 = ORIENTED_EDGE('',*,*,#5190,.T.);
#6126 = ORIENTED_EDGE('',*,*,#6127,.F.);
#6127 = EDGE_CURVE('',#4172,#5182,#6128,.T.);
#6128 = LINE('',#6129,#6130);
#6129 = CARTESIAN_POINT('',(-70.16755240212,2.747231921678E-15,
    12.372432658769));
#6130 = VECTOR('',#6131,1.);
#6131 = DIRECTION('',(0.,-1.,2.22044604925E-16));
#6132 = ORIENTED_EDGE('',*,*,#4171,.F.);
#6133 = CYLINDRICAL_SURFACE('',#6134,45.);
#6134 = AXIS2_PLACEMENT_3D('',#6135,#6136,#6137);
#6135 = CARTESIAN_POINT('',(-39.5609083118,-4.577660294828E-15,
    -20.61594919801));
#6136 = DIRECTION('',(0.,1.,-2.22044604925E-16));
#6137 = DIRECTION('',(0.173648177667,2.186712484447E-16,0.984807753012)
  );
#6138 = ADVANCED_FACE('',(#6139),#6145,.F.);
#6139 = FACE_BOUND('',#6140,.T.);
#6140 = EDGE_LOOP('',(#6141,#6142,#6143,#6144));
#6141 = ORIENTED_EDGE('',*,*,#6127,.T.);
#6142 = ORIENTED_EDGE('',*,*,#5181,.T.);
#6143 = ORIENTED_EDGE('',*,*,#6093,.F.);
#6144 = ORIENTED_EDGE('',*,*,#4180,.F.);
#6145 = CYLINDRICAL_SURFACE('',#6146,45.);
#6146 = AXIS2_PLACEMENT_3D('',#6147,#6148,#6149);
#6147 = CARTESIAN_POINT('',(-30.12402371269,7.305996444E-15,
    32.90328286277));
#6148 = DIRECTION('',(-2.465190328816E-32,1.,-2.22044604925E-16));
#6149 = DIRECTION('',(-0.5,1.922962686384E-16,0.866025403784));
#6150 = ADVANCED_FACE('',(#6151),#6167,.T.);
#6151 = FACE_BOUND('',#6152,.F.);
#6152 = EDGE_LOOP('',(#6153,#6159,#6160,#6166));
#6153 = ORIENTED_EDGE('',*,*,#6154,.T.);
#6154 = EDGE_CURVE('',#4190,#5209,#6155,.T.);
#6155 = LINE('',#6156,#6157);
#6156 = CARTESIAN_POINT('',(26.721812002518,1.046224535775E-15,
    4.711776429463));
#6157 = VECTOR('',#6158,1.);
#6158 = DIRECTION('',(0.,-1.,2.22044604925E-16));
#6159 = ORIENTED_EDGE('',*,*,#5208,.T.);
#6160 = ORIENTED_EDGE('',*,*,#6161,.F.);
#6161 = EDGE_CURVE('',#4192,#5211,#6162,.T.);
#6162 = LINE('',#6163,#6164);
#6163 = CARTESIAN_POINT('',(44.884763788822,5.344172649471E-15,
    24.068013952761));
#6164 = VECTOR('',#6165,1.);
#6165 = DIRECTION('',(0.,-1.,2.22044604925E-16));
#6166 = ORIENTED_EDGE('',*,*,#4189,.F.);
#6167 = CYLINDRICAL_SURFACE('',#6168,45.);
#6168 = AXIS2_PLACEMENT_3D('',#6169,#6170,#6171);
#6169 = CARTESIAN_POINT('',(4.447691766859,9.728320689631E-15,
    43.812461432765));
#6170 = DIRECTION('',(0.,1.,-2.22044604925E-16));
#6171 = DIRECTION('',(0.766044443119,-1.427275208436E-16,-0.642787609687
    ));
#6172 = ADVANCED_FACE('',(#6173),#6184,.T.);
#6173 = FACE_BOUND('',#6174,.F.);
#6174 = EDGE_LOOP('',(#6175,#6181,#6182,#6183));
#6175 = ORIENTED_EDGE('',*,*,#6176,.T.);
#6176 = EDGE_CURVE('',#4201,#5229,#6177,.T.);
#6177 = LINE('',#6178,#6179);
#6178 = CARTESIAN_POINT('',(50.409626899762,-1.613163328293E-15,
    -7.26504176419));
#6179 = VECTOR('',#6180,1.);
#6180 = DIRECTION('',(0.,-1.,2.22044604925E-16));
#6181 = ORIENTED_EDGE('',*,*,#5237,.T.);
#6182 = ORIENTED_EDGE('',*,*,#6154,.F.);
#6183 = ORIENTED_EDGE('',*,*,#4200,.F.);
#6184 = CYLINDRICAL_SURFACE('',#6185,45.);
#6185 = AXIS2_PLACEMENT_3D('',#6186,#6187,#6188);
#6186 = CARTESIAN_POINT('',(19.164207471532,-8.803856872689E-15,
    -39.64904653126));
#6187 = DIRECTION('',(0.,1.,-2.22044604925E-16));
#6188 = DIRECTION('',(0.173648177667,-2.186712484447E-16,-0.984807753012
    ));
#6189 = ADVANCED_FACE('',(#6190),#6201,.F.);
#6190 = FACE_BOUND('',#6191,.T.);
#6191 = EDGE_LOOP('',(#6192,#6193,#6194,#6200));
#6192 = ORIENTED_EDGE('',*,*,#6176,.T.);
#6193 = ORIENTED_EDGE('',*,*,#5228,.T.);
#6194 = ORIENTED_EDGE('',*,*,#6195,.F.);
#6195 = EDGE_CURVE('',#4210,#5220,#6196,.T.);
#6196 = LINE('',#6197,#6198);
#6197 = CARTESIAN_POINT('',(70.16755240212,2.747231921678E-15,
    12.372432658769));
#6198 = VECTOR('',#6199,1.);
#6199 = DIRECTION('',(0.,-1.,2.22044604925E-16));
#6200 = ORIENTED_EDGE('',*,*,#4209,.F.);
#6201 = CYLINDRICAL_SURFACE('',#6202,45.);
#6202 = AXIS2_PLACEMENT_3D('',#6203,#6204,#6205);
#6203 = CARTESIAN_POINT('',(30.124023712694,7.305996444E-15,
    32.90328286277));
#6204 = DIRECTION('',(0.,1.,-2.22044604925E-16));
#6205 = DIRECTION('',(0.173648177667,-2.186712484447E-16,-0.984807753012
    ));
#6206 = ADVANCED_FACE('',(#6207),#6213,.F.);
#6207 = FACE_BOUND('',#6208,.T.);
#6208 = EDGE_LOOP('',(#6209,#6210,#6211,#6212));
#6209 = ORIENTED_EDGE('',*,*,#6195,.T.);
#6210 = ORIENTED_EDGE('',*,*,#5219,.T.);
#6211 = ORIENTED_EDGE('',*,*,#6161,.F.);
#6212 = ORIENTED_EDGE('',*,*,#4218,.F.);
#6213 = CYLINDRICAL_SURFACE('',#6214,45.);
#6214 = AXIS2_PLACEMENT_3D('',#6215,#6216,#6217);
#6215 = CARTESIAN_POINT('',(39.560908311808,-4.577660294828E-15,
    -20.61594919801));
#6216 = DIRECTION('',(0.,1.,-2.22044604925E-16));
#6217 = DIRECTION('',(0.766044443119,-1.427275208436E-16,-0.642787609687
    ));
#6218 = ADVANCED_FACE('',(#6219),#6235,.T.);
#6219 = FACE_BOUND('',#6220,.F.);
#6220 = EDGE_LOOP('',(#6221,#6227,#6228,#6234));
#6221 = ORIENTED_EDGE('',*,*,#6222,.T.);
#6222 = EDGE_CURVE('',#4228,#5247,#6223,.T.);
#6223 = LINE('',#6224,#6225);
#6224 = CARTESIAN_POINT('',(-9.280387916391,-5.661617007228E-15,
    -25.49765624406));
#6225 = VECTOR('',#6226,1.);
#6226 = DIRECTION('',(0.,-1.,2.22044604925E-16));
#6227 = ORIENTED_EDGE('',*,*,#5246,.T.);
#6228 = ORIENTED_EDGE('',*,*,#6229,.F.);
#6229 = EDGE_CURVE('',#4230,#5249,#6230,.T.);
#6230 = LINE('',#6231,#6232);
#6231 = CARTESIAN_POINT('',(-1.598870392682,-1.130325892004E-14,
    -50.90535266036));
#6232 = VECTOR('',#6233,1.);
#6233 = DIRECTION('',(0.,-1.,2.22044604925E-16));
#6234 = ORIENTED_EDGE('',*,*,#4227,.F.);
#6235 = CYLINDRICAL_SURFACE('',#6236,45.);
#6236 = AXIS2_PLACEMENT_3D('',#6237,#6238,#6239);
#6237 = CARTESIAN_POINT('',(35.718858719671,-5.719434875636E-15,
    -25.75804477468));
#6238 = DIRECTION('',(0.,1.,-2.22044604925E-16));
#6239 = DIRECTION('',(-0.939692620786,-7.594372760115E-17,
    -0.342020143326));
#6240 = ADVANCED_FACE('',(#6241),#6252,.T.);
#6241 = FACE_BOUND('',#6242,.F.);
#6242 = EDGE_LOOP('',(#6243,#6249,#6250,#6251));
#6243 = ORIENTED_EDGE('',*,*,#6244,.T.);
#6244 = EDGE_CURVE('',#4239,#5267,#6245,.T.);
#6245 = LINE('',#6246,#6247);
#6246 = CARTESIAN_POINT('',(-31.49652417722,-8.887001492129E-15,
    -40.02349660839));
#6247 = VECTOR('',#6248,1.);
#6248 = DIRECTION('',(0.,-1.,2.22044604925E-16));
#6249 = ORIENTED_EDGE('',*,*,#5275,.T.);
#6250 = ORIENTED_EDGE('',*,*,#6222,.F.);
#6251 = ORIENTED_EDGE('',*,*,#4238,.F.);
#6252 = CYLINDRICAL_SURFACE('',#6253,45.);
#6253 = AXIS2_PLACEMENT_3D('',#6254,#6255,#6256);
#6254 = CARTESIAN_POINT('',(-43.91918526767,7.167228481577E-16,
    3.227832751891));
#6255 = DIRECTION('',(0.,1.,-2.22044604925E-16));
#6256 = DIRECTION('',(-0.939692620786,7.594372760115E-17,0.342020143326)
  );
#6257 = ADVANCED_FACE('',(#6258),#6269,.F.);
#6258 = FACE_BOUND('',#6259,.T.);
#6259 = EDGE_LOOP('',(#6260,#6261,#6262,#6268));
#6260 = ORIENTED_EDGE('',*,*,#6244,.T.);
#6261 = ORIENTED_EDGE('',*,*,#5266,.T.);
#6262 = ORIENTED_EDGE('',*,*,#6263,.F.);
#6263 = EDGE_CURVE('',#4248,#5258,#6264,.T.);
#6264 = LINE('',#6265,#6266);
#6265 = CARTESIAN_POINT('',(-24.36893521195,-1.486657446725E-14,
    -66.95309923099));
#6266 = VECTOR('',#6267,1.);
#6267 = DIRECTION('',(0.,-1.,2.22044604925E-16));
#6268 = ORIENTED_EDGE('',*,*,#4247,.F.);
#6269 = CYLINDRICAL_SURFACE('',#6270,45.);
#6270 = AXIS2_PLACEMENT_3D('',#6271,#6272,#6273);
#6271 = CARTESIAN_POINT('',(13.433066970717,-9.445735578325E-15,
    -42.53981123078));
#6272 = DIRECTION('',(0.,1.,-2.22044604925E-16));
#6273 = DIRECTION('',(-0.939692620786,7.594372760115E-17,0.342020143326)
  );
#6274 = ADVANCED_FACE('',(#6275),#6281,.F.);
#6275 = FACE_BOUND('',#6276,.T.);
#6276 = EDGE_LOOP('',(#6277,#6278,#6279,#6280));
#6277 = ORIENTED_EDGE('',*,*,#6263,.T.);
#6278 = ORIENTED_EDGE('',*,*,#5257,.T.);
#6279 = ORIENTED_EDGE('',*,*,#6229,.F.);
#6280 = ORIENTED_EDGE('',*,*,#4256,.F.);
#6281 = CYLINDRICAL_SURFACE('',#6282,45.);
#6282 = AXIS2_PLACEMENT_3D('',#6283,#6284,#6285);
#6283 = CARTESIAN_POINT('',(-37.63438988451,-5.318584904891E-15,
    -23.9527769958));
#6284 = DIRECTION('',(0.,1.,-2.22044604925E-16));
#6285 = DIRECTION('',(-0.939692620786,-7.594372760115E-17,
    -0.342020143326));
#6286 = ADVANCED_FACE('',(#6287),#6303,.T.);
#6287 = FACE_BOUND('',#6288,.F.);
#6288 = EDGE_LOOP('',(#6289,#6295,#6296,#6302));
#6289 = ORIENTED_EDGE('',*,*,#6290,.T.);
#6290 = EDGE_CURVE('',#4266,#5285,#6291,.T.);
#6291 = LINE('',#6292,#6293);
#6292 = CARTESIAN_POINT('',(9.280387916391,-5.661617007228E-15,
    -25.49765624406));
#6293 = VECTOR('',#6294,1.);
#6294 = DIRECTION('',(0.,-1.,2.22044604925E-16));
#6295 = ORIENTED_EDGE('',*,*,#5284,.T.);
#6296 = ORIENTED_EDGE('',*,*,#6297,.F.);
#6297 = EDGE_CURVE('',#4268,#5287,#6298,.T.);
#6298 = LINE('',#6299,#6300);
#6299 = CARTESIAN_POINT('',(31.496524177224,-8.887001492129E-15,
    -40.02349660839));
#6300 = VECTOR('',#6301,1.);
#6301 = DIRECTION('',(0.,-1.,2.22044604925E-16));
#6302 = ORIENTED_EDGE('',*,*,#4265,.F.);
#6303 = CYLINDRICAL_SURFACE('',#6304,45.);
#6304 = AXIS2_PLACEMENT_3D('',#6305,#6306,#6307);
#6305 = CARTESIAN_POINT('',(43.919185267674,7.167228481577E-16,
    3.227832751891));
#6306 = DIRECTION('',(0.,1.,-2.22044604925E-16));
#6307 = DIRECTION('',(-0.5,-1.922962686384E-16,-0.866025403784));
#6308 = ADVANCED_FACE('',(#6309),#6320,.T.);
#6309 = FACE_BOUND('',#6310,.F.);
#6310 = EDGE_LOOP('',(#6311,#6317,#6318,#6319));
#6311 = ORIENTED_EDGE('',*,*,#6312,.T.);
#6312 = EDGE_CURVE('',#4277,#5305,#6313,.T.);
#6313 = LINE('',#6314,#6315);
#6314 = CARTESIAN_POINT('',(1.598870392682,-1.130325892004E-14,
    -50.90535266036));
#6315 = VECTOR('',#6316,1.);
#6316 = DIRECTION('',(0.,-1.,2.22044604925E-16));
#6317 = ORIENTED_EDGE('',*,*,#5313,.T.);
#6318 = ORIENTED_EDGE('',*,*,#6290,.F.);
#6319 = ORIENTED_EDGE('',*,*,#4276,.F.);
#6320 = CYLINDRICAL_SURFACE('',#6321,45.);
#6321 = AXIS2_PLACEMENT_3D('',#6322,#6323,#6324);
#6322 = CARTESIAN_POINT('',(-35.71885871967,-5.719434875636E-15,
    -25.75804477468));
#6323 = DIRECTION('',(0.,1.,-2.22044604925E-16));
#6324 = DIRECTION('',(-0.939692620786,-7.594372760115E-17,
    -0.342020143326));
#6325 = ADVANCED_FACE('',(#6326),#6337,.F.);
#6326 = FACE_BOUND('',#6327,.T.);
#6327 = EDGE_LOOP('',(#6328,#6329,#6330,#6336));
#6328 = ORIENTED_EDGE('',*,*,#6312,.T.);
#6329 = ORIENTED_EDGE('',*,*,#5304,.T.);
#6330 = ORIENTED_EDGE('',*,*,#6331,.F.);
#6331 = EDGE_CURVE('',#4286,#5296,#6332,.T.);
#6332 = LINE('',#6333,#6334);
#6333 = CARTESIAN_POINT('',(24.368935211954,-1.486657446725E-14,
    -66.95309923099));
#6334 = VECTOR('',#6335,1.);
#6335 = DIRECTION('',(0.,-1.,2.22044604925E-16));
#6336 = ORIENTED_EDGE('',*,*,#4285,.F.);
#6337 = CYLINDRICAL_SURFACE('',#6338,45.);
#6338 = AXIS2_PLACEMENT_3D('',#6339,#6340,#6341);
#6339 = CARTESIAN_POINT('',(37.634389884514,-5.318584904891E-15,
    -23.9527769958));
#6340 = DIRECTION('',(0.,1.,-2.22044604925E-16));
#6341 = DIRECTION('',(-0.939692620786,-7.594372760115E-17,
    -0.342020143326));
#6342 = ADVANCED_FACE('',(#6343),#6349,.F.);
#6343 = FACE_BOUND('',#6344,.T.);
#6344 = EDGE_LOOP('',(#6345,#6346,#6347,#6348));
#6345 = ORIENTED_EDGE('',*,*,#6331,.T.);
#6346 = ORIENTED_EDGE('',*,*,#5295,.T.);
#6347 = ORIENTED_EDGE('',*,*,#6297,.F.);
#6348 = ORIENTED_EDGE('',*,*,#4294,.F.);
#6349 = CYLINDRICAL_SURFACE('',#6350,45.);
#6350 = AXIS2_PLACEMENT_3D('',#6351,#6352,#6353);
#6351 = CARTESIAN_POINT('',(-13.43306697071,-9.445735578325E-15,
    -42.53981123078));
#6352 = DIRECTION('',(0.,1.,-2.22044604925E-16));
#6353 = DIRECTION('',(-0.5,-1.922962686384E-16,-0.866025403784));
#6354 = ADVANCED_FACE('',(#6355),#6371,.T.);
#6355 = FACE_BOUND('',#6356,.F.);
#6356 = EDGE_LOOP('',(#6357,#6363,#6364,#6370));
#6357 = ORIENTED_EDGE('',*,*,#6358,.T.);
#6358 = EDGE_CURVE('',#4304,#5323,#6359,.T.);
#6359 = LINE('',#6360,#6361);
#6360 = CARTESIAN_POINT('',(-22.73317948109,-1.528636817025E-14,
    -68.84368199537));
#6361 = VECTOR('',#6362,1.);
#6362 = DIRECTION('',(0.,-1.,2.22044604925E-16));
#6363 = ORIENTED_EDGE('',*,*,#5322,.T.);
#6364 = ORIENTED_EDGE('',*,*,#6365,.F.);
#6365 = EDGE_CURVE('',#4306,#5325,#6366,.T.);
#6366 = LINE('',#6367,#6368);
#6367 = CARTESIAN_POINT('',(7.105427357601E-15,-1.179698324176E-14,
    -53.12888933169));
#6368 = VECTOR('',#6369,1.);
#6369 = DIRECTION('',(0.,-1.,2.22044604925E-16));
#6370 = ORIENTED_EDGE('',*,*,#4303,.F.);
#6371 = CYLINDRICAL_SURFACE('',#6372,45.);
#6372 = AXIS2_PLACEMENT_3D('',#6373,#6374,#6375);
#6373 = CARTESIAN_POINT('',(-35.71885871967,-5.719434875636E-15,
    -25.75804477468));
#6374 = DIRECTION('',(0.,1.,-2.22044604925E-16));
#6375 = DIRECTION('',(-0.939692620786,-7.594372760115E-17,
    -0.342020143326));
#6376 = ADVANCED_FACE('',(#6377),#6388,.F.);
#6377 = FACE_BOUND('',#6378,.T.);
#6378 = EDGE_LOOP('',(#6379,#6380,#6381,#6387));
#6379 = ORIENTED_EDGE('',*,*,#6358,.T.);
#6380 = ORIENTED_EDGE('',*,*,#5342,.T.);
#6381 = ORIENTED_EDGE('',*,*,#6382,.F.);
#6382 = EDGE_CURVE('',#4315,#5334,#6383,.T.);
#6383 = LINE('',#6384,#6385);
#6384 = CARTESIAN_POINT('',(22.733179481096,-1.528636817025E-14,
    -68.84368199537));
#6385 = VECTOR('',#6386,1.);
#6386 = DIRECTION('',(0.,-1.,2.22044604925E-16));
#6387 = ORIENTED_EDGE('',*,*,#4314,.F.);
#6388 = CYLINDRICAL_SURFACE('',#6389,72.5);
#6389 = AXIS2_PLACEMENT_3D('',#6390,#6391,#6392);
#6390 = CARTESIAN_POINT('',(0.,0.,0.));
#6391 = DIRECTION('',(0.,1.,-2.22044604925E-16));
#6392 = DIRECTION('',(-0.939692620786,-7.594372760115E-17,
    -0.342020143326));
#6393 = ADVANCED_FACE('',(#6394),#6400,.T.);
#6394 = FACE_BOUND('',#6395,.F.);
#6395 = EDGE_LOOP('',(#6396,#6397,#6398,#6399));
#6396 = ORIENTED_EDGE('',*,*,#6365,.T.);
#6397 = ORIENTED_EDGE('',*,*,#5333,.T.);
#6398 = ORIENTED_EDGE('',*,*,#6382,.F.);
#6399 = ORIENTED_EDGE('',*,*,#4323,.F.);
#6400 = CYLINDRICAL_SURFACE('',#6401,45.);
#6401 = AXIS2_PLACEMENT_3D('',#6402,#6403,#6404);
#6402 = CARTESIAN_POINT('',(35.718858719671,-5.719434875636E-15,
    -25.75804477468));
#6403 = DIRECTION('',(0.,1.,-2.22044604925E-16));
#6404 = DIRECTION('',(-0.939692620786,-7.594372760115E-17,
    -0.342020143326));
#6405 = ADVANCED_FACE('',(#6406),#6422,.T.);
#6406 = FACE_BOUND('',#6407,.F.);
#6407 = EDGE_LOOP('',(#6408,#6414,#6415,#6421));
#6408 = ORIENTED_EDGE('',*,*,#6409,.T.);
#6409 = EDGE_CURVE('',#4333,#5352,#6410,.T.);
#6410 = LINE('',#6411,#6412);
#6411 = CARTESIAN_POINT('',(-71.74536696441,2.31664276234E-15,
    10.433231481223));
#6412 = VECTOR('',#6413,1.);
#6413 = DIRECTION('',(2.465190328816E-32,-1.,2.22044604925E-16));
#6414 = ORIENTED_EDGE('',*,*,#5351,.T.);
#6415 = ORIENTED_EDGE('',*,*,#6416,.F.);
#6416 = EDGE_CURVE('',#4335,#5354,#6417,.T.);
#6417 = LINE('',#6418,#6419);
#6418 = CARTESIAN_POINT('',(-52.32174212278,-2.048524641899E-15,
    -9.225734813918));
#6419 = VECTOR('',#6420,1.);
#6420 = DIRECTION('',(2.465190328816E-32,-1.,2.22044604925E-16));
#6421 = ORIENTED_EDGE('',*,*,#4332,.F.);
#6422 = CYLINDRICAL_SURFACE('',#6423,45.);
#6423 = AXIS2_PLACEMENT_3D('',#6424,#6425,#6426);
#6424 = CARTESIAN_POINT('',(-31.56923692155,6.817517985811E-15,
    30.703371460492));
#6425 = DIRECTION('',(-2.465190328816E-32,1.,-2.22044604925E-16));
#6426 = DIRECTION('',(-0.5,1.922962686384E-16,0.866025403784));
#6427 = ADVANCED_FACE('',(#6428),#6439,.F.);
#6428 = FACE_BOUND('',#6429,.T.);
#6429 = EDGE_LOOP('',(#6430,#6431,#6432,#6438));
#6430 = ORIENTED_EDGE('',*,*,#6409,.T.);
#6431 = ORIENTED_EDGE('',*,*,#5371,.T.);
#6432 = ORIENTED_EDGE('',*,*,#6433,.F.);
#6433 = EDGE_CURVE('',#4344,#5363,#6434,.T.);
#6434 = LINE('',#6435,#6436);
#6435 = CARTESIAN_POINT('',(-63.85021658548,-7.625542714158E-15,
    -34.34239132598));
#6436 = VECTOR('',#6437,1.);
#6437 = DIRECTION('',(2.465190328816E-32,-1.,2.22044604925E-16));
#6438 = ORIENTED_EDGE('',*,*,#4343,.F.);
#6439 = CYLINDRICAL_SURFACE('',#6440,72.5);
#6440 = AXIS2_PLACEMENT_3D('',#6441,#6442,#6443);
#6441 = CARTESIAN_POINT('',(0.,0.,0.));
#6442 = DIRECTION('',(-2.465190328816E-32,1.,-2.22044604925E-16));
#6443 = DIRECTION('',(-0.5,1.922962686384E-16,0.866025403784));
#6444 = ADVANCED_FACE('',(#6445),#6451,.T.);
#6445 = FACE_BOUND('',#6446,.F.);
#6446 = EDGE_LOOP('',(#6447,#6448,#6449,#6450));
#6447 = ORIENTED_EDGE('',*,*,#6416,.T.);
#6448 = ORIENTED_EDGE('',*,*,#5362,.T.);
#6449 = ORIENTED_EDGE('',*,*,#6433,.F.);
#6450 = ORIENTED_EDGE('',*,*,#4352,.F.);
#6451 = CYLINDRICAL_SURFACE('',#6452,45.);
#6452 = AXIS2_PLACEMENT_3D('',#6453,#6454,#6455);
#6453 = CARTESIAN_POINT('',(-19.16420747153,-8.803856872689E-15,
    -39.64904653126));
#6454 = DIRECTION('',(-2.465190328816E-32,1.,-2.22044604925E-16));
#6455 = DIRECTION('',(-0.5,1.922962686384E-16,0.866025403784));
#6456 = ADVANCED_FACE('',(#6457),#6473,.T.);
#6457 = FACE_BOUND('',#6458,.F.);
#6458 = EDGE_LOOP('',(#6459,#6465,#6466,#6472));
#6459 = ORIENTED_EDGE('',*,*,#6460,.T.);
#6460 = EDGE_CURVE('',#4362,#5381,#6461,.T.);
#6461 = LINE('',#6462,#6463);
#6462 = CARTESIAN_POINT('',(63.850216585484,-7.625542714158E-15,
    -34.34239132598));
#6463 = VECTOR('',#6464,1.);
#6464 = DIRECTION('',(0.,-1.,2.22044604925E-16));
#6465 = ORIENTED_EDGE('',*,*,#5380,.T.);
#6466 = ORIENTED_EDGE('',*,*,#6467,.F.);
#6467 = EDGE_CURVE('',#4364,#5383,#6468,.T.);
#6468 = LINE('',#6469,#6470);
#6469 = CARTESIAN_POINT('',(52.321742122785,-2.048524641899E-15,
    -9.225734813918));
#6470 = VECTOR('',#6471,1.);
#6471 = DIRECTION('',(0.,-1.,2.22044604925E-16));
#6472 = ORIENTED_EDGE('',*,*,#4361,.F.);
#6473 = CYLINDRICAL_SURFACE('',#6474,45.);
#6474 = AXIS2_PLACEMENT_3D('',#6475,#6476,#6477);
#6475 = CARTESIAN_POINT('',(19.164207471532,-8.803856872689E-15,
    -39.64904653126));
#6476 = DIRECTION('',(0.,1.,-2.22044604925E-16));
#6477 = DIRECTION('',(0.173648177667,-2.186712484447E-16,-0.984807753012
    ));
#6478 = ADVANCED_FACE('',(#6479),#6490,.F.);
#6479 = FACE_BOUND('',#6480,.T.);
#6480 = EDGE_LOOP('',(#6481,#6482,#6483,#6489));
#6481 = ORIENTED_EDGE('',*,*,#6460,.T.);
#6482 = ORIENTED_EDGE('',*,*,#5400,.T.);
#6483 = ORIENTED_EDGE('',*,*,#6484,.F.);
#6484 = EDGE_CURVE('',#4373,#5392,#6485,.T.);
#6485 = LINE('',#6486,#6487);
#6486 = CARTESIAN_POINT('',(71.74536696442,2.31664276234E-15,
    10.433231481223));
#6487 = VECTOR('',#6488,1.);
#6488 = DIRECTION('',(0.,-1.,2.22044604925E-16));
#6489 = ORIENTED_EDGE('',*,*,#4372,.F.);
#6490 = CYLINDRICAL_SURFACE('',#6491,72.5);
#6491 = AXIS2_PLACEMENT_3D('',#6492,#6493,#6494);
#6492 = CARTESIAN_POINT('',(0.,0.,0.));
#6493 = DIRECTION('',(0.,1.,-2.22044604925E-16));
#6494 = DIRECTION('',(0.173648177667,-2.186712484447E-16,-0.984807753012
    ));
#6495 = ADVANCED_FACE('',(#6496),#6502,.T.);
#6496 = FACE_BOUND('',#6497,.F.);
#6497 = EDGE_LOOP('',(#6498,#6499,#6500,#6501));
#6498 = ORIENTED_EDGE('',*,*,#6467,.T.);
#6499 = ORIENTED_EDGE('',*,*,#5391,.T.);
#6500 = ORIENTED_EDGE('',*,*,#6484,.F.);
#6501 = ORIENTED_EDGE('',*,*,#4381,.F.);
#6502 = CYLINDRICAL_SURFACE('',#6503,45.);
#6503 = AXIS2_PLACEMENT_3D('',#6504,#6505,#6506);
#6504 = CARTESIAN_POINT('',(31.569236921559,6.817517985811E-15,
    30.703371460492));
#6505 = DIRECTION('',(0.,1.,-2.22044604925E-16));
#6506 = DIRECTION('',(0.173648177667,-2.186712484447E-16,-0.984807753012
    ));
#6507 = ADVANCED_FACE('',(#6508),#6524,.T.);
#6508 = FACE_BOUND('',#6509,.F.);
#6509 = EDGE_LOOP('',(#6510,#6516,#6517,#6523));
#6510 = ORIENTED_EDGE('',*,*,#6511,.T.);
#6511 = EDGE_CURVE('',#4391,#5410,#6512,.T.);
#6512 = LINE('',#6513,#6514);
#6513 = CARTESIAN_POINT('',(-2.183724977737,1.609092975822E-14,
    72.467105263158));
#6514 = VECTOR('',#6515,1.);
#6515 = DIRECTION('',(0.,-1.,2.22044604925E-16));
#6516 = ORIENTED_EDGE('',*,*,#5409,.T.);
#6517 = ORIENTED_EDGE('',*,*,#6518,.F.);
#6518 = EDGE_CURVE('',#4393,#5412,#6519,.T.);
#6519 = LINE('',#6520,#6521);
#6520 = CARTESIAN_POINT('',(-18.17115034396,1.108553809982E-14,
    49.924825255549));
#6521 = VECTOR('',#6522,1.);
#6522 = DIRECTION('',(0.,-1.,2.22044604925E-16));
#6523 = ORIENTED_EDGE('',*,*,#4390,.F.);
#6524 = CYLINDRICAL_SURFACE('',#6525,45.);
#6525 = AXIS2_PLACEMENT_3D('',#6526,#6527,#6528);
#6526 = CARTESIAN_POINT('',(24.754977796142,8.087134024532E-15,
    36.421213779376));
#6527 = DIRECTION('',(0.,1.,-2.22044604925E-16));
#6528 = DIRECTION('',(0.766044443119,1.427275208436E-16,0.642787609687)
  );
#6529 = ADVANCED_FACE('',(#6530),#6541,.F.);
#6530 = FACE_BOUND('',#6531,.T.);
#6531 = EDGE_LOOP('',(#6532,#6533,#6534,#6540));
#6532 = ORIENTED_EDGE('',*,*,#6511,.T.);
#6533 = ORIENTED_EDGE('',*,*,#5429,.T.);
#6534 = ORIENTED_EDGE('',*,*,#6535,.F.);
#6535 = EDGE_CURVE('',#4402,#5421,#6536,.T.);
#6536 = LINE('',#6537,#6538);
#6537 = CARTESIAN_POINT('',(-44.90812698851,1.263804497818E-14,
    56.916694654413));
#6538 = VECTOR('',#6539,1.);
#6539 = DIRECTION('',(0.,-1.,2.22044604925E-16));
#6540 = ORIENTED_EDGE('',*,*,#4401,.F.);
#6541 = CYLINDRICAL_SURFACE('',#6542,72.5);
#6542 = AXIS2_PLACEMENT_3D('',#6543,#6544,#6545);
#6543 = CARTESIAN_POINT('',(0.,0.,0.));
#6544 = DIRECTION('',(0.,1.,-2.22044604925E-16));
#6545 = DIRECTION('',(0.766044443119,1.427275208436E-16,0.642787609687)
  );
#6546 = ADVANCED_FACE('',(#6547),#6553,.T.);
#6547 = FACE_BOUND('',#6548,.F.);
#6548 = EDGE_LOOP('',(#6549,#6550,#6551,#6552));
#6549 = ORIENTED_EDGE('',*,*,#6518,.T.);
#6550 = ORIENTED_EDGE('',*,*,#5420,.T.);
#6551 = ORIENTED_EDGE('',*,*,#6535,.F.);
#6552 = ORIENTED_EDGE('',*,*,#4410,.F.);
#6553 = CYLINDRICAL_SURFACE('',#6554,45.);
#6554 = AXIS2_PLACEMENT_3D('',#6555,#6556,#6557);
#6555 = CARTESIAN_POINT('',(-42.37451812739,2.66188747087E-15,
    11.988075421914));
#6556 = DIRECTION('',(0.,1.,-2.22044604925E-16));
#6557 = DIRECTION('',(0.766044443119,1.427275208436E-16,0.642787609687)
  );
#6558 = ADVANCED_FACE('',(#6559),#6575,.T.);
#6559 = FACE_BOUND('',#6560,.F.);
#6560 = EDGE_LOOP('',(#6561,#6567,#6568,#6574));
#6561 = ORIENTED_EDGE('',*,*,#6562,.T.);
#6562 = EDGE_CURVE('',#4420,#5439,#6563,.T.);
#6563 = LINE('',#6564,#6565);
#6564 = CARTESIAN_POINT('',(44.908126988512,1.263804497818E-14,
    56.916694654413));
#6565 = VECTOR('',#6566,1.);
#6566 = DIRECTION('',(0.,-1.,2.22044604925E-16));
#6567 = ORIENTED_EDGE('',*,*,#5438,.T.);
#6568 = ORIENTED_EDGE('',*,*,#6569,.F.);
#6569 = EDGE_CURVE('',#4422,#5441,#6570,.T.);
#6570 = LINE('',#6571,#6572);
#6571 = CARTESIAN_POINT('',(18.171150343961,1.108553809982E-14,
    49.924825255549));
#6572 = VECTOR('',#6573,1.);
#6573 = DIRECTION('',(0.,-1.,2.22044604925E-16));
#6574 = ORIENTED_EDGE('',*,*,#4419,.F.);
#6575 = CYLINDRICAL_SURFACE('',#6576,45.);
#6576 = AXIS2_PLACEMENT_3D('',#6577,#6578,#6579);
#6577 = CARTESIAN_POINT('',(42.374518127396,2.66188747087E-15,
    11.988075421914));
#6578 = DIRECTION('',(0.,1.,-2.22044604925E-16));
#6579 = DIRECTION('',(1.,0.,0.));
#6580 = ADVANCED_FACE('',(#6581),#6592,.F.);
#6581 = FACE_BOUND('',#6582,.T.);
#6582 = EDGE_LOOP('',(#6583,#6584,#6585,#6591));
#6583 = ORIENTED_EDGE('',*,*,#6562,.T.);
#6584 = ORIENTED_EDGE('',*,*,#5458,.T.);
#6585 = ORIENTED_EDGE('',*,*,#6586,.F.);
#6586 = EDGE_CURVE('',#4431,#5450,#6587,.T.);
#6587 = LINE('',#6588,#6589);
#6588 = CARTESIAN_POINT('',(2.183724977737,1.609092975822E-14,
    72.467105263158));
#6589 = VECTOR('',#6590,1.);
#6590 = DIRECTION('',(0.,-1.,2.22044604925E-16));
#6591 = ORIENTED_EDGE('',*,*,#4430,.F.);
#6592 = CYLINDRICAL_SURFACE('',#6593,72.5);
#6593 = AXIS2_PLACEMENT_3D('',#6594,#6595,#6596);
#6594 = CARTESIAN_POINT('',(0.,0.,0.));
#6595 = DIRECTION('',(0.,1.,-2.22044604925E-16));
#6596 = DIRECTION('',(1.,0.,0.));
#6597 = ADVANCED_FACE('',(#6598),#6604,.T.);
#6598 = FACE_BOUND('',#6599,.F.);
#6599 = EDGE_LOOP('',(#6600,#6601,#6602,#6603));
#6600 = ORIENTED_EDGE('',*,*,#6569,.T.);
#6601 = ORIENTED_EDGE('',*,*,#5449,.T.);
#6602 = ORIENTED_EDGE('',*,*,#6586,.F.);
#6603 = ORIENTED_EDGE('',*,*,#4439,.F.);
#6604 = CYLINDRICAL_SURFACE('',#6605,45.);
#6605 = AXIS2_PLACEMENT_3D('',#6606,#6607,#6608);
#6606 = CARTESIAN_POINT('',(-24.75497779614,8.087134024532E-15,
    36.421213779376));
#6607 = DIRECTION('',(0.,1.,-2.22044604925E-16));
#6608 = DIRECTION('',(1.,0.,0.));
#6609 = ADVANCED_FACE('',(#6610),#6626,.T.);
#6610 = FACE_BOUND('',#6611,.F.);
#6611 = EDGE_LOOP('',(#6612,#6618,#6619,#6625));
#6612 = ORIENTED_EDGE('',*,*,#6613,.T.);
#6613 = EDGE_CURVE('',#4449,#5468,#6614,.T.);
#6614 = LINE('',#6615,#6616);
#6615 = CARTESIAN_POINT('',(-23.49876710307,-3.012483487682E-15,
    -13.56701951258));
#6616 = VECTOR('',#6617,1.);
#6617 = DIRECTION('',(2.465190328816E-32,-1.,2.22044604925E-16));
#6618 = ORIENTED_EDGE('',*,*,#5467,.T.);
#6619 = ORIENTED_EDGE('',*,*,#6620,.F.);
#6620 = EDGE_CURVE('',#4451,#5470,#6621,.T.);
#6621 = LINE('',#6622,#6623);
#6622 = CARTESIAN_POINT('',(-33.94613573638,-8.430595877534E-15,
    -37.96802845257));
#6623 = VECTOR('',#6624,1.);
#6624 = DIRECTION('',(0.,-1.,2.22044604925E-16));
#6625 = ORIENTED_EDGE('',*,*,#4448,.F.);
#6626 = CYLINDRICAL_SURFACE('',#6627,45.);
#6627 = AXIS2_PLACEMENT_3D('',#6628,#6629,#6630);
#6628 = CARTESIAN_POINT('',(10.805281205837,-9.479405456682E-15,
    -42.6914468824));
#6629 = DIRECTION('',(0.,1.,-2.22044604925E-16));
#6630 = DIRECTION('',(-0.939692620786,7.594372760115E-17,0.342020143326)
  );
#6631 = ADVANCED_FACE('',(#6632),#6643,.T.);
#6632 = FACE_BOUND('',#6633,.F.);
#6633 = EDGE_LOOP('',(#6634,#6640,#6641,#6642));
#6634 = ORIENTED_EDGE('',*,*,#6635,.T.);
#6635 = EDGE_CURVE('',#4460,#5488,#6636,.T.);
#6636 = LINE('',#6637,#6638);
#6637 = CARTESIAN_POINT('',(-49.85434503973,-2.312417298031E-15,
    -10.41420168173));
#6638 = VECTOR('',#6639,1.);
#6639 = DIRECTION('',(2.465190328816E-32,-1.,2.22044604925E-16));
#6640 = ORIENTED_EDGE('',*,*,#5496,.T.);
#6641 = ORIENTED_EDGE('',*,*,#6613,.F.);
#6642 = ORIENTED_EDGE('',*,*,#4459,.F.);
#6643 = CYLINDRICAL_SURFACE('',#6644,45.);
#6644 = AXIS2_PLACEMENT_3D('',#6645,#6646,#6647);
#6645 = CARTESIAN_POINT('',(-31.56923692155,6.817517985811E-15,
    30.703371460492));
#6646 = DIRECTION('',(-2.465190328816E-32,1.,-2.22044604925E-16));
#6647 = DIRECTION('',(-0.5,1.922962686384E-16,0.866025403784));
#6648 = ADVANCED_FACE('',(#6649),#6660,.F.);
#6649 = FACE_BOUND('',#6650,.T.);
#6650 = EDGE_LOOP('',(#6651,#6652,#6653,#6659));
#6651 = ORIENTED_EDGE('',*,*,#6635,.T.);
#6652 = ORIENTED_EDGE('',*,*,#5487,.T.);
#6653 = ORIENTED_EDGE('',*,*,#6654,.F.);
#6654 = EDGE_CURVE('',#4469,#5479,#6655,.T.);
#6655 = LINE('',#6656,#6657);
#6656 = CARTESIAN_POINT('',(-61.70431001964,-7.910339050454E-15,-35.625)
  );
#6657 = VECTOR('',#6658,1.);
#6658 = DIRECTION('',(2.465190328816E-32,-1.,2.22044604925E-16));
#6659 = ORIENTED_EDGE('',*,*,#4468,.F.);
#6660 = CYLINDRICAL_SURFACE('',#6661,45.);
#6661 = AXIS2_PLACEMENT_3D('',#6662,#6663,#6664);
#6662 = CARTESIAN_POINT('',(-17.05373727058,-9.153121597003E-15,
    -41.22199501353));
#6663 = DIRECTION('',(-2.465190328816E-32,1.,-2.22044604925E-16));
#6664 = DIRECTION('',(-0.5,1.922962686384E-16,0.866025403784));
#6665 = ADVANCED_FACE('',(#6666),#6672,.F.);
#6666 = FACE_BOUND('',#6667,.T.);
#6667 = EDGE_LOOP('',(#6668,#6669,#6670,#6671));
#6668 = ORIENTED_EDGE('',*,*,#6654,.T.);
#6669 = ORIENTED_EDGE('',*,*,#5478,.T.);
#6670 = ORIENTED_EDGE('',*,*,#6620,.F.);
#6671 = ORIENTED_EDGE('',*,*,#4477,.F.);
#6672 = CYLINDRICAL_SURFACE('',#6673,45.);
#6673 = AXIS2_PLACEMENT_3D('',#6674,#6675,#6676);
#6674 = CARTESIAN_POINT('',(-44.22616351169,1.297190755028E-15,
    5.842027800973));
#6675 = DIRECTION('',(0.,1.,-2.22044604925E-16));
#6676 = DIRECTION('',(-0.939692620786,7.594372760115E-17,0.342020143326)
  );
#6677 = ADVANCED_FACE('',(#6678),#6694,.T.);
#6678 = FACE_BOUND('',#6679,.F.);
#6679 = EDGE_LOOP('',(#6680,#6686,#6687,#6693));
#6680 = ORIENTED_EDGE('',*,*,#6681,.T.);
#6681 = EDGE_CURVE('',#4487,#5506,#6682,.T.);
#6682 = LINE('',#6683,#6684);
#6683 = CARTESIAN_POINT('',(23.498767103071,-3.012483487682E-15,
    -13.56701951258));
#6684 = VECTOR('',#6685,1.);
#6685 = DIRECTION('',(0.,-1.,2.22044604925E-16));
#6686 = ORIENTED_EDGE('',*,*,#5505,.T.);
#6687 = ORIENTED_EDGE('',*,*,#6688,.F.);
#6688 = EDGE_CURVE('',#4489,#5508,#6689,.T.);
#6689 = LINE('',#6690,#6691);
#6690 = CARTESIAN_POINT('',(49.854345039732,-2.312417298031E-15,
    -10.41420168173));
#6691 = VECTOR('',#6692,1.);
#6692 = DIRECTION('',(0.,-1.,2.22044604925E-16));
#6693 = ORIENTED_EDGE('',*,*,#4486,.F.);
#6694 = CYLINDRICAL_SURFACE('',#6695,45.);
#6695 = AXIS2_PLACEMENT_3D('',#6696,#6697,#6698);
#6696 = CARTESIAN_POINT('',(31.569236921559,6.817517985811E-15,
    30.703371460492));
#6697 = DIRECTION('',(0.,1.,-2.22044604925E-16));
#6698 = DIRECTION('',(0.173648177667,-2.186712484447E-16,-0.984807753012
    ));
#6699 = ADVANCED_FACE('',(#6700),#6711,.T.);
#6700 = FACE_BOUND('',#6701,.F.);
#6701 = EDGE_LOOP('',(#6702,#6708,#6709,#6710));
#6702 = ORIENTED_EDGE('',*,*,#6703,.T.);
#6703 = EDGE_CURVE('',#4498,#5526,#6704,.T.);
#6704 = LINE('',#6705,#6706);
#6705 = CARTESIAN_POINT('',(33.946135736387,-8.430595877534E-15,
    -37.96802845257));
#6706 = VECTOR('',#6707,1.);
#6707 = DIRECTION('',(0.,-1.,2.22044604925E-16));
#6708 = ORIENTED_EDGE('',*,*,#5534,.T.);
#6709 = ORIENTED_EDGE('',*,*,#6681,.F.);
#6710 = ORIENTED_EDGE('',*,*,#4497,.F.);
#6711 = CYLINDRICAL_SURFACE('',#6712,45.);
#6712 = AXIS2_PLACEMENT_3D('',#6713,#6714,#6715);
#6713 = CARTESIAN_POINT('',(-10.80528120583,-9.479405456682E-15,
    -42.6914468824));
#6714 = DIRECTION('',(0.,1.,-2.22044604925E-16));
#6715 = DIRECTION('',(-0.5,-1.922962686384E-16,-0.866025403784));
#6716 = ADVANCED_FACE('',(#6717),#6728,.F.);
#6717 = FACE_BOUND('',#6718,.T.);
#6718 = EDGE_LOOP('',(#6719,#6720,#6721,#6727));
#6719 = ORIENTED_EDGE('',*,*,#6703,.T.);
#6720 = ORIENTED_EDGE('',*,*,#5525,.T.);
#6721 = ORIENTED_EDGE('',*,*,#6722,.F.);
#6722 = EDGE_CURVE('',#4507,#5517,#6723,.T.);
#6723 = LINE('',#6724,#6725);
#6724 = CARTESIAN_POINT('',(61.704310019641,-7.910339050454E-15,-35.625)
  );
#6725 = VECTOR('',#6726,1.);
#6726 = DIRECTION('',(0.,-1.,2.22044604925E-16));
#6727 = ORIENTED_EDGE('',*,*,#4506,.F.);
#6728 = CYLINDRICAL_SURFACE('',#6729,45.);
#6729 = AXIS2_PLACEMENT_3D('',#6730,#6731,#6732);
#6730 = CARTESIAN_POINT('',(44.226163511693,1.297190755028E-15,
    5.842027800973));
#6731 = DIRECTION('',(0.,1.,-2.22044604925E-16));
#6732 = DIRECTION('',(-0.5,-1.922962686384E-16,-0.866025403784));
#6733 = ADVANCED_FACE('',(#6734),#6740,.F.);
#6734 = FACE_BOUND('',#6735,.T.);
#6735 = EDGE_LOOP('',(#6736,#6737,#6738,#6739));
#6736 = ORIENTED_EDGE('',*,*,#6722,.T.);
#6737 = ORIENTED_EDGE('',*,*,#5516,.T.);
#6738 = ORIENTED_EDGE('',*,*,#6688,.F.);
#6739 = ORIENTED_EDGE('',*,*,#4515,.F.);
#6740 = CYLINDRICAL_SURFACE('',#6741,45.);
#6741 = AXIS2_PLACEMENT_3D('',#6742,#6743,#6744);
#6742 = CARTESIAN_POINT('',(17.053737270589,-9.153121597003E-15,
    -41.22199501353));
#6743 = DIRECTION('',(0.,1.,-2.22044604925E-16));
#6744 = DIRECTION('',(0.173648177667,-2.186712484447E-16,-0.984807753012
    ));
#6745 = ADVANCED_FACE('',(#6746),#6762,.T.);
#6746 = FACE_BOUND('',#6747,.F.);
#6747 = EDGE_LOOP('',(#6748,#6754,#6755,#6761));
#6748 = ORIENTED_EDGE('',*,*,#6749,.T.);
#6749 = EDGE_CURVE('',#4525,#5544,#6750,.T.);
#6750 = LINE('',#6751,#6752);
#6751 = CARTESIAN_POINT('',(70.9869672386,3.271678496623E-15,
    14.734330058267));
#6752 = VECTOR('',#6753,1.);
#6753 = DIRECTION('',(0.,-1.,2.22044604925E-16));
#6754 = ORIENTED_EDGE('',*,*,#5543,.T.);
#6755 = ORIENTED_EDGE('',*,*,#6756,.F.);
#6756 = EDGE_CURVE('',#4527,#5546,#6757,.T.);
#6757 = LINE('',#6758,#6759);
#6758 = CARTESIAN_POINT('',(46.010967836103,5.898491620881E-15,
    26.56444466585));
#6759 = VECTOR('',#6760,1.);
#6760 = DIRECTION('',(0.,-1.,2.22044604925E-16));
#6761 = ORIENTED_EDGE('',*,*,#4524,.F.);
#6762 = CYLINDRICAL_SURFACE('',#6763,45.);
#6763 = AXIS2_PLACEMENT_3D('',#6764,#6765,#6766);
#6764 = CARTESIAN_POINT('',(40.16655048653,-4.008885813995E-15,
    -18.05441665807));
#6765 = DIRECTION('',(0.,1.,-2.22044604925E-16));
#6766 = DIRECTION('',(0.766044443119,-1.427275208436E-16,-0.642787609687
    ));
#6767 = ADVANCED_FACE('',(#6768),#6779,.F.);
#6768 = FACE_BOUND('',#6769,.T.);
#6769 = EDGE_LOOP('',(#6770,#6771,#6772,#6778));
#6770 = ORIENTED_EDGE('',*,*,#6749,.T.);
#6771 = ORIENTED_EDGE('',*,*,#5563,.T.);
#6772 = ORIENTED_EDGE('',*,*,#6773,.F.);
#6773 = EDGE_CURVE('',#4536,#5555,#6774,.T.);
#6774 = LINE('',#6775,#6776);
#6775 = CARTESIAN_POINT('',(48.253787757504,1.201468967362E-14,
    54.109351937108));
#6776 = VECTOR('',#6777,1.);
#6777 = DIRECTION('',(0.,-1.,2.22044604925E-16));
#6778 = ORIENTED_EDGE('',*,*,#4535,.F.);
#6779 = CYLINDRICAL_SURFACE('',#6780,72.5);
#6780 = AXIS2_PLACEMENT_3D('',#6781,#6782,#6783);
#6781 = CARTESIAN_POINT('',(0.,0.,0.));
#6782 = DIRECTION('',(0.,1.,-2.22044604925E-16));
#6783 = DIRECTION('',(0.766044443119,-1.427275208436E-16,-0.642787609687
    ));
#6784 = ADVANCED_FACE('',(#6785),#6791,.T.);
#6785 = FACE_BOUND('',#6786,.F.);
#6786 = EDGE_LOOP('',(#6787,#6788,#6789,#6790));
#6787 = ORIENTED_EDGE('',*,*,#6756,.T.);
#6788 = ORIENTED_EDGE('',*,*,#5554,.T.);
#6789 = ORIENTED_EDGE('',*,*,#6773,.F.);
#6790 = ORIENTED_EDGE('',*,*,#4544,.F.);
#6791 = CYLINDRICAL_SURFACE('',#6792,45.);
#6792 = AXIS2_PLACEMENT_3D('',#6793,#6794,#6795);
#6793 = CARTESIAN_POINT('',(4.447691766859,9.728320689631E-15,
    43.812461432765));
#6794 = DIRECTION('',(0.,1.,-2.22044604925E-16));
#6795 = DIRECTION('',(0.766044443119,-1.427275208436E-16,-0.642787609687
    ));
#6796 = ADVANCED_FACE('',(#6797),#6813,.T.);
#6797 = FACE_BOUND('',#6798,.F.);
#6798 = EDGE_LOOP('',(#6799,#6805,#6806,#6812));
#6799 = ORIENTED_EDGE('',*,*,#6800,.T.);
#6800 = EDGE_CURVE('',#4554,#5573,#6801,.T.);
#6801 = LINE('',#6802,#6803);
#6802 = CARTESIAN_POINT('',(-48.2537877575,1.201468967362E-14,
    54.109351937108));
#6803 = VECTOR('',#6804,1.);
#6804 = DIRECTION('',(0.,-1.,2.22044604925E-16));
#6805 = ORIENTED_EDGE('',*,*,#5572,.T.);
#6806 = ORIENTED_EDGE('',*,*,#6807,.F.);
#6807 = EDGE_CURVE('',#4556,#5575,#6808,.T.);
#6808 = LINE('',#6809,#6810);
#6809 = CARTESIAN_POINT('',(-46.0109678361,5.898491620881E-15,
    26.56444466585));
#6810 = VECTOR('',#6811,1.);
#6811 = DIRECTION('',(0.,-1.,2.22044604925E-16));
#6812 = ORIENTED_EDGE('',*,*,#4553,.F.);
#6813 = CYLINDRICAL_SURFACE('',#6814,45.);
#6814 = AXIS2_PLACEMENT_3D('',#6815,#6816,#6817);
#6815 = CARTESIAN_POINT('',(-4.447691766859,9.728320689631E-15,
    43.812461432765));
#6816 = DIRECTION('',(0.,1.,-2.22044604925E-16));
#6817 = DIRECTION('',(0.173648177667,2.186712484447E-16,0.984807753012)
  );
#6818 = ADVANCED_FACE('',(#6819),#6830,.F.);
#6819 = FACE_BOUND('',#6820,.T.);
#6820 = EDGE_LOOP('',(#6821,#6822,#6823,#6829));
#6821 = ORIENTED_EDGE('',*,*,#6800,.T.);
#6822 = ORIENTED_EDGE('',*,*,#5592,.T.);
#6823 = ORIENTED_EDGE('',*,*,#6824,.F.);
#6824 = EDGE_CURVE('',#4565,#5584,#6825,.T.);
#6825 = LINE('',#6826,#6827);
#6826 = CARTESIAN_POINT('',(-70.9869672386,3.271678496623E-15,
    14.734330058267));
#6827 = VECTOR('',#6828,1.);
#6828 = DIRECTION('',(0.,-1.,2.22044604925E-16));
#6829 = ORIENTED_EDGE('',*,*,#4564,.F.);
#6830 = CYLINDRICAL_SURFACE('',#6831,72.5);
#6831 = AXIS2_PLACEMENT_3D('',#6832,#6833,#6834);
#6832 = CARTESIAN_POINT('',(0.,0.,0.));
#6833 = DIRECTION('',(0.,1.,-2.22044604925E-16));
#6834 = DIRECTION('',(0.173648177667,2.186712484447E-16,0.984807753012)
  );
#6835 = ADVANCED_FACE('',(#6836),#6842,.T.);
#6836 = FACE_BOUND('',#6837,.F.);
#6837 = EDGE_LOOP('',(#6838,#6839,#6840,#6841));
#6838 = ORIENTED_EDGE('',*,*,#6807,.T.);
#6839 = ORIENTED_EDGE('',*,*,#5583,.T.);
#6840 = ORIENTED_EDGE('',*,*,#6824,.F.);
#6841 = ORIENTED_EDGE('',*,*,#4573,.F.);
#6842 = CYLINDRICAL_SURFACE('',#6843,45.);
#6843 = AXIS2_PLACEMENT_3D('',#6844,#6845,#6846);
#6844 = CARTESIAN_POINT('',(-40.16655048653,-4.008885813995E-15,
    -18.05441665807));
#6845 = DIRECTION('',(0.,1.,-2.22044604925E-16));
#6846 = DIRECTION('',(0.173648177667,2.186712484447E-16,0.984807753012)
  );
#6847 = ADVANCED_FACE('',(#6848),#6864,.T.);
#6848 = FACE_BOUND('',#6849,.F.);
#6849 = EDGE_LOOP('',(#6850,#6856,#6857,#6863));
#6850 = ORIENTED_EDGE('',*,*,#6851,.T.);
#6851 = EDGE_CURVE('',#4583,#5602,#6852,.T.);
#6852 = LINE('',#6853,#6854);
#6853 = CARTESIAN_POINT('',(26.837239975907,-1.495468774052E-14,
    -67.34992613563));
#6854 = VECTOR('',#6855,1.);
#6855 = DIRECTION('',(0.,-1.,2.22044604925E-16));
#6856 = ORIENTED_EDGE('',*,*,#5601,.T.);
#6857 = ORIENTED_EDGE('',*,*,#6858,.F.);
#6858 = EDGE_CURVE('',#4585,#5604,#6859,.T.);
#6859 = LINE('',#6860,#6861);
#6860 = CARTESIAN_POINT('',(34.150591778824,-9.03701345792E-15,
    -40.69909044163));
#6861 = VECTOR('',#6862,1.);
#6862 = DIRECTION('',(0.,-1.,2.22044604925E-16));
#6863 = ORIENTED_EDGE('',*,*,#4582,.F.);
#6864 = CYLINDRICAL_SURFACE('',#6865,45.);
#6865 = AXIS2_PLACEMENT_3D('',#6866,#6867,#6868);
#6866 = CARTESIAN_POINT('',(-10.80528120583,-9.479405456682E-15,
    -42.6914468824));
#6867 = DIRECTION('',(0.,1.,-2.22044604925E-16));
#6868 = DIRECTION('',(-0.5,-1.922962686384E-16,-0.866025403784));
#6869 = ADVANCED_FACE('',(#6870),#6881,.F.);
#6870 = FACE_BOUND('',#6871,.T.);
#6871 = EDGE_LOOP('',(#6872,#6873,#6874,#6880));
#6872 = ORIENTED_EDGE('',*,*,#6851,.T.);
#6873 = ORIENTED_EDGE('',*,*,#5621,.T.);
#6874 = ORIENTED_EDGE('',*,*,#6875,.F.);
#6875 = EDGE_CURVE('',#4594,#5613,#6876,.T.);
#6876 = LINE('',#6877,#6878);
#6877 = CARTESIAN_POINT('',(61.666491607747,-8.465387044061E-15,
    -38.12471393717));
#6878 = VECTOR('',#6879,1.);
#6879 = DIRECTION('',(0.,-1.,2.22044604925E-16));
#6880 = ORIENTED_EDGE('',*,*,#4593,.F.);
#6881 = CYLINDRICAL_SURFACE('',#6882,72.5);
#6882 = AXIS2_PLACEMENT_3D('',#6883,#6884,#6885);
#6883 = CARTESIAN_POINT('',(0.,0.,0.));
#6884 = DIRECTION('',(0.,1.,-2.22044604925E-16));
#6885 = DIRECTION('',(-0.5,-1.922962686384E-16,-0.866025403784));
#6886 = ADVANCED_FACE('',(#6887),#6893,.T.);
#6887 = FACE_BOUND('',#6888,.F.);
#6888 = EDGE_LOOP('',(#6889,#6890,#6891,#6892));
#6889 = ORIENTED_EDGE('',*,*,#6858,.T.);
#6890 = ORIENTED_EDGE('',*,*,#5612,.T.);
#6891 = ORIENTED_EDGE('',*,*,#6875,.F.);
#6892 = ORIENTED_EDGE('',*,*,#4602,.F.);
#6893 = CYLINDRICAL_SURFACE('',#6894,45.);
#6894 = AXIS2_PLACEMENT_3D('',#6895,#6896,#6897);
#6895 = CARTESIAN_POINT('',(43.919185267674,7.167228481577E-16,
    3.227832751891));
#6896 = DIRECTION('',(0.,1.,-2.22044604925E-16));
#6897 = DIRECTION('',(-0.5,-1.922962686384E-16,-0.866025403784));
#6898 = ADVANCED_FACE('',(#6899),#6915,.T.);
#6899 = FACE_BOUND('',#6900,.F.);
#6900 = EDGE_LOOP('',(#6901,#6907,#6908,#6914));
#6901 = ORIENTED_EDGE('',*,*,#6902,.T.);
#6902 = EDGE_CURVE('',#4612,#5631,#6903,.T.);
#6903 = LINE('',#6904,#6905);
#6904 = CARTESIAN_POINT('',(-61.66649160774,-8.465387044061E-15,
    -38.12471393717));
#6905 = VECTOR('',#6906,1.);
#6906 = DIRECTION('',(0.,-1.,2.22044604925E-16));
#6907 = ORIENTED_EDGE('',*,*,#5630,.T.);
#6908 = ORIENTED_EDGE('',*,*,#6909,.F.);
#6909 = EDGE_CURVE('',#4614,#5633,#6910,.T.);
#6910 = LINE('',#6911,#6912);
#6911 = CARTESIAN_POINT('',(-34.15059177882,-9.03701345792E-15,
    -40.69909044163));
#6912 = VECTOR('',#6913,1.);
#6913 = DIRECTION('',(0.,-1.,2.22044604925E-16));
#6914 = ORIENTED_EDGE('',*,*,#4611,.F.);
#6915 = CYLINDRICAL_SURFACE('',#6916,45.);
#6916 = AXIS2_PLACEMENT_3D('',#6917,#6918,#6919);
#6917 = CARTESIAN_POINT('',(-43.91918526767,7.167228481577E-16,
    3.227832751891));
#6918 = DIRECTION('',(0.,1.,-2.22044604925E-16));
#6919 = DIRECTION('',(-0.939692620786,7.594372760115E-17,0.342020143326)
  );
#6920 = ADVANCED_FACE('',(#6921),#6932,.F.);
#6921 = FACE_BOUND('',#6922,.T.);
#6922 = EDGE_LOOP('',(#6923,#6924,#6925,#6931));
#6923 = ORIENTED_EDGE('',*,*,#6902,.T.);
#6924 = ORIENTED_EDGE('',*,*,#5650,.T.);
#6925 = ORIENTED_EDGE('',*,*,#6926,.F.);
#6926 = EDGE_CURVE('',#4623,#5642,#6927,.T.);
#6927 = LINE('',#6928,#6929);
#6928 = CARTESIAN_POINT('',(-26.8372399759,-1.495468774052E-14,
    -67.34992613563));
#6929 = VECTOR('',#6930,1.);
#6930 = DIRECTION('',(0.,-1.,2.22044604925E-16));
#6931 = ORIENTED_EDGE('',*,*,#4622,.F.);
#6932 = CYLINDRICAL_SURFACE('',#6933,72.5);
#6933 = AXIS2_PLACEMENT_3D('',#6934,#6935,#6936);
#6934 = CARTESIAN_POINT('',(0.,0.,0.));
#6935 = DIRECTION('',(0.,1.,-2.22044604925E-16));
#6936 = DIRECTION('',(-0.939692620786,7.594372760115E-17,0.342020143326)
  );
#6937 = ADVANCED_FACE('',(#6938),#6944,.T.);
#6938 = FACE_BOUND('',#6939,.F.);
#6939 = EDGE_LOOP('',(#6940,#6941,#6942,#6943));
#6940 = ORIENTED_EDGE('',*,*,#6909,.T.);
#6941 = ORIENTED_EDGE('',*,*,#5641,.T.);
#6942 = ORIENTED_EDGE('',*,*,#6926,.F.);
#6943 = ORIENTED_EDGE('',*,*,#4631,.F.);
#6944 = CYLINDRICAL_SURFACE('',#6945,45.);
#6945 = AXIS2_PLACEMENT_3D('',#6946,#6947,#6948);
#6946 = CARTESIAN_POINT('',(10.805281205837,-9.479405456682E-15,
    -42.6914468824));
#6947 = DIRECTION('',(0.,1.,-2.22044604925E-16));
#6948 = DIRECTION('',(-0.939692620786,7.594372760115E-17,0.342020143326)
  );
#6949 = ADVANCED_FACE('',(#6950),#6966,.T.);
#6950 = FACE_BOUND('',#6951,.F.);
#6951 = EDGE_LOOP('',(#6952,#6958,#6959,#6965));
#6952 = ORIENTED_EDGE('',*,*,#6953,.T.);
#6953 = EDGE_CURVE('',#4641,#5660,#6954,.T.);
#6954 = LINE('',#6955,#6956);
#6955 = CARTESIAN_POINT('',(17.441424086127,4.615392471452E-15,
    20.785879814601));
#6956 = VECTOR('',#6957,1.);
#6957 = DIRECTION('',(0.,-1.,2.22044604925E-16));
#6958 = ORIENTED_EDGE('',*,*,#5659,.T.);
#6959 = ORIENTED_EDGE('',*,*,#6960,.F.);
#6960 = EDGE_CURVE('',#4643,#5662,#6961,.T.);
#6961 = LINE('',#6962,#6963);
#6962 = CARTESIAN_POINT('',(18.913102722537,1.050016482042E-14,
    47.288538372584));
#6963 = VECTOR('',#6964,1.);
#6964 = DIRECTION('',(0.,-1.,2.22044604925E-16));
#6965 = ORIENTED_EDGE('',*,*,#4640,.F.);
#6966 = CYLINDRICAL_SURFACE('',#6967,45.);
#6967 = AXIS2_PLACEMENT_3D('',#6968,#6969,#6970);
#6968 = CARTESIAN_POINT('',(-24.75497779614,8.087134024532E-15,
    36.421213779376));
#6969 = DIRECTION('',(0.,1.,-2.22044604925E-16));
#6970 = DIRECTION('',(1.,0.,0.));
#6971 = ADVANCED_FACE('',(#6972),#6983,.T.);
#6972 = FACE_BOUND('',#6973,.F.);
#6973 = EDGE_LOOP('',(#6974,#6980,#6981,#6982));
#6974 = ORIENTED_EDGE('',*,*,#6975,.T.);
#6975 = EDGE_CURVE('',#4652,#5680,#6976,.T.);
#6976 = LINE('',#6977,#6978);
#6977 = CARTESIAN_POINT('',(43.28589339614,5.959086270569E-15,
    26.837338707603));
#6978 = VECTOR('',#6979,1.);
#6979 = DIRECTION('',(0.,-1.,2.22044604925E-16));
#6980 = ORIENTED_EDGE('',*,*,#5688,.T.);
#6981 = ORIENTED_EDGE('',*,*,#6953,.F.);
#6982 = ORIENTED_EDGE('',*,*,#4651,.F.);
#6983 = CYLINDRICAL_SURFACE('',#6984,45.);
#6984 = AXIS2_PLACEMENT_3D('',#6985,#6986,#6987);
#6985 = CARTESIAN_POINT('',(40.16655048653,-4.008885813995E-15,
    -18.05441665807));
#6986 = DIRECTION('',(0.,1.,-2.22044604925E-16));
#6987 = DIRECTION('',(0.766044443119,-1.427275208436E-16,-0.642787609687
    ));
#6988 = ADVANCED_FACE('',(#6989),#7000,.F.);
#6989 = FACE_BOUND('',#6990,.T.);
#6990 = EDGE_LOOP('',(#6991,#6992,#6993,#6999));
#6991 = ORIENTED_EDGE('',*,*,#6975,.T.);
#6992 = ORIENTED_EDGE('',*,*,#5679,.T.);
#6993 = ORIENTED_EDGE('',*,*,#6994,.F.);
#6994 = EDGE_CURVE('',#4661,#5671,#6995,.T.);
#6995 = LINE('',#6996,#6997);
#6996 = CARTESIAN_POINT('',(45.798617190166,1.211934254558E-14,
    54.580666572227));
#6997 = VECTOR('',#6998,1.);
#6998 = DIRECTION('',(0.,-1.,2.22044604925E-16));
#6999 = ORIENTED_EDGE('',*,*,#4660,.F.);
#7000 = CYLINDRICAL_SURFACE('',#7001,45.);
#7001 = AXIS2_PLACEMENT_3D('',#7002,#7003,#7004);
#7002 = CARTESIAN_POINT('',(1.926518427294,9.896245199719E-15,
    44.56872619382));
#7003 = DIRECTION('',(0.,1.,-2.22044604925E-16));
#7004 = DIRECTION('',(0.766044443119,-1.427275208436E-16,-0.642787609687
    ));
#7005 = ADVANCED_FACE('',(#7006),#7012,.F.);
#7006 = FACE_BOUND('',#7007,.T.);
#7007 = EDGE_LOOP('',(#7008,#7009,#7010,#7011));
#7008 = ORIENTED_EDGE('',*,*,#6994,.T.);
#7009 = ORIENTED_EDGE('',*,*,#5670,.T.);
#7010 = ORIENTED_EDGE('',*,*,#6960,.F.);
#7011 = ORIENTED_EDGE('',*,*,#4669,.F.);
#7012 = CYLINDRICAL_SURFACE('',#7013,45.);
#7013 = AXIS2_PLACEMENT_3D('',#7014,#7015,#7016);
#7014 = CARTESIAN_POINT('',(43.557090683411,2.139739134324E-15,
    9.636528368013));
#7015 = DIRECTION('',(0.,1.,-2.22044604925E-16));
#7016 = DIRECTION('',(1.,0.,0.));
#7017 = ADVANCED_FACE('',(#7018),#7034,.T.);
#7018 = FACE_BOUND('',#7019,.F.);
#7019 = EDGE_LOOP('',(#7020,#7026,#7027,#7033));
#7020 = ORIENTED_EDGE('',*,*,#7021,.T.);
#7021 = EDGE_CURVE('',#4679,#5698,#7022,.T.);
#7022 = LINE('',#7023,#7024);
#7023 = CARTESIAN_POINT('',(-17.44142408612,4.615392471452E-15,
    20.785879814601));
#7024 = VECTOR('',#7025,1.);
#7025 = DIRECTION('',(0.,-1.,2.22044604925E-16));
#7026 = ORIENTED_EDGE('',*,*,#5697,.T.);
#7027 = ORIENTED_EDGE('',*,*,#7028,.F.);
#7028 = EDGE_CURVE('',#4681,#5700,#7029,.T.);
#7029 = LINE('',#7030,#7031);
#7030 = CARTESIAN_POINT('',(-43.28589339614,5.959086270569E-15,
    26.837338707603));
#7031 = VECTOR('',#7032,1.);
#7032 = DIRECTION('',(0.,-1.,2.22044604925E-16));
#7033 = ORIENTED_EDGE('',*,*,#4678,.F.);
#7034 = CYLINDRICAL_SURFACE('',#7035,45.);
#7035 = AXIS2_PLACEMENT_3D('',#7036,#7037,#7038);
#7036 = CARTESIAN_POINT('',(-40.16655048653,-4.008885813995E-15,
    -18.05441665807));
#7037 = DIRECTION('',(0.,1.,-2.22044604925E-16));
#7038 = DIRECTION('',(0.173648177667,2.186712484447E-16,0.984807753012)
  );
#7039 = ADVANCED_FACE('',(#7040),#7051,.T.);
#7040 = FACE_BOUND('',#7041,.F.);
#7041 = EDGE_LOOP('',(#7042,#7048,#7049,#7050));
#7042 = ORIENTED_EDGE('',*,*,#7043,.T.);
#7043 = EDGE_CURVE('',#4690,#5718,#7044,.T.);
#7044 = LINE('',#7045,#7046);
#7045 = CARTESIAN_POINT('',(-18.91310272253,1.050016482042E-14,
    47.288538372584));
#7046 = VECTOR('',#7047,1.);
#7047 = DIRECTION('',(0.,-1.,2.22044604925E-16));
#7048 = ORIENTED_EDGE('',*,*,#5726,.T.);
#7049 = ORIENTED_EDGE('',*,*,#7021,.F.);
#7050 = ORIENTED_EDGE('',*,*,#4689,.F.);
#7051 = CYLINDRICAL_SURFACE('',#7052,45.);
#7052 = AXIS2_PLACEMENT_3D('',#7053,#7054,#7055);
#7053 = CARTESIAN_POINT('',(24.754977796142,8.087134024532E-15,
    36.421213779376));
#7054 = DIRECTION('',(0.,1.,-2.22044604925E-16));
#7055 = DIRECTION('',(0.766044443119,1.427275208436E-16,0.642787609687)
  );
#7056 = ADVANCED_FACE('',(#7057),#7068,.F.);
#7057 = FACE_BOUND('',#7058,.T.);
#7058 = EDGE_LOOP('',(#7059,#7060,#7061,#7067));
#7059 = ORIENTED_EDGE('',*,*,#7043,.T.);
#7060 = ORIENTED_EDGE('',*,*,#5717,.T.);
#7061 = ORIENTED_EDGE('',*,*,#7062,.F.);
#7062 = EDGE_CURVE('',#4699,#5709,#7063,.T.);
#7063 = LINE('',#7064,#7065);
#7064 = CARTESIAN_POINT('',(-45.79861719016,1.211934254558E-14,
    54.580666572227));
#7065 = VECTOR('',#7066,1.);
#7066 = DIRECTION('',(0.,-1.,2.22044604925E-16));
#7067 = ORIENTED_EDGE('',*,*,#4698,.F.);
#7068 = CYLINDRICAL_SURFACE('',#7069,45.);
#7069 = AXIS2_PLACEMENT_3D('',#7070,#7071,#7072);
#7070 = CARTESIAN_POINT('',(-43.55709068341,2.139739134324E-15,
    9.636528368013));
#7071 = DIRECTION('',(0.,1.,-2.22044604925E-16));
#7072 = DIRECTION('',(0.766044443119,1.427275208436E-16,0.642787609687)
  );
#7073 = ADVANCED_FACE('',(#7074),#7080,.F.);
#7074 = FACE_BOUND('',#7075,.T.);
#7075 = EDGE_LOOP('',(#7076,#7077,#7078,#7079));
#7076 = ORIENTED_EDGE('',*,*,#7062,.T.);
#7077 = ORIENTED_EDGE('',*,*,#5708,.T.);
#7078 = ORIENTED_EDGE('',*,*,#7028,.F.);
#7079 = ORIENTED_EDGE('',*,*,#4707,.F.);
#7080 = CYLINDRICAL_SURFACE('',#7081,45.);
#7081 = AXIS2_PLACEMENT_3D('',#7082,#7083,#7084);
#7082 = CARTESIAN_POINT('',(-1.926518427294,9.896245199719E-15,
    44.56872619382));
#7083 = DIRECTION('',(0.,1.,-2.22044604925E-16));
#7084 = DIRECTION('',(0.173648177667,2.186712484447E-16,0.984807753012)
  );
#7085 = ADVANCED_FACE('',(#7086),#7102,.F.);
#7086 = FACE_BOUND('',#7087,.T.);
#7087 = EDGE_LOOP('',(#7088,#7094,#7095,#7101));
#7088 = ORIENTED_EDGE('',*,*,#7089,.T.);
#7089 = EDGE_CURVE('',#4717,#5736,#7090,.T.);
#7090 = LINE('',#7091,#7092);
#7091 = CARTESIAN_POINT('',(-20.99876714377,-3.012383322938E-15,
    -13.56656841068));
#7092 = VECTOR('',#7093,1.);
#7093 = DIRECTION('',(0.,-1.,2.22044604925E-16));
#7094 = ORIENTED_EDGE('',*,*,#5735,.T.);
#7095 = ORIENTED_EDGE('',*,*,#7096,.F.);
#7096 = EDGE_CURVE('',#4719,#5738,#7097,.T.);
#7097 = LINE('',#7098,#7099);
#7098 = CARTESIAN_POINT('',(-31.25468917945,-8.270692600793E-15,
    -37.24788811502));
#7099 = VECTOR('',#7100,1.);
#7100 = DIRECTION('',(0.,-1.,2.22044604925E-16));
#7101 = ORIENTED_EDGE('',*,*,#4716,.F.);
#7102 = CYLINDRICAL_SURFACE('',#7103,45.);
#7103 = AXIS2_PLACEMENT_3D('',#7104,#7105,#7106);
#7104 = CARTESIAN_POINT('',(13.433066970717,-9.445735578325E-15,
    -42.53981123078));
#7105 = DIRECTION('',(0.,1.,-2.22044604925E-16));
#7106 = DIRECTION('',(-0.939692620786,7.594372760115E-17,0.342020143326)
  );
#7107 = ADVANCED_FACE('',(#7108),#7119,.F.);
#7108 = FACE_BOUND('',#7109,.T.);
#7109 = EDGE_LOOP('',(#7110,#7111,#7112,#7118));
#7110 = ORIENTED_EDGE('',*,*,#7096,.T.);
#7111 = ORIENTED_EDGE('',*,*,#5755,.T.);
#7112 = ORIENTED_EDGE('',*,*,#7113,.F.);
#7113 = EDGE_CURVE('',#4728,#5747,#7114,.T.);
#7114 = LINE('',#7115,#7116);
#7115 = CARTESIAN_POINT('',(-9.714064104843,-5.11492150159E-15,
    -23.03555856859));
#7116 = VECTOR('',#7117,1.);
#7117 = DIRECTION('',(0.,-1.,2.22044604925E-16));
#7118 = ORIENTED_EDGE('',*,*,#4727,.F.);
#7119 = CYLINDRICAL_SURFACE('',#7120,45.);
#7120 = AXIS2_PLACEMENT_3D('',#7121,#7122,#7123);
#7121 = CARTESIAN_POINT('',(-44.22616351169,1.297190755028E-15,
    5.842027800973));
#7122 = DIRECTION('',(0.,1.,-2.22044604925E-16));
#7123 = DIRECTION('',(-0.939692620786,7.594372760115E-17,0.342020143326)
  );
#7124 = ADVANCED_FACE('',(#7125),#7131,.T.);
#7125 = FACE_BOUND('',#7126,.F.);
#7126 = EDGE_LOOP('',(#7127,#7128,#7129,#7130));
#7127 = ORIENTED_EDGE('',*,*,#7089,.T.);
#7128 = ORIENTED_EDGE('',*,*,#5746,.T.);
#7129 = ORIENTED_EDGE('',*,*,#7113,.F.);
#7130 = ORIENTED_EDGE('',*,*,#4736,.F.);
#7131 = CYLINDRICAL_SURFACE('',#7132,25.);
#7132 = AXIS2_PLACEMENT_3D('',#7133,#7134,#7135);
#7133 = CARTESIAN_POINT('',(0.,0.,0.));
#7134 = DIRECTION('',(0.,1.,-2.22044604925E-16));
#7135 = DIRECTION('',(-0.939692620786,7.594372760115E-17,0.342020143326)
  );
#7136 = ADVANCED_FACE('',(#7137),#7153,.F.);
#7137 = FACE_BOUND('',#7138,.T.);
#7138 = EDGE_LOOP('',(#7139,#7145,#7146,#7152));
#7139 = ORIENTED_EDGE('',*,*,#7140,.T.);
#7140 = EDGE_CURVE('',#4746,#5765,#7141,.T.);
#7141 = LINE('',#7142,#7143);
#7142 = CARTESIAN_POINT('',(9.714064104843,-5.11492150159E-15,
    -23.03555856859));
#7143 = VECTOR('',#7144,1.);
#7144 = DIRECTION('',(0.,-1.,2.22044604925E-16));
#7145 = ORIENTED_EDGE('',*,*,#5764,.T.);
#7146 = ORIENTED_EDGE('',*,*,#7147,.F.);
#7147 = EDGE_CURVE('',#4748,#5767,#7148,.T.);
#7148 = LINE('',#7149,#7150);
#7149 = CARTESIAN_POINT('',(31.254689179452,-8.270692600793E-15,
    -37.24788811502));
#7150 = VECTOR('',#7151,1.);
#7151 = DIRECTION('',(0.,-1.,2.22044604925E-16));
#7152 = ORIENTED_EDGE('',*,*,#4745,.F.);
#7153 = CYLINDRICAL_SURFACE('',#7154,45.);
#7154 = AXIS2_PLACEMENT_3D('',#7155,#7156,#7157);
#7155 = CARTESIAN_POINT('',(44.226163511693,1.297190755028E-15,
    5.842027800973));
#7156 = DIRECTION('',(0.,1.,-2.22044604925E-16));
#7157 = DIRECTION('',(-0.5,-1.922962686384E-16,-0.866025403784));
#7158 = ADVANCED_FACE('',(#7159),#7170,.F.);
#7159 = FACE_BOUND('',#7160,.T.);
#7160 = EDGE_LOOP('',(#7161,#7162,#7163,#7169));
#7161 = ORIENTED_EDGE('',*,*,#7147,.T.);
#7162 = ORIENTED_EDGE('',*,*,#5784,.T.);
#7163 = ORIENTED_EDGE('',*,*,#7164,.F.);
#7164 = EDGE_CURVE('',#4757,#5776,#7165,.T.);
#7165 = LINE('',#7166,#7167);
#7166 = CARTESIAN_POINT('',(20.99876714377,-3.012383322938E-15,
    -13.56656841068));
#7167 = VECTOR('',#7168,1.);
#7168 = DIRECTION('',(0.,-1.,2.22044604925E-16));
#7169 = ORIENTED_EDGE('',*,*,#4756,.F.);
#7170 = CYLINDRICAL_SURFACE('',#7171,45.);
#7171 = AXIS2_PLACEMENT_3D('',#7172,#7173,#7174);
#7172 = CARTESIAN_POINT('',(-13.43306697071,-9.445735578325E-15,
    -42.53981123078));
#7173 = DIRECTION('',(0.,1.,-2.22044604925E-16));
#7174 = DIRECTION('',(-0.5,-1.922962686384E-16,-0.866025403784));
#7175 = ADVANCED_FACE('',(#7176),#7182,.T.);
#7176 = FACE_BOUND('',#7177,.F.);
#7177 = EDGE_LOOP('',(#7178,#7179,#7180,#7181));
#7178 = ORIENTED_EDGE('',*,*,#7140,.T.);
#7179 = ORIENTED_EDGE('',*,*,#5775,.T.);
#7180 = ORIENTED_EDGE('',*,*,#7164,.F.);
#7181 = ORIENTED_EDGE('',*,*,#4765,.F.);
#7182 = CYLINDRICAL_SURFACE('',#7183,25.);
#7183 = AXIS2_PLACEMENT_3D('',#7184,#7185,#7186);
#7184 = CARTESIAN_POINT('',(0.,0.,0.));
#7185 = DIRECTION('',(0.,1.,-2.22044604925E-16));
#7186 = DIRECTION('',(-0.5,-1.922962686384E-16,-0.866025403784));
#7187 = ADVANCED_FACE('',(#7188),#7204,.F.);
#7188 = FACE_BOUND('',#7189,.T.);
#7189 = EDGE_LOOP('',(#7190,#7196,#7197,#7203));
#7190 = ORIENTED_EDGE('',*,*,#7191,.T.);
#7191 = EDGE_CURVE('',#4775,#5794,#7192,.T.);
#7192 = LINE('',#7193,#7194);
#7193 = CARTESIAN_POINT('',(-17.00685940037,4.068731752665E-15,
    18.323938805174));
#7194 = VECTOR('',#7195,1.);
#7195 = DIRECTION('',(0.,-1.,2.22044604925E-16));
#7196 = ORIENTED_EDGE('',*,*,#5793,.T.);
#7197 = ORIENTED_EDGE('',*,*,#7198,.F.);
#7198 = EDGE_CURVE('',#4777,#5796,#7199,.T.);
#7199 = LINE('',#7200,#7201);
#7200 = CARTESIAN_POINT('',(-42.10932881856,5.398311204451E-15,
    24.311832328795));
#7201 = VECTOR('',#7202,1.);
#7202 = DIRECTION('',(0.,-1.,2.22044604925E-16));
#7203 = ORIENTED_EDGE('',*,*,#4774,.F.);
#7204 = CYLINDRICAL_SURFACE('',#7205,45.);
#7205 = AXIS2_PLACEMENT_3D('',#7206,#7207,#7208);
#7206 = CARTESIAN_POINT('',(-39.5609083118,-4.577660294828E-15,
    -20.61594919801));
#7207 = DIRECTION('',(0.,1.,-2.22044604925E-16));
#7208 = DIRECTION('',(0.173648177667,2.186712484447E-16,0.984807753012)
  );
#7209 = ADVANCED_FACE('',(#7210),#7221,.F.);
#7210 = FACE_BOUND('',#7211,.T.);
#7211 = EDGE_LOOP('',(#7212,#7213,#7214,#7220));
#7212 = ORIENTED_EDGE('',*,*,#7198,.T.);
#7213 = ORIENTED_EDGE('',*,*,#5813,.T.);
#7214 = ORIENTED_EDGE('',*,*,#7215,.F.);
#7215 = EDGE_CURVE('',#4786,#5805,#7216,.T.);
#7216 = LINE('',#7217,#7218);
#7217 = CARTESIAN_POINT('',(-24.37242620286,1.235989727617E-15,
    5.566402876731));
#7218 = VECTOR('',#7219,1.);
#7219 = DIRECTION('',(0.,-1.,2.22044604925E-16));
#7220 = ORIENTED_EDGE('',*,*,#4785,.F.);
#7221 = CYLINDRICAL_SURFACE('',#7222,45.);
#7222 = AXIS2_PLACEMENT_3D('',#7223,#7224,#7225);
#7223 = CARTESIAN_POINT('',(-1.926518427294,9.896245199719E-15,
    44.56872619382));
#7224 = DIRECTION('',(0.,1.,-2.22044604925E-16));
#7225 = DIRECTION('',(0.173648177667,2.186712484447E-16,0.984807753012)
  );
#7226 = ADVANCED_FACE('',(#7227),#7233,.T.);
#7227 = FACE_BOUND('',#7228,.F.);
#7228 = EDGE_LOOP('',(#7229,#7230,#7231,#7232));
#7229 = ORIENTED_EDGE('',*,*,#7191,.T.);
#7230 = ORIENTED_EDGE('',*,*,#5804,.T.);
#7231 = ORIENTED_EDGE('',*,*,#7215,.F.);
#7232 = ORIENTED_EDGE('',*,*,#4794,.F.);
#7233 = CYLINDRICAL_SURFACE('',#7234,25.);
#7234 = AXIS2_PLACEMENT_3D('',#7235,#7236,#7237);
#7235 = CARTESIAN_POINT('',(0.,0.,0.));
#7236 = DIRECTION('',(0.,1.,-2.22044604925E-16));
#7237 = DIRECTION('',(0.173648177667,2.186712484447E-16,0.984807753012)
  );
#7238 = ADVANCED_FACE('',(#7239),#7255,.F.);
#7239 = FACE_BOUND('',#7240,.T.);
#7240 = EDGE_LOOP('',(#7241,#7247,#7248,#7254));
#7241 = ORIENTED_EDGE('',*,*,#7242,.T.);
#7242 = EDGE_CURVE('',#4804,#5823,#7243,.T.);
#7243 = LINE('',#7244,#7245);
#7244 = CARTESIAN_POINT('',(24.372426202861,1.235989727617E-15,
    5.566402876731));
#7245 = VECTOR('',#7246,1.);
#7246 = DIRECTION('',(0.,-1.,2.22044604925E-16));
#7247 = ORIENTED_EDGE('',*,*,#5822,.T.);
#7248 = ORIENTED_EDGE('',*,*,#7249,.F.);
#7249 = EDGE_CURVE('',#4806,#5825,#7250,.T.);
#7250 = LINE('',#7251,#7252);
#7251 = CARTESIAN_POINT('',(42.109328818568,5.398311204451E-15,
    24.311832328795));
#7252 = VECTOR('',#7253,1.);
#7253 = DIRECTION('',(0.,-1.,2.22044604925E-16));
#7254 = ORIENTED_EDGE('',*,*,#4803,.F.);
#7255 = CYLINDRICAL_SURFACE('',#7256,45.);
#7256 = AXIS2_PLACEMENT_3D('',#7257,#7258,#7259);
#7257 = CARTESIAN_POINT('',(1.926518427294,9.896245199719E-15,
    44.56872619382));
#7258 = DIRECTION('',(0.,1.,-2.22044604925E-16));
#7259 = DIRECTION('',(0.766044443119,-1.427275208436E-16,-0.642787609687
    ));
#7260 = ADVANCED_FACE('',(#7261),#7272,.F.);
#7261 = FACE_BOUND('',#7262,.T.);
#7262 = EDGE_LOOP('',(#7263,#7264,#7265,#7271));
#7263 = ORIENTED_EDGE('',*,*,#7249,.T.);
#7264 = ORIENTED_EDGE('',*,*,#5842,.T.);
#7265 = ORIENTED_EDGE('',*,*,#7266,.F.);
#7266 = EDGE_CURVE('',#4815,#5834,#7267,.T.);
#7267 = LINE('',#7268,#7269);
#7268 = CARTESIAN_POINT('',(17.006859400379,4.068731752665E-15,
    18.323938805174));
#7269 = VECTOR('',#7270,1.);
#7270 = DIRECTION('',(0.,-1.,2.22044604925E-16));
#7271 = ORIENTED_EDGE('',*,*,#4814,.F.);
#7272 = CYLINDRICAL_SURFACE('',#7273,45.);
#7273 = AXIS2_PLACEMENT_3D('',#7274,#7275,#7276);
#7274 = CARTESIAN_POINT('',(39.560908311808,-4.577660294828E-15,
    -20.61594919801));
#7275 = DIRECTION('',(0.,1.,-2.22044604925E-16));
#7276 = DIRECTION('',(0.766044443119,-1.427275208436E-16,-0.642787609687
    ));
#7277 = ADVANCED_FACE('',(#7278),#7284,.T.);
#7278 = FACE_BOUND('',#7279,.F.);
#7279 = EDGE_LOOP('',(#7280,#7281,#7282,#7283));
#7280 = ORIENTED_EDGE('',*,*,#7242,.T.);
#7281 = ORIENTED_EDGE('',*,*,#5833,.T.);
#7282 = ORIENTED_EDGE('',*,*,#7266,.F.);
#7283 = ORIENTED_EDGE('',*,*,#4823,.F.);
#7284 = CYLINDRICAL_SURFACE('',#7285,25.);
#7285 = AXIS2_PLACEMENT_3D('',#7286,#7287,#7288);
#7286 = CARTESIAN_POINT('',(0.,0.,0.));
#7287 = DIRECTION('',(0.,1.,-2.22044604925E-16));
#7288 = DIRECTION('',(0.766044443119,-1.427275208436E-16,-0.642787609687
    ));
#7289 = ADVANCED_FACE('',(#7290),#7306,.F.);
#7290 = FACE_BOUND('',#7291,.T.);
#7291 = EDGE_LOOP('',(#7292,#7298,#7299,#7305));
#7292 = ORIENTED_EDGE('',*,*,#7293,.T.);
#7293 = EDGE_CURVE('',#4833,#5852,#7294,.T.);
#7294 = LINE('',#7295,#7296);
#7295 = CARTESIAN_POINT('',(-1.249609313946,5.544176229222E-15,24.96875)
  );
#7296 = VECTOR('',#7297,1.);
#7297 = DIRECTION('',(0.,-1.,2.22044604925E-16));
#7298 = ORIENTED_EDGE('',*,*,#5851,.T.);
#7299 = ORIENTED_EDGE('',*,*,#7300,.F.);
#7300 = EDGE_CURVE('',#4835,#5854,#7301,.T.);
#7301 = LINE('',#7302,#7303);
#7302 = CARTESIAN_POINT('',(-16.6302727552,1.014550640706E-14,
    45.691298874305));
#7303 = VECTOR('',#7304,1.);
#7304 = DIRECTION('',(0.,-1.,2.22044604925E-16));
#7305 = ORIENTED_EDGE('',*,*,#4832,.F.);
#7306 = CYLINDRICAL_SURFACE('',#7307,45.);
#7307 = AXIS2_PLACEMENT_3D('',#7308,#7309,#7310);
#7308 = CARTESIAN_POINT('',(-43.55709068341,2.139739134324E-15,
    9.636528368013));
#7309 = DIRECTION('',(0.,1.,-2.22044604925E-16));
#7310 = DIRECTION('',(0.766044443119,1.427275208436E-16,0.642787609687)
  );
#7311 = ADVANCED_FACE('',(#7312),#7323,.F.);
#7312 = FACE_BOUND('',#7313,.T.);
#7313 = EDGE_LOOP('',(#7314,#7315,#7316,#7322));
#7314 = ORIENTED_EDGE('',*,*,#7300,.T.);
#7315 = ORIENTED_EDGE('',*,*,#5871,.T.);
#7316 = ORIENTED_EDGE('',*,*,#7317,.F.);
#7317 = EDGE_CURVE('',#4844,#5863,#7318,.T.);
#7318 = LINE('',#7319,#7320);
#7319 = CARTESIAN_POINT('',(-15.09234685834,4.42543903147E-15,
    19.93040557308));
#7320 = VECTOR('',#7321,1.);
#7321 = DIRECTION('',(0.,-1.,2.22044604925E-16));
#7322 = ORIENTED_EDGE('',*,*,#4843,.F.);
#7323 = CYLINDRICAL_SURFACE('',#7324,45.);
#7324 = AXIS2_PLACEMENT_3D('',#7325,#7326,#7327);
#7325 = CARTESIAN_POINT('',(27.172426241105,7.855930841974E-15,
    35.379967212564));
#7326 = DIRECTION('',(0.,1.,-2.22044604925E-16));
#7327 = DIRECTION('',(0.766044443119,1.427275208436E-16,0.642787609687)
  );
#7328 = ADVANCED_FACE('',(#7329),#7335,.T.);
#7329 = FACE_BOUND('',#7330,.F.);
#7330 = EDGE_LOOP('',(#7331,#7332,#7333,#7334));
#7331 = ORIENTED_EDGE('',*,*,#7293,.T.);
#7332 = ORIENTED_EDGE('',*,*,#5862,.T.);
#7333 = ORIENTED_EDGE('',*,*,#7317,.F.);
#7334 = ORIENTED_EDGE('',*,*,#4852,.F.);
#7335 = CYLINDRICAL_SURFACE('',#7336,25.);
#7336 = AXIS2_PLACEMENT_3D('',#7337,#7338,#7339);
#7337 = CARTESIAN_POINT('',(0.,0.,0.));
#7338 = DIRECTION('',(0.,1.,-2.22044604925E-16));
#7339 = DIRECTION('',(0.766044443119,1.427275208436E-16,0.642787609687)
  );
#7340 = ADVANCED_FACE('',(#7341),#7357,.F.);
#7341 = FACE_BOUND('',#7342,.T.);
#7342 = EDGE_LOOP('',(#7343,#7349,#7350,#7356));
#7343 = ORIENTED_EDGE('',*,*,#7344,.T.);
#7344 = EDGE_CURVE('',#4862,#5881,#7345,.T.);
#7345 = LINE('',#7346,#7347);
#7346 = CARTESIAN_POINT('',(15.092346858343,4.42543903147E-15,
    19.93040557308));
#7347 = VECTOR('',#7348,1.);
#7348 = DIRECTION('',(0.,-1.,2.22044604925E-16));
#7349 = ORIENTED_EDGE('',*,*,#5880,.T.);
#7350 = ORIENTED_EDGE('',*,*,#7351,.F.);
#7351 = EDGE_CURVE('',#4864,#5883,#7352,.T.);
#7352 = LINE('',#7353,#7354);
#7353 = CARTESIAN_POINT('',(16.630272755208,1.014550640706E-14,
    45.691298874305));
#7354 = VECTOR('',#7355,1.);
#7355 = DIRECTION('',(0.,-1.,2.22044604925E-16));
#7356 = ORIENTED_EDGE('',*,*,#4861,.F.);
#7357 = CYLINDRICAL_SURFACE('',#7358,45.);
#7358 = AXIS2_PLACEMENT_3D('',#7359,#7360,#7361);
#7359 = CARTESIAN_POINT('',(-27.1724262411,7.855930841974E-15,
    35.379967212564));
#7360 = DIRECTION('',(0.,1.,-2.22044604925E-16));
#7361 = DIRECTION('',(1.,0.,0.));
#7362 = ADVANCED_FACE('',(#7363),#7374,.F.);
#7363 = FACE_BOUND('',#7364,.T.);
#7364 = EDGE_LOOP('',(#7365,#7366,#7367,#7373));
#7365 = ORIENTED_EDGE('',*,*,#7351,.T.);
#7366 = ORIENTED_EDGE('',*,*,#5900,.T.);
#7367 = ORIENTED_EDGE('',*,*,#7368,.F.);
#7368 = EDGE_CURVE('',#4873,#5892,#7369,.T.);
#7369 = LINE('',#7370,#7371);
#7370 = CARTESIAN_POINT('',(1.249609313946,5.544176229222E-15,24.96875)
  );
#7371 = VECTOR('',#7372,1.);
#7372 = DIRECTION('',(0.,-1.,2.22044604925E-16));
#7373 = ORIENTED_EDGE('',*,*,#4872,.F.);
#7374 = CYLINDRICAL_SURFACE('',#7375,45.);
#7375 = AXIS2_PLACEMENT_3D('',#7376,#7377,#7378);
#7376 = CARTESIAN_POINT('',(43.557090683411,2.139739134324E-15,
    9.636528368013));
#7377 = DIRECTION('',(0.,1.,-2.22044604925E-16));
#7378 = DIRECTION('',(1.,0.,0.));
#7379 = ADVANCED_FACE('',(#7380),#7386,.T.);
#7380 = FACE_BOUND('',#7381,.F.);
#7381 = EDGE_LOOP('',(#7382,#7383,#7384,#7385));
#7382 = ORIENTED_EDGE('',*,*,#7344,.T.);
#7383 = ORIENTED_EDGE('',*,*,#5891,.T.);
#7384 = ORIENTED_EDGE('',*,*,#7368,.F.);
#7385 = ORIENTED_EDGE('',*,*,#4881,.F.);
#7386 = CYLINDRICAL_SURFACE('',#7387,25.);
#7387 = AXIS2_PLACEMENT_3D('',#7388,#7389,#7390);
#7388 = CARTESIAN_POINT('',(0.,0.,0.));
#7389 = DIRECTION('',(0.,1.,-2.22044604925E-16));
#7390 = DIRECTION('',(1.,0.,0.));
#7391 = ADVANCED_FACE('',(#7392),#7408,.F.);
#7392 = FACE_BOUND('',#7393,.T.);
#7393 = EDGE_LOOP('',(#7394,#7400,#7401,#7407));
#7394 = ORIENTED_EDGE('',*,*,#7395,.T.);
#7395 = EDGE_CURVE('',#4891,#5910,#7396,.T.);
#7396 = LINE('',#7397,#7398);
#7397 = CARTESIAN_POINT('',(22.248376457716,-2.531792906283E-15,
    -11.40218158931));
#7398 = VECTOR('',#7399,1.);
#7399 = DIRECTION('',(0.,-1.,2.22044604925E-16));
#7400 = ORIENTED_EDGE('',*,*,#5909,.T.);
#7401 = ORIENTED_EDGE('',*,*,#7402,.F.);
#7402 = EDGE_CURVE('',#4893,#5912,#7403,.T.);
#7403 = LINE('',#7404,#7405);
#7404 = CARTESIAN_POINT('',(47.88496193466,-1.874813806264E-15,
    -8.443410759278));
#7405 = VECTOR('',#7406,1.);
#7406 = DIRECTION('',(0.,-1.,2.22044604925E-16));
#7407 = ORIENTED_EDGE('',*,*,#4890,.F.);
#7408 = CYLINDRICAL_SURFACE('',#7409,45.);
#7409 = AXIS2_PLACEMENT_3D('',#7410,#7411,#7412);
#7410 = CARTESIAN_POINT('',(30.124023712694,7.305996444E-15,
    32.90328286277));
#7411 = DIRECTION('',(0.,1.,-2.22044604925E-16));
#7412 = DIRECTION('',(0.173648177667,-2.186712484447E-16,-0.984807753012
    ));
#7413 = ADVANCED_FACE('',(#7414),#7425,.F.);
#7414 = FACE_BOUND('',#7415,.T.);
#7415 = EDGE_LOOP('',(#7416,#7417,#7418,#7424));
#7416 = ORIENTED_EDGE('',*,*,#7402,.T.);
#7417 = ORIENTED_EDGE('',*,*,#5929,.T.);
#7418 = ORIENTED_EDGE('',*,*,#7419,.F.);
#7419 = EDGE_CURVE('',#4902,#5921,#7420,.T.);
#7420 = LINE('',#7421,#7422);
#7421 = CARTESIAN_POINT('',(24.806410963186,6.8948247012E-16,
    3.105152995511));
#7422 = VECTOR('',#7423,1.);
#7423 = DIRECTION('',(0.,-1.,2.22044604925E-16));
#7424 = ORIENTED_EDGE('',*,*,#4901,.F.);
#7425 = CYLINDRICAL_SURFACE('',#7426,45.);
#7426 = AXIS2_PLACEMENT_3D('',#7427,#7428,#7429);
#7427 = CARTESIAN_POINT('',(17.053737270589,-9.153121597003E-15,
    -41.22199501353));
#7428 = DIRECTION('',(0.,1.,-2.22044604925E-16));
#7429 = DIRECTION('',(0.173648177667,-2.186712484447E-16,-0.984807753012
    ));
#7430 = ADVANCED_FACE('',(#7431),#7437,.T.);
#7431 = FACE_BOUND('',#7432,.F.);
#7432 = EDGE_LOOP('',(#7433,#7434,#7435,#7436));
#7433 = ORIENTED_EDGE('',*,*,#7395,.T.);
#7434 = ORIENTED_EDGE('',*,*,#5920,.T.);
#7435 = ORIENTED_EDGE('',*,*,#7419,.F.);
#7436 = ORIENTED_EDGE('',*,*,#4910,.F.);
#7437 = CYLINDRICAL_SURFACE('',#7438,25.);
#7438 = AXIS2_PLACEMENT_3D('',#7439,#7440,#7441);
#7439 = CARTESIAN_POINT('',(0.,0.,0.));
#7440 = DIRECTION('',(0.,1.,-2.22044604925E-16));
#7441 = DIRECTION('',(0.173648177667,-2.186712484447E-16,-0.984807753012
    ));
#7442 = ADVANCED_FACE('',(#7443),#7459,.F.);
#7443 = FACE_BOUND('',#7444,.T.);
#7444 = EDGE_LOOP('',(#7445,#7451,#7452,#7458));
#7445 = ORIENTED_EDGE('',*,*,#7446,.T.);
#7446 = EDGE_CURVE('',#4920,#5939,#7447,.T.);
#7447 = LINE('',#7448,#7449);
#7448 = CARTESIAN_POINT('',(-24.80641096318,6.8948247012E-16,
    3.105152995511));
#7449 = VECTOR('',#7450,1.);
#7450 = DIRECTION('',(2.465190328816E-32,-1.,2.22044604925E-16));
#7451 = ORIENTED_EDGE('',*,*,#5938,.T.);
#7452 = ORIENTED_EDGE('',*,*,#7453,.F.);
#7453 = EDGE_CURVE('',#4922,#5941,#7454,.T.);
#7454 = LINE('',#7455,#7456);
#7455 = CARTESIAN_POINT('',(-47.88496193466,-1.874813806264E-15,
    -8.443410759278));
#7456 = VECTOR('',#7457,1.);
#7457 = DIRECTION('',(2.465190328816E-32,-1.,2.22044604925E-16));
#7458 = ORIENTED_EDGE('',*,*,#4919,.F.);
#7459 = CYLINDRICAL_SURFACE('',#7460,45.);
#7460 = AXIS2_PLACEMENT_3D('',#7461,#7462,#7463);
#7461 = CARTESIAN_POINT('',(-17.05373727058,-9.153121597003E-15,
    -41.22199501353));
#7462 = DIRECTION('',(-2.465190328816E-32,1.,-2.22044604925E-16));
#7463 = DIRECTION('',(-0.5,1.922962686384E-16,0.866025403784));
#7464 = ADVANCED_FACE('',(#7465),#7476,.F.);
#7465 = FACE_BOUND('',#7466,.T.);
#7466 = EDGE_LOOP('',(#7467,#7468,#7469,#7475));
#7467 = ORIENTED_EDGE('',*,*,#7453,.T.);
#7468 = ORIENTED_EDGE('',*,*,#5958,.T.);
#7469 = ORIENTED_EDGE('',*,*,#7470,.F.);
#7470 = EDGE_CURVE('',#4931,#5950,#7471,.T.);
#7471 = LINE('',#7472,#7473);
#7472 = CARTESIAN_POINT('',(-22.24837645771,-2.531792906283E-15,
    -11.40218158931));
#7473 = VECTOR('',#7474,1.);
#7474 = DIRECTION('',(2.465190328816E-32,-1.,2.22044604925E-16));
#7475 = ORIENTED_EDGE('',*,*,#4930,.F.);
#7476 = CYLINDRICAL_SURFACE('',#7477,45.);
#7477 = AXIS2_PLACEMENT_3D('',#7478,#7479,#7480);
#7478 = CARTESIAN_POINT('',(-30.12402371269,7.305996444E-15,
    32.90328286277));
#7479 = DIRECTION('',(-2.465190328816E-32,1.,-2.22044604925E-16));
#7480 = DIRECTION('',(-0.5,1.922962686384E-16,0.866025403784));
#7481 = ADVANCED_FACE('',(#7482),#7488,.T.);
#7482 = FACE_BOUND('',#7483,.F.);
#7483 = EDGE_LOOP('',(#7484,#7485,#7486,#7487));
#7484 = ORIENTED_EDGE('',*,*,#7446,.T.);
#7485 = ORIENTED_EDGE('',*,*,#5949,.T.);
#7486 = ORIENTED_EDGE('',*,*,#7470,.F.);
#7487 = ORIENTED_EDGE('',*,*,#4939,.F.);
#7488 = CYLINDRICAL_SURFACE('',#7489,25.);
#7489 = AXIS2_PLACEMENT_3D('',#7490,#7491,#7492);
#7490 = CARTESIAN_POINT('',(0.,0.,0.));
#7491 = DIRECTION('',(-2.465190328816E-32,1.,-2.22044604925E-16));
#7492 = DIRECTION('',(-0.5,1.922962686384E-16,0.866025403784));
#7493 = ADVANCED_FACE('',(#7494),#7510,.F.);
#7494 = FACE_BOUND('',#7495,.T.);
#7495 = EDGE_LOOP('',(#7496,#7502,#7503,#7509));
#7496 = ORIENTED_EDGE('',*,*,#7497,.T.);
#7497 = EDGE_CURVE('',#4949,#5968,#7498,.T.);
#7498 = LINE('',#7499,#7500);
#7499 = CARTESIAN_POINT('',(-7.365566802483,-5.304721480283E-15,
    -23.8903416819));
#7500 = VECTOR('',#7501,1.);
#7501 = DIRECTION('',(0.,-1.,2.22044604925E-16));
#7502 = ORIENTED_EDGE('',*,*,#5967,.T.);
#7503 = ORIENTED_EDGE('',*,*,#7504,.F.);
#7504 = EDGE_CURVE('',#4951,#5970,#7505,.T.);
#7505 = LINE('',#7506,#7507);
#7506 = CARTESIAN_POINT('',(3.552713678801E-15,-1.07966224089E-14,
    -48.62366465758));
#7507 = VECTOR('',#7508,1.);
#7508 = DIRECTION('',(0.,-1.,2.22044604925E-16));
#7509 = ORIENTED_EDGE('',*,*,#4948,.F.);
#7510 = CYLINDRICAL_SURFACE('',#7511,45.);
#7511 = AXIS2_PLACEMENT_3D('',#7512,#7513,#7514);
#7512 = CARTESIAN_POINT('',(37.634389884514,-5.318584904891E-15,
    -23.9527769958));
#7513 = DIRECTION('',(0.,1.,-2.22044604925E-16));
#7514 = DIRECTION('',(-0.939692620786,-7.594372760115E-17,
    -0.342020143326));
#7515 = ADVANCED_FACE('',(#7516),#7527,.F.);
#7516 = FACE_BOUND('',#7517,.T.);
#7517 = EDGE_LOOP('',(#7518,#7519,#7520,#7526));
#7518 = ORIENTED_EDGE('',*,*,#7504,.T.);
#7519 = ORIENTED_EDGE('',*,*,#5987,.T.);
#7520 = ORIENTED_EDGE('',*,*,#7521,.F.);
#7521 = EDGE_CURVE('',#4960,#5979,#7522,.T.);
#7522 = LINE('',#7523,#7524);
#7523 = CARTESIAN_POINT('',(7.365566802483,-5.304721480283E-15,
    -23.8903416819));
#7524 = VECTOR('',#7525,1.);
#7525 = DIRECTION('',(0.,-1.,2.22044604925E-16));
#7526 = ORIENTED_EDGE('',*,*,#4959,.F.);
#7527 = CYLINDRICAL_SURFACE('',#7528,45.);
#7528 = AXIS2_PLACEMENT_3D('',#7529,#7530,#7531);
#7529 = CARTESIAN_POINT('',(-37.63438988451,-5.318584904891E-15,
    -23.9527769958));
#7530 = DIRECTION('',(0.,1.,-2.22044604925E-16));
#7531 = DIRECTION('',(-0.939692620786,-7.594372760115E-17,
    -0.342020143326));
#7532 = ADVANCED_FACE('',(#7533),#7539,.T.);
#7533 = FACE_BOUND('',#7534,.F.);
#7534 = EDGE_LOOP('',(#7535,#7536,#7537,#7538));
#7535 = ORIENTED_EDGE('',*,*,#7497,.T.);
#7536 = ORIENTED_EDGE('',*,*,#5978,.T.);
#7537 = ORIENTED_EDGE('',*,*,#7521,.F.);
#7538 = ORIENTED_EDGE('',*,*,#4968,.F.);
#7539 = CYLINDRICAL_SURFACE('',#7540,25.);
#7540 = AXIS2_PLACEMENT_3D('',#7541,#7542,#7543);
#7541 = CARTESIAN_POINT('',(0.,0.,0.));
#7542 = DIRECTION('',(0.,1.,-2.22044604925E-16));
#7543 = DIRECTION('',(-0.939692620786,-7.594372760115E-17,
    -0.342020143326));
#7544 = ( GEOMETRIC_REPRESENTATION_CONTEXT(3) 
GLOBAL_UNCERTAINTY_ASSIGNED_CONTEXT((#7548)) 
GLOBAL_UNIT_ASSIGNED_CONTEXT((#7545,#7546,#7547)) REPRESENTATION_CONTEXT
('Context #1','3D Context with UNIT and UNCERTAINTY') );
#7545 = ( LENGTH_UNIT() NAMED_UNIT(*) SI_UNIT(.MILLI.,.METRE.) );
#7546 = ( NAMED_UNIT(*) PLANE_ANGLE_UNIT() SI_UNIT($,.RADIAN.) );
#7547 = ( NAMED_UNIT(*) SI_UNIT($,.STERADIAN.) SOLID_ANGLE_UNIT() );
#7548 = UNCERTAINTY_MEASURE_WITH_UNIT(LENGTH_MEASURE(2.E-07),#7545,
  'distance_accuracy_value','confusion accuracy');
#7549 = CONTEXT_DEPENDENT_SHAPE_REPRESENTATION(#7550,#7552);
#7550 = ( REPRESENTATION_RELATIONSHIP('','',#3849,#10) 
REPRESENTATION_RELATIONSHIP_WITH_TRANSFORMATION(#7551) 
SHAPE_REPRESENTATION_RELATIONSHIP() );
#7551 = ITEM_DEFINED_TRANSFORMATION('','',#11,#23);
#7552 = PRODUCT_DEFINITION_SHAPE('Placement','Placement of an item',
  #7553);
#7553 = NEXT_ASSEMBLY_USAGE_OCCURRENCE('3','Body','',#5,#3844,$);
#7554 = PRODUCT_RELATED_PRODUCT_CATEGORY('part',$,(#3846));
#7555 = MECHANICAL_DESIGN_GEOMETRIC_PRESENTATION_REPRESENTATION('',(
    #7556,#7567,#7576),#608);
#7556 = STYLED_ITEM('color',(#7557),#41);
#7557 = PRESENTATION_STYLE_ASSIGNMENT((#7558,#7564));
#7558 = SURFACE_STYLE_USAGE(.BOTH.,#7559);
#7559 = SURFACE_SIDE_STYLE('',(#7560));
#7560 = SURFACE_STYLE_FILL_AREA(#7561);
#7561 = FILL_AREA_STYLE('',(#7562));
#7562 = FILL_AREA_STYLE_COLOUR('',#7563);
#7563 = COLOUR_RGB('',0.447058818107,0.474509808674,0.501960817233);
#7564 = CURVE_STYLE('',#7565,POSITIVE_LENGTH_MEASURE(0.1),#7566);
#7565 = DRAUGHTING_PRE_DEFINED_CURVE_FONT('continuous');
#7566 = COLOUR_RGB('',9.803921802644E-02,9.803921802644E-02,
  9.803921802644E-02);
#7567 = STYLED_ITEM('color',(#7568),#230);
#7568 = PRESENTATION_STYLE_ASSIGNMENT((#7569,#7574));
#7569 = SURFACE_STYLE_USAGE(.BOTH.,#7570);
#7570 = SURFACE_SIDE_STYLE('',(#7571));
#7571 = SURFACE_STYLE_FILL_AREA(#7572);
#7572 = FILL_AREA_STYLE('',(#7573));
#7573 = FILL_AREA_STYLE_COLOUR('',#7563);
#7574 = CURVE_STYLE('',#7575,POSITIVE_LENGTH_MEASURE(0.1),#7566);
#7575 = DRAUGHTING_PRE_DEFINED_CURVE_FONT('continuous');
#7576 = STYLED_ITEM('color',(#7577),#419);
#7577 = PRESENTATION_STYLE_ASSIGNMENT((#7578,#7583));
#7578 = SURFACE_STYLE_USAGE(.BOTH.,#7579);
#7579 = SURFACE_SIDE_STYLE('',(#7580));
#7580 = SURFACE_STYLE_FILL_AREA(#7581);
#7581 = FILL_AREA_STYLE('',(#7582));
#7582 = FILL_AREA_STYLE_COLOUR('',#7563);
#7583 = CURVE_STYLE('',#7584,POSITIVE_LENGTH_MEASURE(0.1),#7566);
#7584 = DRAUGHTING_PRE_DEFINED_CURVE_FONT('continuous');
#7585 = MECHANICAL_DESIGN_GEOMETRIC_PRESENTATION_REPRESENTATION('',(
    #7586,#7595,#7604,#7613,#7622,#7631,#7640,#7649,#7658),#3831);
#7586 = STYLED_ITEM('color',(#7587),#627);
#7587 = PRESENTATION_STYLE_ASSIGNMENT((#7588,#7593));
#7588 = SURFACE_STYLE_USAGE(.BOTH.,#7589);
#7589 = SURFACE_SIDE_STYLE('',(#7590));
#7590 = SURFACE_STYLE_FILL_AREA(#7591);
#7591 = FILL_AREA_STYLE('',(#7592));
#7592 = FILL_AREA_STYLE_COLOUR('',#7563);
#7593 = CURVE_STYLE('',#7594,POSITIVE_LENGTH_MEASURE(0.1),#7566);
#7594 = DRAUGHTING_PRE_DEFINED_CURVE_FONT('continuous');
#7595 = STYLED_ITEM('color',(#7596),#983);
#7596 = PRESENTATION_STYLE_ASSIGNMENT((#7597,#7602));
#7597 = SURFACE_STYLE_USAGE(.BOTH.,#7598);
#7598 = SURFACE_SIDE_STYLE('',(#7599));
#7599 = SURFACE_STYLE_FILL_AREA(#7600);
#7600 = FILL_AREA_STYLE('',(#7601));
#7601 = FILL_AREA_STYLE_COLOUR('',#7563);
#7602 = CURVE_STYLE('',#7603,POSITIVE_LENGTH_MEASURE(0.1),#7566);
#7603 = DRAUGHTING_PRE_DEFINED_CURVE_FONT('continuous');
#7604 = STYLED_ITEM('color',(#7605),#1339);
#7605 = PRESENTATION_STYLE_ASSIGNMENT((#7606,#7611));
#7606 = SURFACE_STYLE_USAGE(.BOTH.,#7607);
#7607 = SURFACE_SIDE_STYLE('',(#7608));
#7608 = SURFACE_STYLE_FILL_AREA(#7609);
#7609 = FILL_AREA_STYLE('',(#7610));
#7610 = FILL_AREA_STYLE_COLOUR('',#7563);
#7611 = CURVE_STYLE('',#7612,POSITIVE_LENGTH_MEASURE(0.1),#7566);
#7612 = DRAUGHTING_PRE_DEFINED_CURVE_FONT('continuous');
#7613 = STYLED_ITEM('color',(#7614),#1695);
#7614 = PRESENTATION_STYLE_ASSIGNMENT((#7615,#7620));
#7615 = SURFACE_STYLE_USAGE(.BOTH.,#7616);
#7616 = SURFACE_SIDE_STYLE('',(#7617));
#7617 = SURFACE_STYLE_FILL_AREA(#7618);
#7618 = FILL_AREA_STYLE('',(#7619));
#7619 = FILL_AREA_STYLE_COLOUR('',#7563);
#7620 = CURVE_STYLE('',#7621,POSITIVE_LENGTH_MEASURE(0.1),#7566);
#7621 = DRAUGHTING_PRE_DEFINED_CURVE_FONT('continuous');
#7622 = STYLED_ITEM('color',(#7623),#2051);
#7623 = PRESENTATION_STYLE_ASSIGNMENT((#7624,#7629));
#7624 = SURFACE_STYLE_USAGE(.BOTH.,#7625);
#7625 = SURFACE_SIDE_STYLE('',(#7626));
#7626 = SURFACE_STYLE_FILL_AREA(#7627);
#7627 = FILL_AREA_STYLE('',(#7628));
#7628 = FILL_AREA_STYLE_COLOUR('',#7563);
#7629 = CURVE_STYLE('',#7630,POSITIVE_LENGTH_MEASURE(0.1),#7566);
#7630 = DRAUGHTING_PRE_DEFINED_CURVE_FONT('continuous');
#7631 = STYLED_ITEM('color',(#7632),#2407);
#7632 = PRESENTATION_STYLE_ASSIGNMENT((#7633,#7638));
#7633 = SURFACE_STYLE_USAGE(.BOTH.,#7634);
#7634 = SURFACE_SIDE_STYLE('',(#7635));
#7635 = SURFACE_STYLE_FILL_AREA(#7636);
#7636 = FILL_AREA_STYLE('',(#7637));
#7637 = FILL_AREA_STYLE_COLOUR('',#7563);
#7638 = CURVE_STYLE('',#7639,POSITIVE_LENGTH_MEASURE(0.1),#7566);
#7639 = DRAUGHTING_PRE_DEFINED_CURVE_FONT('continuous');
#7640 = STYLED_ITEM('color',(#7641),#2763);
#7641 = PRESENTATION_STYLE_ASSIGNMENT((#7642,#7647));
#7642 = SURFACE_STYLE_USAGE(.BOTH.,#7643);
#7643 = SURFACE_SIDE_STYLE('',(#7644));
#7644 = SURFACE_STYLE_FILL_AREA(#7645);
#7645 = FILL_AREA_STYLE('',(#7646));
#7646 = FILL_AREA_STYLE_COLOUR('',#7563);
#7647 = CURVE_STYLE('',#7648,POSITIVE_LENGTH_MEASURE(0.1),#7566);
#7648 = DRAUGHTING_PRE_DEFINED_CURVE_FONT('continuous');
#7649 = STYLED_ITEM('color',(#7650),#3119);
#7650 = PRESENTATION_STYLE_ASSIGNMENT((#7651,#7656));
#7651 = SURFACE_STYLE_USAGE(.BOTH.,#7652);
#7652 = SURFACE_SIDE_STYLE('',(#7653));
#7653 = SURFACE_STYLE_FILL_AREA(#7654);
#7654 = FILL_AREA_STYLE('',(#7655));
#7655 = FILL_AREA_STYLE_COLOUR('',#7563);
#7656 = CURVE_STYLE('',#7657,POSITIVE_LENGTH_MEASURE(0.1),#7566);
#7657 = DRAUGHTING_PRE_DEFINED_CURVE_FONT('continuous');
#7658 = STYLED_ITEM('color',(#7659),#3475);
#7659 = PRESENTATION_STYLE_ASSIGNMENT((#7660,#7665));
#7660 = SURFACE_STYLE_USAGE(.BOTH.,#7661);
#7661 = SURFACE_SIDE_STYLE('',(#7662));
#7662 = SURFACE_STYLE_FILL_AREA(#7663);
#7663 = FILL_AREA_STYLE('',(#7664));
#7664 = FILL_AREA_STYLE_COLOUR('',#7563);
#7665 = CURVE_STYLE('',#7666,POSITIVE_LENGTH_MEASURE(0.1),#7566);
#7666 = DRAUGHTING_PRE_DEFINED_CURVE_FONT('continuous');
#7667 = MECHANICAL_DESIGN_GEOMETRIC_PRESENTATION_REPRESENTATION('',(
    #7668),#7544);
#7668 = STYLED_ITEM('color',(#7669),#3850);
#7669 = PRESENTATION_STYLE_ASSIGNMENT((#7670,#7675));
#7670 = SURFACE_STYLE_USAGE(.BOTH.,#7671);
#7671 = SURFACE_SIDE_STYLE('',(#7672));
#7672 = SURFACE_STYLE_FILL_AREA(#7673);
#7673 = FILL_AREA_STYLE('',(#7674));
#7674 = FILL_AREA_STYLE_COLOUR('',#7563);
#7675 = CURVE_STYLE('',#7676,POSITIVE_LENGTH_MEASURE(0.1),#7566);
#7676 = DRAUGHTING_PRE_DEFINED_CURVE_FONT('continuous');
ENDSEC;
END-ISO-10303-21;
